bringing up nodes...
bringing up nodes...

........................................................................ [  2%]
........................................................................ [  4%]
.........................................................sss...s..s..... [  6%]
.............s......ss.....................................s....ss...... [  8%]
........................................................................ [ 10%]
........................................................................ [ 12%]
........................................................................ [ 14%]
.....................ssss..............s................................ [ 16%]
........................................................................ [ 18%]
........................................................................ [ 20%]
............sssss....................................................... [ 22%]
.......................s...........................E..E...E.......E..... [ 25%]
...................................E........E.........................EE [ 27%]
.....E..F..E................E...............F..........s................ [ 29%]
........................................................................ [ 31%]
........................................................................ [ 33%]
.....................................F.................................. [ 35%]
......F............................................................s.... [ 37%]
........................................................................ [ 39%]
...............................................s........................ [ 41%]
.........F.............................................................. [ 43%]
................................................F....................... [ 45%]
..............................F........................................s [ 48%]
........F..s.........F.................F................................ [ 50%]
...s.....Fx.......................s..........F...............s.......... [ 52%]
................................x...............................x......s [ 54%]
.....................................................s.................. [ 56%]
....s.............................................s..........s....s..... [ 58%]
......s..s..................s...s............ssss.s...................Fatal Python error: Aborted

Thread 0x000014af6afb2740 (most recent call first):
  File "/global/scratch/fsa/fc_jevons/ligon/mirrors/LSMS_Library/.venv/lib/python3.11/site-packages/pyarrow/parquet/core.py", line 1552 in read
  File "/global/scratch/fsa/fc_jevons/ligon/mirrors/LSMS_Library/.venv/lib/python3.11/site-packages/pyarrow/parquet/core.py", line 1926 in read_table
  File "/global/scratch/fsa/fc_jevons/ligon/mirrors/LSMS_Library/.venv/lib/python3.11/site-packages/pandas/io/parquet.py", line 260 in read
  File "/global/scratch/fsa/fc_jevons/ligon/mirrors/LSMS_Library/.venv/lib/python3.11/site-packages/pandas/io/parquet.py", line 671 in read_parquet
  File "/global/scratch/fsa/fc_jevons/ligon/mirrors/LSMS_Library/lsms_library/local_tools.py", line 1299 in read_file
  File "/global/scratch/fsa/fc_jevons/ligon/mirrors/LSMS_Library/lsms_library/local_tools.py", line 1354 in get_dataframe
  File "/global/scratch/fsa/fc_jevons/ligon/mirrors/LSMS_Library/lsms_library/country.py", line 3602 in run_make_target
  File "/global/scratch/fsa/fc_jevons/ligon/mirrors/LSMS_Library/lsms_library/country.py", line 3646 in build_wave
  File Fatal Python error: "Aborted/global/scratch/fsa/fc_jevons/ligon/mirrors/LSMS_Library/lsms_library/_parallel_waves.py

", line 458 in _build_captured
  File "/global/scratch/fsa/fc_jevons/ligon/mirrors/LSMS_Library/lsms_library/_parallel_waves.py"Thread 0x, line 476000014f41c0d1740 in  (most recent call first):
<dictcomp>
  File   File "/global/scratch/fsa/fc_jevons/ligon/mirrors/LSMS_Library/lsms_library/_parallel_waves.py", line 476 in _run_group
  File "/global/software/rocky-8.x86_64/python-3.11.6/._python-3.11.6/zxbhdko4pyfbffp3rebfywqstwyqctut/python/3.11.6-gcc/lib/python3.11/concurrent/futures/process.py""/global/scratch/fsa/fc_jevons/ligon/mirrors/LSMS_Library/.venv/lib/python3.11/site-packages/pyarrow/parquet/core.py", line 261 in _process_worker
  File ", line /global/software/rocky-8.x86_64/python-3.11.6/._python-3.11.6/zxbhdko4pyfbffp3rebfywqstwyqctut/python/3.11.6-gcc/lib/python3.11/multiprocessing/process.py1552" in , line read108
 in   File run"
/global/scratch/fsa/fc_jevons/ligon/mirrors/LSMS_Library/.venv/lib/python3.11/site-packages/pyarrow/parquet/core.py  File ""/global/software/rocky-8.x86_64/python-3.11.6/._python-3.11.6/zxbhdko4pyfbffp3rebfywqstwyqctut/python/3.11.6-gcc/lib/python3.11/multiprocessing/process.py", line 1926, line  in 314read_table in 
_bootstrap  File 
  File "/global/software/rocky-8.x86_64/python-3.11.6/._python-3.11.6/zxbhdko4pyfbffp3rebfywqstwyqctut/python/3.11.6-gcc/lib/python3.11/multiprocessing/popen_fork.py", line 71" in /global/scratch/fsa/fc_jevons/ligon/mirrors/LSMS_Library/.venv/lib/python3.11/site-packages/pandas/io/parquet.py_launch"
  File "/global/software/rocky-8.x86_64/python-3.11.6/._python-3.11.6/zxbhdko4pyfbffp3rebfywqstwyqctut/python/3.11.6-gcc/lib/python3.11/multiprocessing/popen_fork.py, line "260, line  in 19read in 
__init__  File 
"  File /global/scratch/fsa/fc_jevons/ligon/mirrors/LSMS_Library/.venv/lib/python3.11/site-packages/pandas/io/parquet.py""/global/software/rocky-8.x86_64/python-3.11.6/._python-3.11.6/zxbhdko4pyfbffp3rebfywqstwyqctut/python/3.11.6-gcc/lib/python3.11/multiprocessing/context.py, line "671, line  in 281read_parquet in 
_Popen  File 
"  File /global/scratch/fsa/fc_jevons/ligon/mirrors/LSMS_Library/lsms_library/local_tools.py""/global/software/rocky-8.x86_64/python-3.11.6/._python-3.11.6/zxbhdko4pyfbffp3rebfywqstwyqctut/python/3.11.6-gcc/lib/python3.11/multiprocessing/process.py", line , line 1299121 in  in read_filestart

  File   File ""/global/scratch/fsa/fc_jevons/ligon/mirrors/LSMS_Library/lsms_library/local_tools.py/global/software/rocky-8.x86_64/python-3.11.6/._python-3.11.6/zxbhdko4pyfbffp3rebfywqstwyqctut/python/3.11.6-gcc/lib/python3.11/concurrent/futures/process.py"", line , line 1354785 in  in get_dataframe_spawn_process

  File   File ""/global/scratch/fsa/fc_jevons/ligon/mirrors/LSMS_Library/lsms_library/country.py/global/software/rocky-8.x86_64/python-3.11.6/._python-3.11.6/zxbhdko4pyfbffp3rebfywqstwyqctut/python/3.11.6-gcc/lib/python3.11/concurrent/futures/process.py"", line 775, line  in 3602_launch_processes in 
run_make_target  File 
"  File /global/software/rocky-8.x86_64/python-3.11.6/._python-3.11.6/zxbhdko4pyfbffp3rebfywqstwyqctut/python/3.11.6-gcc/lib/python3.11/concurrent/futures/process.py""/global/scratch/fsa/fc_jevons/ligon/mirrors/LSMS_Library/lsms_library/country.py, line "748, line  in 3646_start_executor_manager_thread in 
build_wave  File 
"  File /global/software/rocky-8.x86_64/python-3.11.6/._python-3.11.6/zxbhdko4pyfbffp3rebfywqstwyqctut/python/3.11.6-gcc/lib/python3.11/concurrent/futures/process.py""/global/scratch/fsa/fc_jevons/ligon/mirrors/LSMS_Library/lsms_library/_parallel_waves.py", line 809 in submit
  File "/global/scratch/fsa/fc_jevons/ligon/mirrors/LSMS_Library/lsms_library/_parallel_waves.py", line , line 458580 in  in _build_captured<listcomp>

  File   File ""/global/scratch/fsa/fc_jevons/ligon/mirrors/LSMS_Library/lsms_library/_parallel_waves.py/global/scratch/fsa/fc_jevons/ligon/mirrors/LSMS_Library/lsms_library/_parallel_waves.py"", line 476 in , line <dictcomp>580
 in   File prebuild"
/global/scratch/fsa/fc_jevons/ligon/mirrors/LSMS_Library/lsms_library/_parallel_waves.py  File "", line /global/scratch/fsa/fc_jevons/ligon/mirrors/LSMS_Library/lsms_library/country.py476" in _run_group, line 
3683  File  in "load_from_waves
  File "/global/scratch/fsa/fc_jevons/ligon/mirrors/LSMS_Library/lsms_library/country.py", line 3912/global/software/rocky-8.x86_64/python-3.11.6/._python-3.11.6/zxbhdko4pyfbffp3rebfywqstwyqctut/python/3.11.6-gcc/lib/python3.11/concurrent/futures/process.py in "load_dataframe_with_dvc, line 
261  File  in "_process_worker/global/scratch/fsa/fc_jevons/ligon/mirrors/LSMS_Library/lsms_library/country.py
"  File , line "4085/global/software/rocky-8.x86_64/python-3.11.6/._python-3.11.6/zxbhdko4pyfbffp3rebfywqstwyqctut/python/3.11.6-gcc/lib/python3.11/multiprocessing/process.py in "load_with_dvc_cache, line 
108  File  in "run/global/scratch/fsa/fc_jevons/ligon/mirrors/LSMS_Library/lsms_library/country.py
"  File "/global/software/rocky-8.x86_64/python-3.11.6/._python-3.11.6/zxbhdko4pyfbffp3rebfywqstwyqctut/python/3.11.6-gcc/lib/python3.11/multiprocessing/process.py, line "4102 in _aggregate_wave_data, line 
314  File  in "_bootstrap/global/scratch/fsa/fc_jevons/ligon/mirrors/LSMS_Library/lsms_library/country.py
"  File "/global/software/rocky-8.x86_64/python-3.11.6/._python-3.11.6/zxbhdko4pyfbffp3rebfywqstwyqctut/python/3.11.6-gcc/lib/python3.11/multiprocessing/popen_fork.py", line , line 714653 in  in method
  File "/global/scratch/fsa/fc_jevons/ligon/mirrors/LSMS_Library/tests/test_sample.py"_launch
, line   File 126" in /global/software/rocky-8.x86_64/python-3.11.6/._python-3.11.6/zxbhdko4pyfbffp3rebfywqstwyqctut/python/3.11.6-gcc/lib/python3.11/multiprocessing/popen_fork.py_get_sample"
, line   File 19" in /global/scratch/fsa/fc_jevons/ligon/mirrors/LSMS_Library/tests/test_sample.py__init__"
, line   File 144" in /global/software/rocky-8.x86_64/python-3.11.6/._python-3.11.6/zxbhdko4pyfbffp3rebfywqstwyqctut/python/3.11.6-gcc/lib/python3.11/multiprocessing/context.pysample_df"
, line   File 281 in "_Popen/global/scratch/fsa/fc_jevons/ligon/mirrors/LSMS_Library/.venv/lib/python3.11/site-packages/_pytest/fixtures.py
"  File ", line /global/software/rocky-8.x86_64/python-3.11.6/._python-3.11.6/zxbhdko4pyfbffp3rebfywqstwyqctut/python/3.11.6-gcc/lib/python3.11/multiprocessing/process.py930" in , line call_fixture_func121
 in   File start"
/global/scratch/fsa/fc_jevons/ligon/mirrors/LSMS_Library/.venv/lib/python3.11/site-packages/_pytest/fixtures.py  File ""/global/software/rocky-8.x86_64/python-3.11.6/._python-3.11.6/zxbhdko4pyfbffp3rebfywqstwyqctut/python/3.11.6-gcc/lib/python3.11/concurrent/futures/process.py, line "1196, line  in 785pytest_fixture_setup in 
_spawn_process  File 
"  File /global/scratch/fsa/fc_jevons/ligon/mirrors/LSMS_Library/.venv/lib/python3.11/site-packages/pluggy/_callers.py""/global/software/rocky-8.x86_64/python-3.11.6/._python-3.11.6/zxbhdko4pyfbffp3rebfywqstwyqctut/python/3.11.6-gcc/lib/python3.11/concurrent/futures/process.py", line , line 121775 in  in _multicall_launch_processes

  File   File ""/global/scratch/fsa/fc_jevons/ligon/mirrors/LSMS_Library/.venv/lib/python3.11/site-packages/pluggy/_manager.py/global/software/rocky-8.x86_64/python-3.11.6/._python-3.11.6/zxbhdko4pyfbffp3rebfywqstwyqctut/python/3.11.6-gcc/lib/python3.11/concurrent/futures/process.py"", line , line 120748 in  in _hookexec_start_executor_manager_thread

  File   File ""/global/scratch/fsa/fc_jevons/ligon/mirrors/LSMS_Library/.venv/lib/python3.11/site-packages/pluggy/_hooks.py/global/software/rocky-8.x86_64/python-3.11.6/._python-3.11.6/zxbhdko4pyfbffp3rebfywqstwyqctut/python/3.11.6-gcc/lib/python3.11/concurrent/futures/process.py"", line , line 512809 in  in __call__submit

  File   File ""/global/scratch/fsa/fc_jevons/ligon/mirrors/LSMS_Library/.venv/lib/python3.11/site-packages/_pytest/fixtures.py/global/scratch/fsa/fc_jevons/ligon/mirrors/LSMS_Library/lsms_library/_parallel_waves.py"", line , line 1128580 in  in execute<listcomp>

  File   File ""/global/scratch/fsa/fc_jevons/ligon/mirrors/LSMS_Library/.venv/lib/python3.11/site-packages/_pytest/fixtures.py/global/scratch/fsa/fc_jevons/ligon/mirrors/LSMS_Library/lsms_library/_parallel_waves.py"", line , line 640580 in  in _get_active_fixturedefprebuild

  File   File ""/global/scratch/fsa/fc_jevons/ligon/mirrors/LSMS_Library/.venv/lib/python3.11/site-packages/_pytest/fixtures.py/global/scratch/fsa/fc_jevons/ligon/mirrors/LSMS_Library/lsms_library/country.py"", line 549, line  in 3683getfixturevalue in 
load_from_waves  File 
"  File /global/scratch/fsa/fc_jevons/ligon/mirrors/LSMS_Library/.venv/lib/python3.11/site-packages/_pytest/fixtures.py""/global/scratch/fsa/fc_jevons/ligon/mirrors/LSMS_Library/lsms_library/country.py, line "720 in _fillfixtures, line 
3912  File  in "load_dataframe_with_dvc/global/scratch/fsa/fc_jevons/ligon/mirrors/LSMS_Library/.venv/lib/python3.11/site-packages/_pytest/python.py
"  File , line "1674/global/scratch/fsa/fc_jevons/ligon/mirrors/LSMS_Library/lsms_library/country.py in "setup, line 
4085  File  in "load_with_dvc_cache/global/scratch/fsa/fc_jevons/ligon/mirrors/LSMS_Library/.venv/lib/python3.11/site-packages/_pytest/runner.py
"  File , line "514/global/scratch/fsa/fc_jevons/ligon/mirrors/LSMS_Library/lsms_library/country.py in "setup
  File , line "4102/global/scratch/fsa/fc_jevons/ligon/mirrors/LSMS_Library/.venv/lib/python3.11/site-packages/_pytest/runner.py in "_aggregate_wave_data, line 
164  File  in "pytest_runtest_setup/global/scratch/fsa/fc_jevons/ligon/mirrors/LSMS_Library/lsms_library/country.py
"  File "/global/scratch/fsa/fc_jevons/ligon/mirrors/LSMS_Library/.venv/lib/python3.11/site-packages/pluggy/_callers.py", line , line 4653121 in  in method_multicall

  File   File ""/global/scratch/fsa/fc_jevons/ligon/mirrors/LSMS_Library/tests/test_sample.py/global/scratch/fsa/fc_jevons/ligon/mirrors/LSMS_Library/.venv/lib/python3.11/site-packages/pluggy/_manager.py"", line , line 120126 in  in _hookexec_get_sample

  File   File ""/global/scratch/fsa/fc_jevons/ligon/mirrors/LSMS_Library/.venv/lib/python3.11/site-packages/pluggy/_hooks.py/global/scratch/fsa/fc_jevons/ligon/mirrors/LSMS_Library/tests/test_sample.py"", line , line 512144 in  in __call__sample_df

  File   File "/global/scratch/fsa/fc_jevons/ligon/mirrors/LSMS_Library/.venv/lib/python3.11/site-packages/_pytest/runner.py", line 246 in <lambda>
.  File ""/global/scratch/fsa/fc_jevons/ligon/mirrors/LSMS_Library/.venv/lib/python3.11/site-packages/_pytest/fixtures.py/global/scratch/fsa/fc_jevons/ligon/mirrors/LSMS_Library/.venv/lib/python3.11/site-packages/_pytest/runner.py"", line 344 in from_call
  File "/global/scratch/fsa/fc_jevons/ligon/mirrors/LSMS_Library/.venv/lib/python3.11/site-packages/_pytest/runner.py, line "930 in , line call_fixture_func245
 in   File call_and_report"
/global/scratch/fsa/fc_jevons/ligon/mirrors/LSMS_Library/.venv/lib/python3.11/site-packages/_pytest/fixtures.py  File ""/global/scratch/fsa/fc_jevons/ligon/mirrors/LSMS_Library/.venv/lib/python3.11/site-packages/_pytest/runner.py, line "1196, line  in 130pytest_fixture_setup in 
runtestprotocol  File 
  File "/global/scratch/fsa/fc_jevons/ligon/mirrors/LSMS_Library/.venv/lib/python3.11/site-packages/_pytest/runner.py", line 117" in /global/scratch/fsa/fc_jevons/ligon/mirrors/LSMS_Library/.venv/lib/python3.11/site-packages/pluggy/_callers.pypytest_runtest_protocol"
  File , line "121/global/scratch/fsa/fc_jevons/ligon/mirrors/LSMS_Library/.venv/lib/python3.11/site-packages/pluggy/_callers.py in "_multicall
, line   File 121" in /global/scratch/fsa/fc_jevons/ligon/mirrors/LSMS_Library/.venv/lib/python3.11/site-packages/pluggy/_manager.py_multicall"
, line   File 120" in /global/scratch/fsa/fc_jevons/ligon/mirrors/LSMS_Library/.venv/lib/python3.11/site-packages/pluggy/_manager.py_hookexec"
, line   File 120" in /global/scratch/fsa/fc_jevons/ligon/mirrors/LSMS_Library/.venv/lib/python3.11/site-packages/pluggy/_hooks.py_hookexec"
  File "/global/scratch/fsa/fc_jevons/ligon/mirrors/LSMS_Library/.venv/lib/python3.11/site-packages/pluggy/_hooks.py", line , line 512512 in  in __call____call__

  File   File ""/global/scratch/fsa/fc_jevons/ligon/mirrors/LSMS_Library/.venv/lib/python3.11/site-packages/xdist/remote.py/global/scratch/fsa/fc_jevons/ligon/mirrors/LSMS_Library/.venv/lib/python3.11/site-packages/_pytest/fixtures.py"", line 227, line  in 1128run_one_test in 
execute  File 
"  File /global/scratch/fsa/fc_jevons/ligon/mirrors/LSMS_Library/.venv/lib/python3.11/site-packages/xdist/remote.py""/global/scratch/fsa/fc_jevons/ligon/mirrors/LSMS_Library/.venv/lib/python3.11/site-packages/_pytest/fixtures.py, line "206 in , line pytest_runtestloop640
 in   File _get_active_fixturedef"
/global/scratch/fsa/fc_jevons/ligon/mirrors/LSMS_Library/.venv/lib/python3.11/site-packages/pluggy/_callers.py  File "", line /global/scratch/fsa/fc_jevons/ligon/mirrors/LSMS_Library/.venv/lib/python3.11/site-packages/_pytest/fixtures.py121" in , line _multicall549
 in   File getfixturevalue"
/global/scratch/fsa/fc_jevons/ligon/mirrors/LSMS_Library/.venv/lib/python3.11/site-packages/pluggy/_manager.py  File "", line /global/scratch/fsa/fc_jevons/ligon/mirrors/LSMS_Library/.venv/lib/python3.11/site-packages/_pytest/fixtures.py120" in , line _hookexec720
 in   File _fillfixtures"
/global/scratch/fsa/fc_jevons/ligon/mirrors/LSMS_Library/.venv/lib/python3.11/site-packages/pluggy/_hooks.py  File "", line /global/scratch/fsa/fc_jevons/ligon/mirrors/LSMS_Library/.venv/lib/python3.11/site-packages/_pytest/python.py512" in , line __call__1674
 in   File setup"
/global/scratch/fsa/fc_jevons/ligon/mirrors/LSMS_Library/.venv/lib/python3.11/site-packages/_pytest/main.py  File "", line /global/scratch/fsa/fc_jevons/ligon/mirrors/LSMS_Library/.venv/lib/python3.11/site-packages/_pytest/runner.py343" in , line _main514
 in   File setup
"  File /global/scratch/fsa/fc_jevons/ligon/mirrors/LSMS_Library/.venv/lib/python3.11/site-packages/_pytest/main.py""/global/scratch/fsa/fc_jevons/ligon/mirrors/LSMS_Library/.venv/lib/python3.11/site-packages/_pytest/runner.py, line "289, line  in 164wrap_session in 
pytest_runtest_setup  File 
"  File /global/scratch/fsa/fc_jevons/ligon/mirrors/LSMS_Library/.venv/lib/python3.11/site-packages/_pytest/main.py""/global/scratch/fsa/fc_jevons/ligon/mirrors/LSMS_Library/.venv/lib/python3.11/site-packages/pluggy/_callers.py, line "336 in , line pytest_cmdline_main121
 in   File _multicall"
/global/scratch/fsa/fc_jevons/ligon/mirrors/LSMS_Library/.venv/lib/python3.11/site-packages/pluggy/_callers.py  File "", line /global/scratch/fsa/fc_jevons/ligon/mirrors/LSMS_Library/.venv/lib/python3.11/site-packages/pluggy/_manager.py121" in , line _multicall120
 in   File _hookexec"
/global/scratch/fsa/fc_jevons/ligon/mirrors/LSMS_Library/.venv/lib/python3.11/site-packages/pluggy/_manager.py  File "", line /global/scratch/fsa/fc_jevons/ligon/mirrors/LSMS_Library/.venv/lib/python3.11/site-packages/pluggy/_hooks.py120" in , line _hookexec512
 in   File __call__"
/global/scratch/fsa/fc_jevons/ligon/mirrors/LSMS_Library/.venv/lib/python3.11/site-packages/pluggy/_hooks.py  File "", line /global/scratch/fsa/fc_jevons/ligon/mirrors/LSMS_Library/.venv/lib/python3.11/site-packages/_pytest/runner.py512" in , line __call__246
 in   File <lambda>
"  File /global/scratch/fsa/fc_jevons/ligon/mirrors/LSMS_Library/.venv/lib/python3.11/site-packages/xdist/remote.py""/global/scratch/fsa/fc_jevons/ligon/mirrors/LSMS_Library/.venv/lib/python3.11/site-packages/_pytest/runner.py", line 344, line  in 427from_call in 
<module>  File 
"  File /global/scratch/fsa/fc_jevons/ligon/mirrors/LSMS_Library/.venv/lib/python3.11/site-packages/_pytest/runner.py"", line /global/scratch/fsa/fc_jevons/ligon/mirrors/LSMS_Library/.venv/lib/python3.11/site-packages/execnet/gateway_base.py245" in , line call_and_report1291
 in   File executetask"
/global/scratch/fsa/fc_jevons/ligon/mirrors/LSMS_Library/.venv/lib/python3.11/site-packages/_pytest/runner.py  File "", line /global/scratch/fsa/fc_jevons/ligon/mirrors/LSMS_Library/.venv/lib/python3.11/site-packages/execnet/gateway_base.py130" in , line runtestprotocol341
 in   File run"
/global/scratch/fsa/fc_jevons/ligon/mirrors/LSMS_Library/.venv/lib/python3.11/site-packages/_pytest/runner.py  File "", line /global/scratch/fsa/fc_jevons/ligon/mirrors/LSMS_Library/.venv/lib/python3.11/site-packages/execnet/gateway_base.py117" in , line pytest_runtest_protocol411
 in   File _perform_spawn"
/global/scratch/fsa/fc_jevons/ligon/mirrors/LSMS_Library/.venv/lib/python3.11/site-packages/pluggy/_callers.py  File "", line /global/scratch/fsa/fc_jevons/ligon/mirrors/LSMS_Library/.venv/lib/python3.11/site-packages/execnet/gateway_base.py121" in , line _multicall389
 in   File integrate_as_primary_thread"
/global/scratch/fsa/fc_jevons/ligon/mirrors/LSMS_Library/.venv/lib/python3.11/site-packages/pluggy/_manager.py  File "", line /global/scratch/fsa/fc_jevons/ligon/mirrors/LSMS_Library/.venv/lib/python3.11/site-packages/execnet/gateway_base.py120" in _hookexec, line 
1273  File  in "serve/global/scratch/fsa/fc_jevons/ligon/mirrors/LSMS_Library/.venv/lib/python3.11/site-packages/pluggy/_hooks.py
"  File , line "512/global/scratch/fsa/fc_jevons/ligon/mirrors/LSMS_Library/.venv/lib/python3.11/site-packages/execnet/gateway_base.py in "__call__, line 
1806  File  in "serve/global/scratch/fsa/fc_jevons/ligon/mirrors/LSMS_Library/.venv/lib/python3.11/site-packages/xdist/remote.py
"  File ", line <string>227" in , line run_one_test8
 in   File <module>"
/global/scratch/fsa/fc_jevons/ligon/mirrors/LSMS_Library/.venv/lib/python3.11/site-packages/xdist/remote.py  File "<string>", line 1 in <module>

Extension modules: yaml._yaml, numpy._core._multiarray_umath, numpy.linalg._umath_linalg, pyarrow.lib, numpy.random._common, numpy.random.bit_generator, numpy.random._bounded_integers, numpy.random._pcg64, numpy.random._generator, numpy.random._mt19937, numpy.random._philox, numpy.random._sfc64, numpy.random.mtrand, _cyutility, pandas._libs._cyutility, pandas._libs.tslibs.ccalendar, pandas._libs.tslibs.np_datetime, pandas._libs.tslibs.dtypes, pandas._libs.tslibs.base, pandas._libs.tslibs.nattype, pandas._libs.tslibs.timezones, pandas._libs.properties, pandas._libs.tslibs.fields, pandas._libs.tslibs.timedeltas, pandas._libs.tslibs.tzconversion, pandas._libs.tslibs.timestamps, pandas._libs.tslibs.offsets, pandas._libs.tslibs.strptime, pandas._libs.tslibs.parsing, pandas._libs.tslibs.conversion, pandas._libs.tslibs.period, pandas._libs.tslibs.vectorized, pandas._libs.ops_dispatch, pandas._libs.missing, pandas._libs.hashtable, pandas._libs.algos, pandas._libs.interval, pandas._libs.lib, pyarrow._compute, pandas._libs.ops, pandas._libs.hashing, pandas._libs.arrays, pandas._libs.tslib, pandas._libs.sparse, pandas._libs.internals, pandas._libs.indexing, pandas._libs.index, pandas._libs.writers, pandas._libs.join, pandas._libs.window.aggregations, pandas._libs.window.indexers, pandas._libs.reshape, pandas._libs.groupby, pandas._libs.json, pandas._libs.parsers, pandas._libs.testing, _cffi_backend, chardet.models, chardet.pipeline.ascii, chardet.pipeline.confusion, chardet.pipeline.escape, chardet.pipeline.magic, chardet.pipeline.statistical, chardet.pipeline.structural, chardet.pipeline.utf8, chardet.pipeline.utf1632, chardet.pipeline.validity, chardet.pipeline.orchestrator, charset_normalizer.md, charset_normalizer.cd, requests.packages.chardet.models, requests.packages.chardet.pipeline.ascii, requests.packages.chardet.pipeline.confusion, requests.packages.chardet.pipeline.escape, requests.packages.chardet.pipeline.magic, requests.packages.chardet.pipeline.statistical, requests.packages.chardet.pipeline.structural, requests.packages.chardet.pipeline.utf8, requests.packages.chardet.pipeline.utf1632, requests.packages.chardet.pipeline.validity, requests.packages.chardet.pipeline.orchestrator, rapidfuzz._feature_detector_cpp, rapidfuzz.distance._initialize_cpp, rapidfuzz.distance.metrics_cpp_avx2, rapidfuzz.fuzz_cpp_avx2, rapidfuzz.process_cpp_impl, rapidfuzz.utils_cpp, pyreadstat._readstat_parser, pyreadstat._readstat_writer, pyreadstat.pyreadstat, zstandard.backend_c, psutil._psutil_linux, scipy._cyutility, scipy._lib._ccallback_c, scipy.linalg._fblas, scipy.linalg._flapack, scipy.linalg.cython_lapack, scipy.linalg._cythonized_array_utils, scipy.linalg._solve_toeplitz, scipy.linalg._batched_linalg, scipy.linalg._decomp_lu_cython, scipy.linalg._matfuncs_schur_sqrtm, scipy.linalg._matfuncs_expm, scipy.linalg._linalg_pythran, scipy.linalg.cython_blas, scipy.linalg._decomp_update, scipy.sparse._sparsetools, _csparsetools, scipy.sparse._csparsetools, scipy.sparse.linalg._dsolve._superlu, scipy.sparse.linalg._eigen.arpack._arpacklib, scipy.sparse.linalg._propack, scipy.optimize._group_columns, scipy._lib.messagestream, scipy.optimize._trlib._trlib, scipy.optimize._lbfgsb, _moduleTNC, scipy.optimize._moduleTNC, scipy.optimize._slsqplib, scipy.optimize._minpack, scipy.optimize._lsq.givens_elimination, scipy.optimize._zeros, scipy._lib._uarray._uarray, scipy.special._ufuncs_cxx, scipy.special._ellip_harm_2, scipy.special._special_ufuncs, scipy.special._gufuncs, scipy.special._ufuncs, scipy.special._specfun, scipy.special._comb, scipy.linalg._decomp_interpolative, scipy.optimize._bglu_dense, scipy.optimize._lsap, scipy.spatial._ckdtree, scipy.spatial._qhull, scipy.spatial._voronoi, scipy.spatial._hausdorff, scipy.spatial._distance_wrap, scipy.spatial.transform._rotation_cy, scipy.spatial.transform._rigid_transform_cy, scipy.optimize._direct, PIL._imaging, kiwisolver._cext, scipy.integrate._odepack, scipy.integrate._quadpack, scipy.integrate._vode, scipy.integrate._dop, scipy.interpolate._fitpack, scipy.interpolate._dfitpack, scipy.interpolate._dierckx, scipy.interpolate._ppoly, scipy.interpolate._interpnd, scipy.interpolate._rbfinterp_pythran, scipy.interpolate._rgi_cython, scipy.special.cython_special, scipy.stats._stats, scipy.stats._biasedurn, scipy.stats._stats_pythran, scipy.stats._levy_stable.levyst, scipy.stats._ansari_swilk_statistics, scipy.sparse.csgraph._tools, scipy.sparse.csgraph._shortest_path, scipy.sparse.csgraph._traversal, scipy.sparse.csgraph._min_spanning_tree, scipy.sparse.csgraph._flow, scipy.sparse.csgraph._matching, scipy.sparse.csgraph._reordering, scipy.stats._sobol, scipy.stats._qmc_cy, scipy.stats._rcont.rcont, scipy.stats._qmvnt_cy, scipy.ndimage._nd_image, scipy.ndimage._rank_filter_1d, _ni_label, scipy.ndimage._ni_label, sklearn.__check_build._check_build, sklearn._cyutility, sklearn.utils._isfinite, sklearn.utils.sparsefuncs_fast, sklearn.utils.murmurhash, sklearn.utils._openmp_helpers, sklearn.metrics.cluster._expected_mutual_info_fast, ", line 206 in pytest_runtestloop
  File "/global/scratch/fsa/fc_jevons/ligon/mirrors/LSMS_Library/.venv/lib/python3.11/site-packages/pluggy/_callers.py", line 121 in _multicall
  File "/global/scratch/fsa/fc_jevons/ligon/mirrors/LSMS_Library/.venv/lib/python3.11/site-packages/pluggy/_manager.py", line 120 in _hookexec
  File "/global/scratch/fsa/fc_jevons/ligon/mirrors/LSMS_Library/.venv/lib/python3.11/site-packages/pluggy/_hooks.py", line 512 in __call__
  File "/global/scratch/fsa/fc_jevons/ligon/mirrors/LSMS_Library/.venv/lib/python3.11/site-packages/_pytest/main.py", line 343 in _main
  File "/global/scratch/fsa/fc_jevons/ligon/mirrors/LSMS_Library/.venv/lib/python3.11/site-packages/_pytest/main.py", line 289 in wrap_session
  File "/global/scratch/fsa/fc_jevons/ligon/mirrors/LSMS_Library/.venv/lib/python3.11/site-packages/_pytest/main.py", line 336 in pytest_cmdline_main
  File "/global/scratch/fsa/fc_jevons/ligon/mirrors/LSMS_Library/.venv/lib/python3.11/site-packages/pluggy/_callers.py", line 121 in _multicall
  File "/global/scratch/fsa/fc_jevons/ligon/mirrors/LSMS_Library/.venv/lib/python3.11/site-packages/pluggy/_manager.py", line 120 in _hookexec
  File "/global/scratch/fsa/fc_jevons/ligon/mirrors/LSMS_Library/.venv/lib/python3.11/site-packages/pluggy/_hooks.py", line 512 in __call__
  File "/global/scratch/fsa/fc_jevons/ligon/mirrors/LSMS_Library/.venv/lib/python3.11/site-packages/xdist/remote.py", line 427 in <module>
  File "/global/scratch/fsa/fc_jevons/ligon/mirrors/LSMS_Library/.venv/lib/python3.11/site-packages/execnet/gateway_base.py", line 1291 in executetask
  File "/global/scratch/fsa/fc_jevons/ligon/mirrors/LSMS_Library/.venv/lib/python3.11/site-packages/execnet/gateway_base.py", line 341 in run
  File "/global/scratch/fsa/fc_jevons/ligon/mirrors/LSMS_Library/.venv/lib/python3.11/site-packages/execnet/gateway_base.py", line 411 in _perform_spawn
  File "/global/scratch/fsa/fc_jevons/ligon/mirrors/LSMS_Library/.venv/lib/python3.11/site-packages/execnet/gateway_base.py", line 389 in integrate_as_primary_thread
  File "/global/scratch/fsa/fc_jevons/ligon/mirrors/LSMS_Library/.venv/lib/python3.11/site-packages/execnet/gateway_base.py", line 1273 in serve
  File "/global/scratch/fsa/fc_jevons/ligon/mirrors/LSMS_Library/.venv/lib/python3.11/site-packages/execnet/gateway_base.py", line 1806 in serve
  File "<string>", line 8 in <module>
  File "<string>", line 1 in <module>

Extension modules: yaml._yaml, numpy._core._multiarray_umath, numpy.linalg._umath_linalg, pyarrow.lib, numpy.random._common, numpy.random.bit_generator, numpy.random._bounded_integers, numpy.random._pcg64, numpy.random._generator, numpy.random._mt19937, numpy.random._philox, numpy.random._sfc64, numpy.random.mtrand, _cyutility, pandas._libs._cyutility, pandas._libs.tslibs.ccalendar, pandas._libs.tslibs.np_datetime, pandas._libs.tslibs.dtypes, pandas._libs.tslibs.base, pandas._libs.tslibs.nattype, pandas._libs.tslibs.timezones, pandas._libs.properties, pandas._libs.tslibs.fields, pandas._libs.tslibs.timedeltas, pandas._libs.tslibs.tzconversion, pandas._libs.tslibs.timestamps, pandas._libs.tslibs.offsets, pandas._libs.tslibs.strptime, pandas._libs.tslibs.parsing, pandas._libs.tslibs.conversion, pandas._libs.tslibs.period, pandas._libs.tslibs.vectorized, pandas._libs.ops_dispatch, pandas._libs.missing, pandas._libs.hashtable, pandas._libs.algos, pandas._libs.interval, pandas._libs.lib, pyarrow._compute, pandas._libs.ops, pandas._libs.hashing, pandas._libs.arrays, pandas._libs.tslib, pandas._libs.sparse, pandas._libs.internals, pandas._libs.indexing, pandas._libs.index, pandas._libs.writers, pandas._libs.join, pandas._libs.window.aggregations, pandas._libs.window.indexers, pandas._libs.reshape, pandas._libs.groupby, pandas._libs.json, pandas._libs.parsers, pandas._libs.testing, _cffi_backendsklearn.metrics._dist_metrics, sklearn.metrics._pairwise_distances_reduction._datasets_pair, sklearn.utils._cython_blas, sklearn.metrics._pairwise_distances_reduction._base, sklearn.metrics._pairwise_distances_reduction._middle_term_computer, sklearn.utils._heap, sklearn.utils._sorting, sklearn.metrics._pairwise_distances_reduction._argkmin, sklearn.metrics._pairwise_distances_reduction._argkmin_classmode, sklearn.utils._vector_sentinel, sklearn.metrics._pairwise_distances_reduction._radius_neighbors, sklearn.metrics._pairwise_distances_reduction._radius_neighbors_classmode, sklearn.metrics._pairwise_fast, sklearn.preprocessing._csr_polynomial_expansion, sklearn.preprocessing._target_encoder_fast, sklearn.utils._random, sklearn.utils._fast_dict, sklearn.cluster._hierarchical_fast, sklearn.cluster._k_means_common, sklearn.cluster._k_means_elkan, sklearn.cluster._k_means_lloyd, sklearn.cluster._k_means_minibatch, sklearn.cluster._dbscan_inner, sklearn.neighbors._partition_nodes, sklearn.neighbors._ball_tree, sklearn.neighbors._kd_tree, sklearn.utils.arrayfuncs, sklearn.utils._seq_dataset, sklearn.linear_model._cd_fast, _loss, sklearn._loss._loss, sklearn.linear_model._sag_fast, sklearn.svm._liblinear, sklearn.svm._libsvm, sklearn.svm._libsvm_sparse, sklearn.utils._weight_vector, sklearn.linear_model._sgd_fast, sklearn.decomposition._online_lda_fast, sklearn.decomposition._cdnmf_fast, sklearn.cluster._hdbscan._tree, sklearn.cluster._hdbscan._linkage, sklearn.cluster._hdbscan._reachability, sklearn._isotonic, sklearn.tree._utils, sklearn.tree._tree, sklearn.tree._partitioner, sklearn.tree._splitter, sklearn.tree._criterion, sklearn.neighbors._quad_tree, sklearn.manifold._barnes_hut_tsne, sklearn.manifold._utils, pyarrow._parquet, pyarrow._fs, pyarrow._azurefs, pyarrow._hdfs, pyarrow._gcsfs, pyarrow._s3fs, pyarrow._acero, pyarrow._csv, pyarrow._json, pyarrow._substrait, pyarrow._dataset, pyarrow._dataset_orc, pyarrow._parquet_encryption, pyarrow._dataset_parquet_encryption, pyarrow._dataset_parquet (total: 248)
, chardet.models, chardet.pipeline.ascii, chardet.pipeline.confusion, chardet.pipeline.escape, chardet.pipeline.magic, chardet.pipeline.statistical, chardet.pipeline.structural, chardet.pipeline.utf8, chardet.pipeline.utf1632, chardet.pipeline.validity, chardet.pipeline.orchestrator, charset_normalizer.md, charset_normalizer.cd, requests.packages.chardet.models, requests.packages.chardet.pipeline.ascii, requests.packages.chardet.pipeline.confusion, requests.packages.chardet.pipeline.escape, requests.packages.chardet.pipeline.magic, requests.packages.chardet.pipeline.statistical, requests.packages.chardet.pipeline.structural, requests.packages.chardet.pipeline.utf8, requests.packages.chardet.pipeline.utf1632, requests.packages.chardet.pipeline.validity, requests.packages.chardet.pipeline.orchestrator, rapidfuzz._feature_detector_cpp, rapidfuzz.distance._initialize_cpp, rapidfuzz.distance.metrics_cpp_avx2, rapidfuzz.fuzz_cpp_avx2, rapidfuzz.process_cpp_impl, rapidfuzz.utils_cpp, pyreadstat._readstat_parser, pyreadstat._readstat_writer, pyreadstat.pyreadstat, zstandard.backend_c, psutil._psutil_linux, scipy._cyutility, scipy._lib._ccallback_c, scipy.linalg._fblas, scipy.linalg._flapack, scipy.linalg.cython_lapack, scipy.linalg._cythonized_array_utils, scipy.linalg._solve_toeplitz, scipy.linalg._batched_linalg, scipy.linalg._decomp_lu_cython, scipy.linalg._matfuncs_schur_sqrtm, scipy.linalg._matfuncs_expm, scipy.linalg._linalg_pythran, scipy.linalg.cython_blas, scipy.linalg._decomp_update, scipy.sparse._sparsetools, _csparsetools, scipy.sparse._csparsetools, scipy.sparse.linalg._dsolve._superlu, scipy.sparse.linalg._eigen.arpack._arpacklib, scipy.sparse.linalg._propack, scipy.optimize._group_columns, scipy._lib.messagestream, scipy.optimize._trlib._trlib, scipy.optimize._lbfgsb, _moduleTNC, scipy.optimize._moduleTNC, scipy.optimize._slsqplib, scipy.optimize._minpack, scipy.optimize._lsq.givens_elimination, scipy.optimize._zeros, scipy._lib._uarray._uarray, scipy.special._ufuncs_cxx, scipy.special._ellip_harm_2, scipy.special._special_ufuncs, scipy.special._gufuncs, scipy.special._ufuncs, scipy.special._specfun, scipy.special._comb, scipy.linalg._decomp_interpolative, scipy.optimize._bglu_dense, scipy.optimize._lsap, scipy.spatial._ckdtree, scipy.spatial._qhull, scipy.spatial._voronoi, scipy.spatial._hausdorff, scipy.spatial._distance_wrap, scipy.spatial.transform._rotation_cy, scipy.spatial.transform._rigid_transform_cy, scipy.optimize._direct, PIL._imaging, kiwisolver._cext, scipy.integrate._odepack, scipy.integrate._quadpack, scipy.integrate._vode, scipy.integrate._dop, scipy.interpolate._fitpack, scipy.interpolate._dfitpack, scipy.interpolate._dierckx, scipy.interpolate._ppoly, scipy.interpolate._interpnd, scipy.interpolate._rbfinterp_pythran, scipy.interpolate._rgi_cython, scipy.special.cython_special, scipy.stats._stats, scipy.stats._biasedurn, scipy.stats._stats_pythran, scipy.stats._levy_stable.levyst, scipy.stats._ansari_swilk_statistics, scipy.sparse.csgraph._tools, scipy.sparse.csgraph._shortest_path, scipy.sparse.csgraph._traversal, scipy.sparse.csgraph._min_spanning_tree, scipy.sparse.csgraph._flow, scipy.sparse.csgraph._matching, scipy.sparse.csgraph._reordering, scipy.stats._sobol, scipy.stats._qmc_cy, scipy.stats._rcont.rcont, scipy.stats._qmvnt_cy, scipy.ndimage._nd_image, scipy.ndimage._rank_filter_1d, _ni_label, scipy.ndimage._ni_label, sklearn.__check_build._check_build, sklearn._cyutility, sklearn.utils._isfinite, sklearn.utils.sparsefuncs_fast, sklearn.utils.murmurhash, sklearn.utils._openmp_helpers, sklearn.metrics.cluster._expected_mutual_info_fast, sklearn.metrics._dist_metrics, sklearn.metrics._pairwise_distances_reduction._datasets_pair, sklearn.utils._cython_blas, sklearn.metrics._pairwise_distances_reduction._base, sklearn.metrics._pairwise_distances_reduction._middle_term_computer, sklearn.utils._heap, sklearn.utils._sorting, sklearn.metrics._pairwise_distances_reduction._argkmin, sklearn.metrics._pairwise_distances_reduction._argkmin_classmode, sklearn.utils._vector_sentinel, sklearn.metrics._pairwise_distances_reduction._radius_neighbors, sklearn.metrics._pairwise_distances_reduction._radius_neighbors_classmode, sklearn.metrics._pairwise_fast, sklearn.preprocessing._csr_polynomial_expansion, sklearn.preprocessing._target_encoder_fast, sklearn.utils._random, sklearn.utils._fast_dict, sklearn.cluster._hierarchical_fast, sklearn.cluster._k_means_common, sklearn.cluster._k_means_elkan, sklearn.cluster._k_means_lloyd, sklearn.cluster._k_means_minibatch, sklearn.cluster._dbscan_inner, sklearn.neighbors._partition_nodes, sklearn.neighbors._ball_tree, sklearn.neighbors._kd_tree, sklearn.utils.arrayfuncs, sklearn.utils._seq_dataset, sklearn.linear_model._cd_fast, _loss, sklearn._loss._loss, sklearn.linear_model._sag_fast, sklearn.svm._liblinear, sklearn.svm._libsvm, sklearn.svm._libsvm_sparse, sklearn.utils._weight_vector, sklearn.linear_model._sgd_fast, sklearn.decomposition._online_lda_fast, sklearn.decomposition._cdnmf_fast, sklearn.cluster._hdbscan._tree, sklearn.cluster._hdbscan._linkage, sklearn.cluster._hdbscan._reachability, sklearn._isotonic, sklearn.tree._utils, sklearn.tree._tree, sklearn.tree._partitioner, sklearn.tree._splitter, sklearn.tree._criterion, sklearn.neighbors._quad_tree, sklearn.manifold._barnes_hut_tsne, sklearn.manifold._utils, pyarrow._parquet, pyarrow._fs, pyarrow._azurefs, pyarrow._hdfs, pyarrow._gcsfs, pyarrow._s3fs, pyarrow._acero, pyarrow._csv, pyarrow._json, pyarrow._substrait, pyarrow._dataset, pyarrow._dataset_orc, pyarrow._parquet_encryption, pyarrow._dataset_parquet_encryption, pyarrow._dataset_parquet (total: 248)
. [ 60%]
s.ss..s....F.......s..s.s.....sss........s..ss.s.................s...s.s [ 62%]
s....s.s..s....s............s.s.s...s.ss.ss..s..ssssssssssss....ssss.sss [ 64%]
..sssss..s.s..ss.ss.s........................s..s..s...s.....s.......... [ 66%]
..s.s................................................................... [ 68%]
........................................................F............... [ 71%]
........................................................................ [ 73%]
...............................................ssssss................... [ 75%]
.ss............................sFatal Python error: Aborted

Thread 0x000014954db14740 (most recent call first):
  File "/global/scratch/fsa/fc_jevons/ligon/mirrors/LSMS_Library/.venv/lib/python3.11/site-packages/pyarrow/parquet/core.py", line 1552 in read
  File "/global/scratch/fsa/fc_jevons/ligon/mirrors/LSMS_Library/.venv/lib/python3.11/site-packages/pyarrow/parquet/core.py", line 1926 in read_table
  File "/global/scratch/fsa/fc_jevons/ligon/mirrors/LSMS_Library/.venv/lib/python3.11/site-packages/pandas/io/parquet.py", line 260 in read
  File "/global/scratch/fsa/fc_jevons/ligon/mirrors/LSMS_Library/.venv/lib/python3.11/site-packages/pandas/io/parquet.py", line 671 in read_parquet
  File "/global/scratch/fsa/fc_jevons/ligon/mirrors/LSMS_Library/lsms_library/country.py", line 1627 in grab_data
  File "/global/scratch/fsa/fc_jevons/ligon/mirrors/LSMS_Library/lsms_library/country.py", line 1730 in food_acquired
  File "/global/scratch/fsa/fc_jevons/ligon/mirrors/LSMS_Library/lsms_library/country.py", line 3636 in build_wave
  File "/global/scratch/fsa/fc_jevons/ligon/mirrors/LSMS_Library/lsms_library/_parallel_waves.py", line 458 in _build_captured
  File "/global/scratch/fsa/fc_jevons/ligon/mirrors/LSMS_Library/lsms_library/_parallel_waves.py", line 476 in <dictcomp>
  File "/global/scratch/fsa/fc_jevons/ligon/mirrors/LSMS_Library/lsms_library/_parallel_waves.py", line 476 in _run_group
  File "/global/software/rocky-8.x86_64/python-3.11.6/._python-3.11.6/zxbhdko4pyfbffp3rebfywqstwyqctut/python/3.11.6-gcc/lib/python3.11/concurrent/futures/process.py", line 261 in _process_worker
  File "/global/software/rocky-8.x86_64/python-3.11.6/._python-3.11.6/zxbhdko4pyfbffp3rebfywqstwyqctut/python/3.11.6-gcc/lib/python3.11/multiprocessing/process.py", line 108 in run
  File "/global/software/rocky-8.x86_64/python-3.11.6/._python-3.11.6/zxbhdko4pyfbffp3rebfywqstwyqctut/python/3.11.6-gcc/lib/python3.11/multiprocessing/process.py", line 314 in _bootstrap
  File "/global/software/rocky-8.x86_64/python-3.11.6/._python-3.11.6/zxbhdko4pyfbffp3rebfywqstwyqctut/python/3.11.6-gcc/lib/python3.11/multiprocessing/popen_fork.py", line 71 in _launch
  File "/global/software/rocky-8.x86_64/python-3.11.6/._python-3.11.6/zxbhdko4pyfbffp3rebfywqstwyqctut/python/3.11.6-gcc/lib/python3.11/multiprocessing/popen_fork.py", line 19 in __init__
  File "/global/software/rocky-8.x86_64/python-3.11.6/._python-3.11.6/zxbhdko4pyfbffp3rebfywqstwyqctut/python/3.11.6-gcc/lib/python3.11/multiprocessing/context.py", line 281 in _Popen
  File "/global/software/rocky-8.x86_64/python-3.11.6/._python-3.11.6/zxbhdko4pyfbffp3rebfywqstwyqctut/python/3.11.6-gcc/lib/python3.11/multiprocessing/process.py", line 121 in start
  File "/global/software/rocky-8.x86_64/python-3.11.6/._python-3.11.6/zxbhdko4pyfbffp3rebfywqstwyqctut/python/3.11.6-gcc/lib/python3.11/concurrent/futures/process.py", line 785 in _spawn_process
  File "/global/software/rocky-8.x86_64/python-3.11.6/._python-3.11.6/zxbhdko4pyfbffp3rebfywqstwyqctut/python/3.11.6-gcc/lib/python3.11/concurrent/futures/process.py", line 775 in _launch_processes
  File "/global/software/rocky-8.x86_64/python-3.11.6/._python-3.11.6/zxbhdko4pyfbffp3rebfywqstwyqctut/python/3.11.6-gcc/lib/python3.11/concurrent/futures/process.py", line 748 in _start_executor_manager_thread
  File "/global/software/rocky-8.x86_64/python-3.11.6/._python-3.11.6/zxbhdko4pyfbffp3rebfywqstwyqctut/python/3.11.6-gcc/lib/python3.11/concurrent/futures/process.py", line 809 in submit
  File "/global/scratch/fsa/fc_jevons/ligon/mirrors/LSMS_Library/lsms_library/_parallel_waves.py", line 580 in <listcomp>
  File "/global/scratch/fsa/fc_jevons/ligon/mirrors/LSMS_Library/lsms_library/_parallel_waves.py", line 580 in prebuild
  File "/global/scratch/fsa/fc_jevons/ligon/mirrors/LSMS_Library/lsms_library/country.py", line 3683 in load_from_waves
  File "/global/scratch/fsa/fc_jevons/ligon/mirrors/LSMS_Library/lsms_library/country.py", line 3912 in load_dataframe_with_dvc
  File "/global/scratch/fsa/fc_jevons/ligon/mirrors/LSMS_Library/lsms_library/country.py", line 4085 in load_with_dvc_cache
  File "/global/scratch/fsa/fc_jevons/ligon/mirrors/LSMS_Library/lsms_library/country.py", line 4102 in _aggregate_wave_data
  File "/global/scratch/fsa/fc_jevons/ligon/mirrors/LSMS_Library/lsms_library/country.py", line 4542 in method
  File "/global/scratch/fsa/fc_jevons/ligon/mirrors/LSMS_Library/lsms_library/feature.py", line 601 in __call__
  File "/global/scratch/fsa/fc_jevons/ligon/mirrors/LSMS_Library/tests/test_own_production_valuation.py", line 521 in test_single_country_feature_keeps_the_tallies
  File "/global/scratch/fsa/fc_jevons/ligon/mirrors/LSMS_Library/.venv/lib/python3.11/site-packages/_pytest/python.py", line 157 in pytest_pyfunc_call
  File "/global/scratch/fsa/fc_jevons/ligon/mirrors/LSMS_Library/.venv/lib/python3.11/site-packages/pluggy/_callers.py", line 121 in _multicall
  File "/global/scratch/fsa/fc_jevons/ligon/mirrors/LSMS_Library/.venv/lib/python3.11/site-packages/pluggy/_manager.py", line 120 in _hookexec
  File "/global/scratch/fsa/fc_jevons/ligon/mirrors/LSMS_Library/.venv/lib/python3.11/site-packages/pluggy/_hooks.py", line 512 in __call__
  File "/global/scratch/fsa/fc_jevons/ligon/mirrors/LSMS_Library/.venv/lib/python3.11/site-packages/_pytest/python.py", line 1671 in runtest
  File "/global/scratch/fsa/fc_jevons/ligon/mirrors/LSMS_Library/.venv/lib/python3.11/site-packages/_pytest/runner.py", line 178 in pytest_runtest_call
  File "/global/scratch/fsa/fc_jevons/ligon/mirrors/LSMS_Library/.venv/lib/python3.11/site-packages/pluggy/_callers.py", line 121 in _multicall
  File "/global/scratch/fsa/fc_jevons/ligon/mirrors/LSMS_Library/.venv/lib/python3.11/site-packages/pluggy/_manager.py", line 120 in _hookexec
  File "/global/scratch/fsa/fc_jevons/ligon/mirrors/LSMS_Library/.venv/lib/python3.11/site-packages/pluggy/_hooks.py", line 512 in __call__
  File "/global/scratch/fsa/fc_jevons/ligon/mirrors/LSMS_Library/.venv/lib/python3.11/site-packages/_pytest/runner.py", line 246 in <lambda>
  File "/global/scratch/fsa/fc_jevons/ligon/mirrors/LSMS_Library/.venv/lib/python3.11/site-packages/_pytest/runner.py", line 344 in from_call
  File "/global/scratch/fsa/fc_jevons/ligon/mirrors/LSMS_Library/.venv/lib/python3.11/site-packages/_pytest/runner.py", line 245 in call_and_report
  File "/global/scratch/fsa/fc_jevons/ligon/mirrors/LSMS_Library/.venv/lib/python3.11/site-packages/_pytest/runner.py", line 136 in runtestprotocol
  File "/global/scratch/fsa/fc_jevons/ligon/mirrors/LSMS_Library/.venv/lib/python3.11/site-packages/_pytest/runner.py", line 117 in pytest_runtest_protocol
  File "/global/scratch/fsa/fc_jevons/ligon/mirrors/LSMS_Library/.venv/lib/python3.11/site-packages/pluggy/_callers.py", line 121 in _multicall
  File "/global/scratch/fsa/fc_jevons/ligon/mirrors/LSMS_Library/.venv/lib/python3.11/site-packages/pluggy/_manager.py", line 120 in _hookexec
  File "/global/scratch/fsa/fc_jevons/ligon/mirrors/LSMS_Library/.venv/lib/python3.11/site-packages/pluggy/_hooks.py", line 512 in __call__
  File "/global/scratch/fsa/fc_jevons/ligon/mirrors/LSMS_Library/.venv/lib/python3.11/site-packages/xdist/remote.py", line 227 in run_one_test
  File "/global/scratch/fsa/fc_jevons/ligon/mirrors/LSMS_Library/.venv/lib/python3.11/site-packages/xdist/remote.py", line 206 in pytest_runtestloop
  File "/global/scratch/fsa/fc_jevons/ligon/mirrors/LSMS_Library/.venv/lib/python3.11/site-packages/pluggy/_callers.py", line 121 in _multicall
  File "/global/scratch/fsa/fc_jevons/ligon/mirrors/LSMS_Library/.venv/lib/python3.11/site-packages/pluggy/_manager.py", line 120 in _hookexec
  File "/global/scratch/fsa/fc_jevons/ligon/mirrors/LSMS_Library/.venv/lib/python3.11/site-packages/pluggy/_hooks.py", line 512 in __call__
  File "/global/scratch/fsa/fc_jevons/ligon/mirrors/LSMS_Library/.venv/lib/python3.11/site-packages/_pytest/main.py", line 343 in _main
  File "/global/scratch/fsa/fc_jevons/ligon/mirrors/LSMS_Library/.venv/lib/python3.11/site-packages/_pytest/main.py", line 289 in wrap_session
  File "/global/scratch/fsa/fc_jevons/ligon/mirrors/LSMS_Library/.venv/lib/python3.11/site-packages/_pytest/main.py", line 336 in pytest_cmdline_main
  File "/global/scratch/fsa/fc_jevons/ligon/mirrors/LSMS_Library/.venv/lib/python3.11/site-packages/pluggy/_callers.py", line 121 in _multicall
  File "/global/scratch/fsa/fc_jevons/ligon/mirrors/LSMS_Library/.venv/lib/python3.11/site-packages/pluggy/_manager.py", line 120 in _hookexec
  File "/global/scratch/fsa/fc_jevons/ligon/mirrors/LSMS_Library/.venv/lib/python3.11/site-packages/pluggy/_hooks.py", line 512 in __call__
  File "/global/scratch/fsa/fc_jevons/ligon/mirrors/LSMS_Library/.venv/lib/python3.11/site-packages/xdist/remote.py", line 427 in <module>
  File "/global/scratch/fsa/fc_jevons/ligon/mirrors/LSMS_Library/.venv/lib/python3.11/site-packages/execnet/gateway_base.py", line 1291 in executetask
  File "/global/scratch/fsa/fc_jevons/ligon/mirrors/LSMS_Library/.venv/lib/python3.11/site-packages/execnet/gateway_base.py", line 341 in run
  File "/global/scratch/fsa/fc_jevons/ligon/mirrors/LSMS_Library/.venv/lib/python3.11/site-packages/execnet/gateway_base.py", line 411 in _perform_spawn
  File "/global/scratch/fsa/fc_jevons/ligon/mirrors/LSMS_Library/.venv/lib/python3.11/site-packages/execnet/gateway_base.py", line 389 in integrate_as_primary_thread
  File "/global/scratch/fsa/fc_jevons/ligon/mirrors/LSMS_Library/.venv/lib/python3.11/site-packages/execnet/gateway_base.py", line 1273 in serve
  File "/global/scratch/fsa/fc_jevons/ligon/mirrors/LSMS_Library/.venv/lib/python3.11/site-packages/execnet/gateway_base.py", line 1806 in serve
  File "<string>", line 8 in <module>
  File "<string>", line 1 in <module>

Extension modules: yaml._yaml, numpy._core._multiarray_umath, numpy.linalg._umath_linalg, pyarrow.lib, numpy.random._common, numpy.random.bit_generator, numpy.random._bounded_integers, numpy.random._pcg64, numpy.random._generator, numpy.random._mt19937, numpy.random._philox, numpy.random._sfc64, numpy.random.mtrand, _cyutility, pandas._libs._cyutility, pandas._libs.tslibs.ccalendar, pandas._libs.tslibs.np_datetime, pandas._libs.tslibs.dtypes, pandas._libs.tslibs.base, pandas._libs.tslibs.nattype, pandas._libs.tslibs.timezones, pandas._libs.properties, pandas._libs.tslibs.fields, pandas._libs.tslibs.timedeltas, pandas._libs.tslibs.tzconversion, pandas._libs.tslibs.timestamps, pandas._libs.tslibs.offsets, pandas._libs.tslibs.strptime, pandas._libs.tslibs.parsing, pandas._libs.tslibs.conversion, pandas._libs.tslibs.period, pandas._libs.tslibs.vectorized, pandas._libs.ops_dispatch, pandas._libs.missing, pandas._libs.hashtable, pandas._libs.algos, pandas._libs.interval, pandas._libs.lib, pyarrow._compute, pandas._libs.ops, pandas._libs.hashing, pandas._libs.arrays, pandas._libs.tslib, pandas._libs.sparse, pandas._libs.internals, pandas._libs.indexing, pandas._libs.index, pandas._libs.writers, pandas._libs.join, pandas._libs.window.aggregations, pandas._libs.window.indexers, pandas._libs.reshape, pandas._libs.groupby, pandas._libs.json, pandas._libs.parsers, pandas._libs.testing, _cffi_backend, chardet.models, chardet.pipeline.ascii, chardet.pipeline.confusion, chardet.pipeline.escape, chardet.pipeline.magic, chardet.pipeline.statistical, chardet.pipeline.structural, chardet.pipeline.utf8, chardet.pipeline.utf1632, chardet.pipeline.validity, chardet.pipeline.orchestrator, charset_normalizer.md, charset_normalizer.cd, requests.packages.chardet.models, requests.packages.chardet.pipeline.ascii, requests.packages.chardet.pipeline.confusion, requests.packages.chardet.pipeline.escape, requests.packages.chardet.pipeline.magic, requests.packages.chardet.pipeline.statistical, requests.packages.chardet.pipeline.structural, requests.packages.chardet.pipeline.utf8, requests.packages.chardet.pipeline.utf1632, requests.packages.chardet.pipeline.validity, requests.packages.chardet.pipeline.orchestrator, rapidfuzz._feature_detector_cpp, rapidfuzz.distance._initialize_cpp, rapidfuzz.distance.metrics_cpp_avx2, rapidfuzz.fuzz_cpp_avx2, rapidfuzz.process_cpp_impl, rapidfuzz.utils_cpp, pyreadstat._readstat_parser, pyreadstat._readstat_writer, pyreadstat.pyreadstat, zstandard.backend_c, psutil._psutil_linux, scipy._cyutility, scipy._lib._ccallback_c, scipy.linalg._fblas, scipy.linalg._flapack, scipy.linalg.cython_lapack, scipy.linalg._cythonized_array_utils, scipy.linalg._solve_toeplitz, scipy.linalg._batched_linalg, scipy.linalg._decomp_lu_cython, scipy.linalg._matfuncs_schur_sqrtm, scipy.linalg._matfuncs_expm, scipy.linalg._linalg_pythran, scipy.linalg.cython_blas, scipy.linalg._decomp_update, scipy.sparse._sparsetools, _csparsetools, scipy.sparse._csparsetools, scipy.sparse.linalg._dsolve._superlu, scipy.sparse.linalg._eigen.arpack._arpacklib, scipy.sparse.linalg._propack, scipy.optimize._group_columns, scipy._lib.messagestream, scipy.optimize._trlib._trlib, scipy.optimize._lbfgsb, _moduleTNC, scipy.optimize._moduleTNC, scipy.optimize._slsqplib, scipy.optimize._minpack, scipy.optimize._lsq.givens_elimination, scipy.optimize._zeros, scipy._lib._uarray._uarray, scipy.special._ufuncs_cxx, scipy.special._ellip_harm_2, scipy.special._special_ufuncs, scipy.special._gufuncs, scipy.special._ufuncs, scipy.special._specfun, scipy.special._comb, scipy.linalg._decomp_interpolative, scipy.optimize._bglu_dense, scipy.optimize._lsap, scipy.spatial._ckdtree, scipy.spatial._qhull, scipy.spatial._voronoi, scipy.spatial._hausdorff, scipy.spatial._distance_wrap, scipy.spatial.transform._rotation_cy, scipy.spatial.transform._rigid_transform_cy, scipy.optimize._direct, PIL._imaging, kiwisolver._cext, scipy.integrate._odepack, scipy.integrate._quadpack, scipy.integrate._vode, scipy.integrate._dop, scipy.interpolate._fitpack, scipy.interpolate._dfitpack, scipy.interpolate._dierckx, scipy.interpolate._ppoly, scipy.interpolate._interpnd, scipy.interpolate._rbfinterp_pythran, scipy.interpolate._rgi_cython, scipy.special.cython_special, scipy.stats._stats, scipy.stats._biasedurn, scipy.stats._stats_pythran, scipy.stats._levy_stable.levyst, scipy.stats._ansari_swilk_statistics, scipy.sparse.csgraph._tools, scipy.sparse.csgraph._shortest_path, scipy.sparse.csgraph._traversal, scipy.sparse.csgraph._min_spanning_tree, scipy.sparse.csgraph._flow, scipy.sparse.csgraph._matching, scipy.sparse.csgraph._reordering, scipy.stats._sobol, scipy.stats._qmc_cy, scipy.stats._rcont.rcont, scipy.stats._qmvnt_cy, scipy.ndimage._nd_image, scipy.ndimage._rank_filter_1d, _ni_label, scipy.ndimage._ni_label, sklearn.__check_build._check_build, sklearn._cyutility, sklearn.utils._isfinite, sklearn.utils.sparsefuncs_fast, sklearn.utils.murmurhash, sklearn.utils._openmp_helpers, sklearn.metrics.cluster._expected_mutual_info_fast, sklearn.metrics._dist_metrics, sklearn.metrics._pairwise_distances_reduction._datasets_pair, sklearn.utils._cython_blas, sklearn.metrics._pairwise_distances_reduction._base, sklearn.metrics._pairwise_distances_reduction._middle_term_computer, sklearn.utils._heap, sklearn.utils._sorting, sklearn.metrics._pairwise_distances_reduction._argkmin, sklearn.metrics._pairwise_distances_reduction._argkmin_classmode, sklearn.utils._vector_sentinel, sklearn.metrics._pairwise_distances_reduction._radius_neighbors, sklearn.metrics._pairwise_distances_reduction._radius_neighbors_classmode, sklearn.metrics._pairwise_fast, sklearn.preprocessing._csr_polynomial_expansion, sklearn.preprocessing._target_encoder_fast, sklearn.utils._random, sklearn.utils._fast_dict, sklearn.cluster._hierarchical_fast, sklearn.cluster._k_means_common, sklearn.cluster._k_means_elkan, sklearn.cluster._k_means_lloyd, sklearn.cluster._k_means_minibatch, sklearn.cluster._dbscan_inner, sklearn.neighbors._partition_nodes, sklearn.neighbors._ball_tree, sklearn.neighbors._kd_tree, sklearn.utils.arrayfuncs, sklearn.utils._seq_dataset, sklearn.linear_model._cd_fast, _loss, sklearn._loss._loss, sklearn.linear_model._sag_fast, sklearn.svm._liblinear, sklearn.svm._libsvm, sklearn.svm._libsvm_sparse, sklearn.utils._weight_vector, sklearn.linear_model._sgd_fast, sklearn.decomposition._online_lda_fast, sklearn.decomposition._cdnmf_fast, sklearn.cluster._hdbscan._tree, sklearn.cluster._hdbscan._linkage, sklearn.cluster._hdbscan._reachability, sklearn._isotonic, sklearn.tree._utils, sklearn.tree._tree, sklearn.tree._partitioner, sklearn.tree._splitter, sklearn.tree._criterion, sklearn.neighbors._quad_tree, sklearn.manifold._barnes_hut_tsne, sklearn.manifold._utils, pyarrow._parquet, pyarrow._fs, pyarrow._azurefs, pyarrow._hdfs, pyarrow._gcsfs, pyarrow._s3fs, pyarrow._acero, pyarrow._csv, pyarrow._json, pyarrow._substrait, pyarrow._dataset, pyarrow._dataset_orc, pyarrow._parquet_encryption, pyarrow._dataset_parquet_encryption, pyarrow._dataset_parquet (total: 248)
Fatal Python error: Aborted

Thread 0x000014954db14740 (most recent call first):
  File "/global/scratch/fsa/fc_jevons/ligon/mirrors/LSMS_Library/.venv/lib/python3.11/site-packages/pyarrow/parquet/core.py", line 1552 in read
  File "/global/scratch/fsa/fc_jevons/ligon/mirrors/LSMS_Library/.venv/lib/python3.11/site-packages/pyarrow/parquet/core.py", line 1926 in read_table
  File "/global/scratch/fsa/fc_jevons/ligon/mirrors/LSMS_Library/.venv/lib/python3.11/site-packages/pandas/io/parquet.py", line 260 in read
  File "/global/scratch/fsa/fc_jevons/ligon/mirrors/LSMS_Library/.venv/lib/python3.11/site-packages/pandas/io/parquet.py", line 671 in read_parquet
  File "/global/scratch/fsa/fc_jevons/ligon/mirrors/LSMS_Library/lsms_library/country.py", line 1627 in grab_data
  File "/global/scratch/fsa/fc_jevons/ligon/mirrors/LSMS_Library/lsms_library/country.py", line 1730 in food_acquired
  File "/global/scratch/fsa/fc_jevons/ligon/mirrors/LSMS_Library/lsms_library/country.py", line 3636 in build_wave
  File "/global/scratch/fsa/fc_jevons/ligon/mirrors/LSMS_Library/lsms_library/_parallel_waves.py", line 458 in _build_captured
  File "/global/scratch/fsa/fc_jevons/ligon/mirrors/LSMS_Library/lsms_library/_parallel_waves.py", line 476 in <dictcomp>
  File "/global/scratch/fsa/fc_jevons/ligon/mirrors/LSMS_Library/lsms_library/_parallel_waves.py", line 476 in _run_group
  File "/global/software/rocky-8.x86_64/python-3.11.6/._python-3.11.6/zxbhdko4pyfbffp3rebfywqstwyqctut/python/3.11.6-gcc/lib/python3.11/concurrent/futures/process.py", line 261 in _process_worker
  File "/global/software/rocky-8.x86_64/python-3.11.6/._python-3.11.6/zxbhdko4pyfbffp3rebfywqstwyqctut/python/3.11.6-gcc/lib/python3.11/multiprocessing/process.py", line 108 in run
  File "/global/software/rocky-8.x86_64/python-3.11.6/._python-3.11.6/zxbhdko4pyfbffp3rebfywqstwyqctut/python/3.11.6-gcc/lib/python3.11/multiprocessing/process.py", line 314 in _bootstrap
  File "/global/software/rocky-8.x86_64/python-3.11.6/._python-3.11.6/zxbhdko4pyfbffp3rebfywqstwyqctut/python/3.11.6-gcc/lib/python3.11/multiprocessing/popen_fork.py", line 71 in _launch
  File "/global/software/rocky-8.x86_64/python-3.11.6/._python-3.11.6/zxbhdko4pyfbffp3rebfywqstwyqctut/python/3.11.6-gcc/lib/python3.11/multiprocessing/popen_fork.py", line 19 in __init__
  File "/global/software/rocky-8.x86_64/python-3.11.6/._python-3.11.6/zxbhdko4pyfbffp3rebfywqstwyqctut/python/3.11.6-gcc/lib/python3.11/multiprocessing/context.py", line 281 in _Popen
  File "/global/software/rocky-8.x86_64/python-3.11.6/._python-3.11.6/zxbhdko4pyfbffp3rebfywqstwyqctut/python/3.11.6-gcc/lib/python3.11/multiprocessing/process.py", line 121 in start
  File "/global/software/rocky-8.x86_64/python-3.11.6/._python-3.11.6/zxbhdko4pyfbffp3rebfywqstwyqctut/python/3.11.6-gcc/lib/python3.11/concurrent/futures/process.py", line 785 in _spawn_process
  File "/global/software/rocky-8.x86_64/python-3.11.6/._python-3.11.6/zxbhdko4pyfbffp3rebfywqstwyqctut/python/3.11.6-gcc/lib/python3.11/concurrent/futures/process.py", line 775 in _launch_processes
  File "/global/software/rocky-8.x86_64/python-3.11.6/._python-3.11.6/zxbhdko4pyfbffp3rebfywqstwyqctut/python/3.11.6-gcc/lib/python3.11/concurrent/futures/process.py", line 748 in _start_executor_manager_thread
  File "/global/software/rocky-8.x86_64/python-3.11.6/._python-3.11.6/zxbhdko4pyfbffp3rebfywqstwyqctut/python/3.11.6-gcc/lib/python3.11/concurrent/futures/process.py", line 809 in submit
  File "/global/scratch/fsa/fc_jevons/ligon/mirrors/LSMS_Library/lsms_library/_parallel_waves.py", line 580 in <listcomp>
  File "/global/scratch/fsa/fc_jevons/ligon/mirrors/LSMS_Library/lsms_library/_parallel_waves.py", line 580 in prebuild
  File "/global/scratch/fsa/fc_jevons/ligon/mirrors/LSMS_Library/lsms_library/country.py", line 3683 in load_from_waves
  File "/global/scratch/fsa/fc_jevons/ligon/mirrors/LSMS_Library/lsms_library/country.py", line 3912 in load_dataframe_with_dvc
  File "/global/scratch/fsa/fc_jevons/ligon/mirrors/LSMS_Library/lsms_library/country.py", line 4085 in load_with_dvc_cache
  File "/global/scratch/fsa/fc_jevons/ligon/mirrors/LSMS_Library/lsms_library/country.py", line 4102 in _aggregate_wave_data
  File "/global/scratch/fsa/fc_jevons/ligon/mirrors/LSMS_Library/lsms_library/country.py", line 4542 in method
  File "/global/scratch/fsa/fc_jevons/ligon/mirrors/LSMS_Library/lsms_library/feature.py", line 601 in __call__
  File "/global/scratch/fsa/fc_jevons/ligon/mirrors/LSMS_Library/tests/test_own_production_valuation.py", line 521 in test_single_country_feature_keeps_the_tallies
  File "/global/scratch/fsa/fc_jevons/ligon/mirrors/LSMS_Library/.venv/lib/python3.11/site-packages/_pytest/python.py", line 157 in pytest_pyfunc_call
  File "/global/scratch/fsa/fc_jevons/ligon/mirrors/LSMS_Library/.venv/lib/python3.11/site-packages/pluggy/_callers.py", line 121 in _multicall
  File "/global/scratch/fsa/fc_jevons/ligon/mirrors/LSMS_Library/.venv/lib/python3.11/site-packages/pluggy/_manager.py", line 120 in _hookexec
  File "/global/scratch/fsa/fc_jevons/ligon/mirrors/LSMS_Library/.venv/lib/python3.11/site-packages/pluggy/_hooks.py", line 512 in __call__
  File "/global/scratch/fsa/fc_jevons/ligon/mirrors/LSMS_Library/.venv/lib/python3.11/site-packages/_pytest/python.py", line 1671 in runtest
  File "/global/scratch/fsa/fc_jevons/ligon/mirrors/LSMS_Library/.venv/lib/python3.11/site-packages/_pytest/runner.py", line 178 in pytest_runtest_call
  File "/global/scratch/fsa/fc_jevons/ligon/mirrors/LSMS_Library/.venv/lib/python3.11/site-packages/pluggy/_callers.py", line 121 in _multicall
  File "/global/scratch/fsa/fc_jevons/ligon/mirrors/LSMS_Library/.venv/lib/python3.11/site-packages/pluggy/_manager.py", line 120 in _hookexec
  File "/global/scratch/fsa/fc_jevons/ligon/mirrors/LSMS_Library/.venv/lib/python3.11/site-packages/pluggy/_hooks.py", line 512 in __call__
  File "/global/scratch/fsa/fc_jevons/ligon/mirrors/LSMS_Library/.venv/lib/python3.11/site-packages/_pytest/runner.py", line 246 in <lambda>
  File "/global/scratch/fsa/fc_jevons/ligon/mirrors/LSMS_Library/.venv/lib/python3.11/site-packages/_pytest/runner.py", line 344 in from_call
  File "/global/scratch/fsa/fc_jevons/ligon/mirrors/LSMS_Library/.venv/lib/python3.11/site-packages/_pytest/runner.py", line 245 in call_and_report
  File "/global/scratch/fsa/fc_jevons/ligon/mirrors/LSMS_Library/.venv/lib/python3.11/site-packages/_pytest/runner.py", line 136 in runtestprotocol
  File "/global/scratch/fsa/fc_jevons/ligon/mirrors/LSMS_Library/.venv/lib/python3.11/site-packages/_pytest/runner.py", line 117 in pytest_runtest_protocol
  File "/global/scratch/fsa/fc_jevons/ligon/mirrors/LSMS_Library/.venv/lib/python3.11/site-packages/pluggy/_callers.py", line 121 in _multicall
  File "/global/scratch/fsa/fc_jevons/ligon/mirrors/LSMS_Library/.venv/lib/python3.11/site-packages/pluggy/_manager.py", line 120 in _hookexec
  File "/global/scratch/fsa/fc_jevons/ligon/mirrors/LSMS_Library/.venv/lib/python3.11/site-packages/pluggy/_hooks.py", line 512 in __call__
  File "/global/scratch/fsa/fc_jevons/ligon/mirrors/LSMS_Library/.venv/lib/python3.11/site-packages/xdist/remote.py", line 227 in run_one_test
  File "/global/scratch/fsa/fc_jevons/ligon/mirrors/LSMS_Library/.venv/lib/python3.11/site-packages/xdist/remote.py", line 206 in pytest_runtestloop
  File "/global/scratch/fsa/fc_jevons/ligon/mirrors/LSMS_Library/.venv/lib/python3.11/site-packages/pluggy/_callers.py", line 121 in _multicall
  File "/global/scratch/fsa/fc_jevons/ligon/mirrors/LSMS_Library/.venv/lib/python3.11/site-packages/pluggy/_manager.py", line 120 in _hookexec
  File "/global/scratch/fsa/fc_jevons/ligon/mirrors/LSMS_Library/.venv/lib/python3.11/site-packages/pluggy/_hooks.py", line 512 in __call__
  File "/global/scratch/fsa/fc_jevons/ligon/mirrors/LSMS_Library/.venv/lib/python3.11/site-packages/_pytest/main.py", line 343 in _main
  File "/global/scratch/fsa/fc_jevons/ligon/mirrors/LSMS_Library/.venv/lib/python3.11/site-packages/_pytest/main.py", line 289 in wrap_session
  File "/global/scratch/fsa/fc_jevons/ligon/mirrors/LSMS_Library/.venv/lib/python3.11/site-packages/_pytest/main.py", line 336 in pytest_cmdline_main
  File "/global/scratch/fsa/fc_jevons/ligon/mirrors/LSMS_Library/.venv/lib/python3.11/site-packages/pluggy/_callers.py", line 121 in _multicall
  File "/global/scratch/fsa/fc_jevons/ligon/mirrors/LSMS_Library/.venv/lib/python3.11/site-packages/pluggy/_manager.py", line 120 in _hookexec
  File "/global/scratch/fsa/fc_jevons/ligon/mirrors/LSMS_Library/.venv/lib/python3.11/site-packages/pluggy/_hooks.py", line 512 in __call__
  File "/global/scratch/fsa/fc_jevons/ligon/mirrors/LSMS_Library/.venv/lib/python3.11/site-packages/xdist/remote.py", line 427 in <module>
  File "/global/scratch/fsa/fc_jevons/ligon/mirrors/LSMS_Library/.venv/lib/python3.11/site-packages/execnet/gateway_base.py", line 1291 in executetask
  File "/global/scratch/fsa/fc_jevons/ligon/mirrors/LSMS_Library/.venv/lib/python3.11/site-packages/execnet/gateway_base.py", line 341 in run
  File "/global/scratch/fsa/fc_jevons/ligon/mirrors/LSMS_Library/.venv/lib/python3.11/site-packages/execnet/gateway_base.py", line 411 in _perform_spawn
  File "/global/scratch/fsa/fc_jevons/ligon/mirrors/LSMS_Library/.venv/lib/python3.11/site-packages/execnet/gateway_base.py", line 389 in integrate_as_primary_thread
  File "/global/scratch/fsa/fc_jevons/ligon/mirrors/LSMS_Library/.venv/lib/python3.11/site-packages/execnet/gateway_base.py", line 1273 in serve
  File "/global/scratch/fsa/fc_jevons/ligon/mirrors/LSMS_Library/.venv/lib/python3.11/site-packages/execnet/gateway_base.py", line 1806 in serve
  File "<string>", line 8 in <module>
  File "<string>", line 1 in <module>

Extension modules: yaml._yaml, numpy._core._multiarray_umath, numpy.linalg._umath_linalg, pyarrow.lib, numpy.random._common, numpy.random.bit_generator, numpy.random._bounded_integers, numpy.random._pcg64, numpy.random._generator, numpy.random._mt19937, numpy.random._philox, numpy.random._sfc64, numpy.random.mtrand, _cyutility, pandas._libs._cyutility, pandas._libs.tslibs.ccalendar, pandas._libs.tslibs.np_datetime, pandas._libs.tslibs.dtypes, pandas._libs.tslibs.base, pandas._libs.tslibs.nattype, pandas._libs.tslibs.timezones, pandas._libs.properties, pandas._libs.tslibs.fields, pandas._libs.tslibs.timedeltas, pandas._libs.tslibs.tzconversion, pandas._libs.tslibs.timestamps, pandas._libs.tslibs.offsets, pandas._libs.tslibs.strptime, pandas._libs.tslibs.parsing, pandas._libs.tslibs.conversion, pandas._libs.tslibs.period, pandas._libs.tslibs.vectorized, pandas._libs.ops_dispatch, pandas._libs.missing, pandas._libs.hashtable, pandas._libs.algos, pandas._libs.interval, pandas._libs.lib, pyarrow._compute, pandas._libs.ops, pandas._libs.hashing, pandas._libs.arrays, pandas._libs.tslib, pandas._libs.sparse, pandas._libs.internals, pandas._libs.indexing, pandas._libs.index, pandas._libs.writers, pandas._libs.join, pandas._libs.window.aggregations, pandas._libs.window.indexers, pandas._libs.reshape, pandas._libs.groupby, pandas._libs.json, pandas._libs.parsers, pandas._libs.testing, _cffi_backend, chardet.models, chardet.pipeline.ascii, chardet.pipeline.confusion, chardet.pipeline.escape, chardet.pipeline.magic, chardet.pipeline.statistical, chardet.pipeline.structural, chardet.pipeline.utf8, chardet.pipeline.utf1632, chardet.pipeline.validity, chardet.pipeline.orchestrator, charset_normalizer.md, charset_normalizer.cd, requests.packages.chardet.models, requests.packages.chardet.pipeline.ascii, requests.packages.chardet.pipeline.confusion, requests.packages.chardet.pipeline.escape, requests.packages.chardet.pipeline.magic, requests.packages.chardet.pipeline.statistical, requests.packages.chardet.pipeline.structural, requests.packages.chardet.pipeline.utf8, requests.packages.chardet.pipeline.utf1632, requests.packages.chardet.pipeline.validity, requests.packages.chardet.pipeline.orchestrator, rapidfuzz._feature_detector_cpp, rapidfuzz.distance._initialize_cpp, rapidfuzz.distance.metrics_cpp_avx2, rapidfuzz.fuzz_cpp_avx2, rapidfuzz.process_cpp_impl, rapidfuzz.utils_cpp, pyreadstat._readstat_parser, pyreadstat._readstat_writer, pyreadstat.pyreadstat, zstandard.backend_c, psutil._psutil_linux, scipy._cyutility, scipy._lib._ccallback_c, scipy.linalg._fblas, scipy.linalg._flapack, scipy.linalg.cython_lapack, scipy.linalg._cythonized_array_utils, scipy.linalg._solve_toeplitz, scipy.linalg._batched_linalg, scipy.linalg._decomp_lu_cython, scipy.linalg._matfuncs_schur_sqrtm, scipy.linalg._matfuncs_expm, scipy.linalg._linalg_pythran, scipy.linalg.cython_blas, scipy.linalg._decomp_update, scipy.sparse._sparsetools, _csparsetools, scipy.sparse._csparsetools, scipy.sparse.linalg._dsolve._superlu, scipy.sparse.linalg._eigen.arpack._arpacklib, scipy.sparse.linalg._propack, scipy.optimize._group_columns, scipy._lib.messagestream, scipy.optimize._trlib._trlib, scipy.optimize._lbfgsb, _moduleTNC, scipy.optimize._moduleTNC, scipy.optimize._slsqplib, scipy.optimize._minpack, scipy.optimize._lsq.givens_elimination, scipy.optimize._zeros, scipy._lib._uarray._uarray, scipy.special._ufuncs_cxx, scipy.special._ellip_harm_2, scipy.special._special_ufuncs, scipy.special._gufuncs, scipy.special._ufuncs, scipy.special._specfun, scipy.special._comb, scipy.linalg._decomp_interpolative, scipy.optimize._bglu_dense, scipy.optimize._lsap, scipy.spatial._ckdtree, scipy.spatial._qhull, scipy.spatial._voronoi, scipy.spatial._hausdorff, scipy.spatial._distance_wrap, scipy.spatial.transform._rotation_cy, scipy.spatial.transform._rigid_transform_cy, scipy.optimize._direct, PIL._imaging, kiwisolver._cext, scipy.integrate._odepack, scipy.integrate._quadpack, scipy.integrate._vode, scipy.integrate._dop, scipy.interpolate._fitpack, scipy.interpolate._dfitpack, scipy.interpolate._dierckx, scipy.interpolate._ppoly, scipy.interpolate._interpnd, scipy.interpolate._rbfinterp_pythran, scipy.interpolate._rgi_cython, scipy.special.cython_special, scipy.stats._stats, scipy.stats._biasedurn, scipy.stats._stats_pythran, scipy.stats._levy_stable.levyst, scipy.stats._ansari_swilk_statistics, scipy.sparse.csgraph._tools, scipy.sparse.csgraph._shortest_path, scipy.sparse.csgraph._traversal, scipy.sparse.csgraph._min_spanning_tree, scipy.sparse.csgraph._flow, scipy.sparse.csgraph._matching, scipy.sparse.csgraph._reordering, scipy.stats._sobol, scipy.stats._qmc_cy, scipy.stats._rcont.rcont, scipy.stats._qmvnt_cy, scipy.ndimage._nd_image, scipy.ndimage._rank_filter_1d, _ni_label, scipy.ndimage._ni_label, sklearn.__check_build._check_build, sklearn._cyutility, sklearn.utils._isfinite, sklearn.utils.sparsefuncs_fast, sklearn.utils.murmurhash, sklearn.utils._openmp_helpers, sklearn.metrics.cluster._expected_mutual_info_fast, sklearn.metrics._dist_metrics, sklearn.metrics._pairwise_distances_reduction._datasets_pair, sklearn.utils._cython_blas, sklearn.metrics._pairwise_distances_reduction._base, sklearn.metrics._pairwise_distances_reduction._middle_term_computer, sklearn.utils._heap, sklearn.utils._sorting, sklearn.metrics._pairwise_distances_reduction._argkmin, sklearn.metrics._pairwise_distances_reduction._argkmin_classmode, sklearn.utils._vector_sentinel, sklearn.metrics._pairwise_distances_reduction._radius_neighbors, sklearn.metrics._pairwise_distances_reduction._radius_neighbors_classmode, sklearn.metrics._pairwise_fast, sklearn.preprocessing._csr_polynomial_expansion, sklearn.preprocessing._target_encoder_fast, sklearn.utils._random, sklearn.utils._fast_dict, sklearn.cluster._hierarchical_fast, sklearn.cluster._k_means_common, sklearn.cluster._k_means_elkan, sklearn.cluster._k_means_lloyd, sklearn.cluster._k_means_minibatch, sklearn.cluster._dbscan_inner, sklearn.neighbors._partition_nodes, sklearn.neighbors._ball_tree, sklearn.neighbors._kd_tree, sklearn.utils.arrayfuncs, sklearn.utils._seq_dataset, sklearn.linear_model._cd_fast, _loss, sklearn._loss._loss, sklearn.linear_model._sag_fast, sklearn.svm._liblinear, sklearn.svm._libsvm, sklearn.svm._libsvm_sparse, sklearn.utils._weight_vector, sklearn.linear_model._sgd_fast, sklearn.decomposition._online_lda_fast, sklearn.decomposition._cdnmf_fast, sklearn.cluster._hdbscan._tree, sklearn.cluster._hdbscan._linkage, sklearn.cluster._hdbscan._reachability, sklearn._isotonic, sklearn.tree._utils, sklearn.tree._tree, sklearn.tree._partitioner, sklearn.tree._splitter, sklearn.tree._criterion, sklearn.neighbors._quad_tree, sklearn.manifold._barnes_hut_tsne, sklearn.manifold._utils, pyarrow._parquet, pyarrow._fs, pyarrow._azurefs, pyarrow._hdfs, pyarrow._gcsfs, pyarrow._s3fs, pyarrow._acero, pyarrow._csv, pyarrow._json, pyarrow._substrait, pyarrow._dataset, pyarrow._dataset_orc, pyarrow._parquet_encryption, pyarrow._dataset_parquet_encryption, pyarrow._dataset_parquet (total: 248)
.F.....Fatal Python error: Aborted

Thread 0x0000147d5922b740 (most recent call first):
  File "/global/scratch/fsa/fc_jevons/ligon/mirrors/LSMS_Library/.venv/lib/python3.11/site-packages/pyarrow/parquet/core.py", line 1552 in read
  File "/global/scratch/fsa/fc_jevons/ligon/mirrors/LSMS_Library/.venv/lib/python3.11/site-packages/pyarrow/parquet/core.py", line 1926 in read_table
  File "/global/scratch/fsa/fc_jevons/ligon/mirrors/LSMS_Library/.venv/lib/python3.11/site-packages/pandas/io/parquet.py", line 260 in read
  File "/global/scratch/fsa/fc_jevons/ligon/mirrors/LSMS_Library/.venv/lib/python3.11/site-packages/pandas/io/parquet.py", line 671 in read_parquet
  File "/global/scratch/fsa/fc_jevons/ligon/mirrors/LSMS_Library/lsms_library/country.py", line 1627 in grab_data
  File "/global/scratch/fsa/fc_jevons/ligon/mirrors/LSMS_Library/lsms_library/country.py", line 1730 in food_acquired
  File "/global/scratch/fsa/fc_jevons/ligon/mirrors/LSMS_Library/lsms_library/country.py", line 3636 in build_wave
  File "/global/scratch/fsa/fc_jevons/ligon/mirrors/LSMS_Library/lsms_library/_parallel_waves.py", line 458 in _build_captured
  File "/global/scratch/fsa/fc_jevons/ligon/mirrors/LSMS_Library/lsms_library/_parallel_waves.py", line 476 in <dictcomp>
  File "/global/scratch/fsa/fc_jevons/ligon/mirrors/LSMS_Library/lsms_library/_parallel_waves.py", line 476 in _run_group
  File "/global/software/rocky-8.x86_64/python-3.11.6/._python-3.11.6/zxbhdko4pyfbffp3rebfywqstwyqctut/python/3.11.6-gcc/lib/python3.11/concurrent/futures/process.py", line 261 in _process_worker
  File "/global/software/rocky-8.x86_64/python-3.11.6/._python-3.11.6/zxbhdko4pyfbffp3rebfywqstwyqctut/python/3.11.6-gcc/lib/python3.11/multiprocessing/process.py", line 108 in run
  File "/global/software/rocky-8.x86_64/python-3.11.6/._python-3.11.6/zxbhdko4pyfbffp3rebfywqstwyqctut/python/3.11.6-gcc/lib/python3.11/multiprocessing/process.py", line 314 in _bootstrap
  File "/global/software/rocky-8.x86_64/python-3.11.6/._python-3.11.6/zxbhdko4pyfbffp3rebfywqstwyqctut/python/3.11.6-gcc/lib/python3.11/multiprocessing/popen_fork.py", line 71 in _launch
  File "/global/software/rocky-8.x86_64/python-3.11.6/._python-3.11.6/zxbhdko4pyfbffp3rebfywqstwyqctut/python/3.11.6-gcc/lib/python3.11/multiprocessing/popen_fork.py", line 19 in __init__
  File "/global/software/rocky-8.x86_64/python-3.11.6/._python-3.11.6/zxbhdko4pyfbffp3rebfywqstwyqctut/python/3.11.6-gcc/lib/python3.11/multiprocessing/context.py", line 281 in _Popen
  File "/global/software/rocky-8.x86_64/python-3.11.6/._python-3.11.6/zxbhdko4pyfbffp3rebfywqstwyqctut/python/3.11.6-gcc/lib/python3.11/multiprocessing/process.py", line 121 in start
  File "/global/software/rocky-8.x86_64/python-3.11.6/._python-3.11.6/zxbhdko4pyfbffp3rebfywqstwyqctut/python/3.11.6-gcc/lib/python3.11/concurrent/futures/process.py", line 785 in _spawn_process
  File "/global/software/rocky-8.x86_64/python-3.11.6/._python-3.11.6/zxbhdko4pyfbffp3rebfywqstwyqctut/python/3.11.6-gcc/lib/python3.11/concurrent/futures/process.py", line 775 in _launch_processes
  File "/global/software/rocky-8.x86_64/python-3.11.6/._python-3.11.6/zxbhdko4pyfbffp3rebfywqstwyqctut/python/3.11.6-gcc/lib/python3.11/concurrent/futures/process.py", line 748 in _start_executor_manager_thread
  File "/global/software/rocky-8.x86_64/python-3.11.6/._python-3.11.6/zxbhdko4pyfbffp3rebfywqstwyqctut/python/3.11.6-gcc/lib/python3.11/concurrent/futures/process.py", line 809 in submit
  File "/global/scratch/fsa/fc_jevons/ligon/mirrors/LSMS_Library/lsms_library/_parallel_waves.py", line 580 in <listcomp>
  File "/global/scratch/fsa/fc_jevons/ligon/mirrors/LSMS_Library/lsms_library/_parallel_waves.py", line 580 in prebuild
  File "/global/scratch/fsa/fc_jevons/ligon/mirrors/LSMS_Library/lsms_library/country.py", line 3683 in load_from_waves
  File "/global/scratch/fsa/fc_jevons/ligon/mirrors/LSMS_Library/lsms_library/country.py", line 3912 in load_dataframe_with_dvc
  File "/global/scratch/fsa/fc_jevons/ligon/mirrors/LSMS_Library/lsms_library/country.py", line 4085 in load_with_dvc_cache
  File "/global/scratch/fsa/fc_jevons/ligon/mirrors/LSMS_Library/lsms_library/country.py", line 4102 in _aggregate_wave_data
  File "/global/scratch/fsa/fc_jevons/ligon/mirrors/LSMS_Library/lsms_library/country.py", line 4542 in method
  File "/global/scratch/fsa/fc_jevons/ligon/mirrors/LSMS_Library/tests/test_quantity_kg.py", line 108 in test_malawi_food_quantities_kg_total_preserved
  File "/global/scratch/fsa/fc_jevons/ligon/mirrors/LSMS_Library/.venv/lib/python3.11/site-packages/_pytest/python.py", line 157 in pytest_pyfunc_call
  File "/global/scratch/fsa/fc_jevons/ligon/mirrors/LSMS_Library/.venv/lib/python3.11/site-packages/pluggy/_callers.py", line 121 in _multicall
  File "/global/scratch/fsa/fc_jevons/ligon/mirrors/LSMS_Library/.venv/lib/python3.11/site-packages/pluggy/_manager.py", line 120 in _hookexec
  File "/global/scratch/fsa/fc_jevons/ligon/mirrors/LSMS_Library/.venv/lib/python3.11/site-packages/pluggy/_hooks.py", line 512 in __call__
  File "/global/scratch/fsa/fc_jevons/ligon/mirrors/LSMS_Library/.venv/lib/python3.11/site-packages/_pytest/python.py", line 1671 in runtest
  File "/global/scratch/fsa/fc_jevons/ligon/mirrors/LSMS_Library/.venv/lib/python3.11/site-packages/_pytest/runner.py", line 178 in pytest_runtest_call
  File "/global/scratch/fsa/fc_jevons/ligon/mirrors/LSMS_Library/.venv/lib/python3.11/site-packages/pluggy/_callers.py", line 121 in _multicall
  File "/global/scratch/fsa/fc_jevons/ligon/mirrors/LSMS_Library/.venv/lib/python3.11/site-packages/pluggy/_manager.py", line 120 in _hookexec
  File "/global/scratch/fsa/fc_jevons/ligon/mirrors/LSMS_Library/.venv/lib/python3.11/site-packages/pluggy/_hooks.py", line 512 in __call__
  File "/global/scratch/fsa/fc_jevons/ligon/mirrors/LSMS_Library/.venv/lib/python3.11/site-packages/_pytest/runner.py", line 246 in <lambda>
  File "/global/scratch/fsa/fc_jevons/ligon/mirrors/LSMS_Library/.venv/lib/python3.11/site-packages/_pytest/runner.py", line 344 in from_call
  File "/global/scratch/fsa/fc_jevons/ligon/mirrors/LSMS_Library/.venv/lib/python3.11/site-packages/_pytest/runner.py", line 245 in call_and_report
  File "/global/scratch/fsa/fc_jevons/ligon/mirrors/LSMS_Library/.venv/lib/python3.11/site-packages/_pytest/runner.py", line 136 in runtestprotocol
  File "/global/scratch/fsa/fc_jevons/ligon/mirrors/LSMS_Library/.venv/lib/python3.11/site-packages/_pytest/runner.py", line 117 in pytest_runtest_protocol
  File "/global/scratch/fsa/fc_jevons/ligon/mirrors/LSMS_Library/.venv/lib/python3.11/site-packages/pluggy/_callers.py", line 121 in _multicall
  File "/global/scratch/fsa/fc_jevons/ligon/mirrors/LSMS_Library/.venv/lib/python3.11/site-packages/pluggy/_manager.py", line 120 in _hookexec
  File "/global/scratch/fsa/fc_jevons/ligon/mirrors/LSMS_Library/.venv/lib/python3.11/site-packages/pluggy/_hooks.py", line 512 in __call__
  File "/global/scratch/fsa/fc_jevons/ligon/mirrors/LSMS_Library/.venv/lib/python3.11/site-packages/xdist/remote.py", line 227 in run_one_test
  File "/global/scratch/fsa/fc_jevons/ligon/mirrors/LSMS_Library/.venv/lib/python3.11/site-packages/xdist/remote.py", line 206 in pytest_runtestloop
  File "/global/scratch/fsa/fc_jevons/ligon/mirrors/LSMS_Library/.venv/lib/python3.11/site-packages/pluggy/_callers.py", line 121 in _multicall
  File "/global/scratch/fsa/fc_jevons/ligon/mirrors/LSMS_Library/.venv/lib/python3.11/site-packages/pluggy/_manager.py", line 120 in _hookexec
  File "/global/scratch/fsa/fc_jevons/ligon/mirrors/LSMS_Library/.venv/lib/python3.11/site-packages/pluggy/_hooks.py", line 512 in __call__
  File "/global/scratch/fsa/fc_jevons/ligon/mirrors/LSMS_Library/.venv/lib/python3.11/site-packages/_pytest/main.py", line 343 in _main
  File "/global/scratch/fsa/fc_jevons/ligon/mirrors/LSMS_Library/.venv/lib/python3.11/site-packages/_pytest/main.py", line 289 in wrap_session
  File "/global/scratch/fsa/fc_jevons/ligon/mirrors/LSMS_Library/.venv/lib/python3.11/site-packages/_pytest/main.py", line 336 in pytest_cmdline_main
  File "/global/scratch/fsa/fc_jevons/ligon/mirrors/LSMS_Library/.venv/lib/python3.11/site-packages/pluggy/_callers.py", line 121 in _multicall
  File "/global/scratch/fsa/fc_jevons/ligon/mirrors/LSMS_Library/.venv/lib/python3.11/site-packages/pluggy/_manager.py", line 120 in _hookexec
  File "/global/scratch/fsa/fc_jevons/ligon/mirrors/LSMS_Library/.venv/lib/python3.11/site-packages/pluggy/_hooks.py", line 512 in __call__
  File "/global/scratch/fsa/fc_jevons/ligon/mirrors/LSMS_Library/.venv/lib/python3.11/site-packages/xdist/remote.py", line 427 in <module>
  File "/global/scratch/fsa/fc_jevons/ligon/mirrors/LSMS_Library/.venv/lib/python3.11/site-packages/execnet/gateway_base.py", line 1291 in executetask
  File "/global/scratch/fsa/fc_jevons/ligon/mirrors/LSMS_Library/.venv/lib/python3.11/site-packages/execnet/gateway_base.py", line 341 in run
  File "/global/scratch/fsa/fc_jevons/ligon/mirrors/LSMS_Library/.venv/lib/python3.11/site-packages/execnet/gateway_base.py", line 411 in _perform_spawn
  File "/global/scratch/fsa/fc_jevons/ligon/mirrors/LSMS_Library/.venv/lib/python3.11/site-packages/execnet/gateway_base.py", line 389 in integrate_as_primary_thread
  File "/global/scratch/fsa/fc_jevons/ligon/mirrors/LSMS_Library/.venv/lib/python3.11/site-packages/execnet/gateway_base.py", line 1273 in serve
  File "/global/scratch/fsa/fc_jevons/ligon/mirrors/LSMS_Library/.venv/lib/python3.11/site-packages/execnet/gateway_base.py", line 1806 in serve
  File "<string>", line 8 in <module>
  File "<string>", line 1 in <module>

Extension modules: yaml._yaml, numpy._core._multiarray_umath, numpy.linalg._umath_linalg, pyarrow.lib, numpy.random._common, numpy.random.bit_generator, numpy.random._bounded_integers, numpy.random._pcg64, numpy.random._generator, numpy.random._mt19937, numpy.random._philox, numpy.random._sfc64, numpy.random.mtrand, _cyutility, pandas._libs._cyutility, pandas._libs.tslibs.ccalendar, pandas._libs.tslibs.np_datetime, pandas._libs.tslibs.dtypes, pandas._libs.tslibs.base, pandas._libs.tslibs.nattype, pandas._libs.tslibs.timezones, pandas._libs.properties, pandas._libs.tslibs.fields, pandas._libs.tslibs.timedeltas, pandas._libs.tslibs.tzconversion, pandas._libs.tslibs.timestamps, pandas._libs.tslibs.offsets, pandas._libs.tslibs.strptime, pandas._libs.tslibs.parsing, pandas._libs.tslibs.conversion, pandas._libs.tslibs.period, pandas._libs.tslibs.vectorized, pandas._libs.ops_dispatch, pandas._libs.missing, pandas._libs.hashtable, pandas._libs.algos, pandas._libs.interval, pandas._libs.lib, pyarrow._compute, pandas._libs.ops, pandas._libs.hashing, pandas._libs.arrays, pandas._libs.tslib, pandas._libs.sparse, pandas._libs.internals, pandas._libs.indexing, pandas._libs.index, pandas._libs.writers, pandas._libs.join, pandas._libs.window.aggregations, pandas._libs.window.indexers, pandas._libs.reshape, pandas._libs.groupby, pandas._libs.json, pandas._libs.parsers, pandas._libs.testing, _cffi_backend, chardet.models, chardet.pipeline.ascii, chardet.pipeline.confusion, chardet.pipeline.escape, chardet.pipeline.magic, chardet.pipeline.statistical, chardet.pipeline.structural, chardet.pipeline.utf8, chardet.pipeline.utf1632, chardet.pipeline.validity, chardet.pipeline.orchestrator, charset_normalizer.md, charset_normalizer.cd, requests.packages.chardet.models, requests.packages.chardet.pipeline.ascii, requests.packages.chardet.pipeline.confusion, requests.packages.chardet.pipeline.escape, requests.packages.chardet.pipeline.magic, requests.packages.chardet.pipeline.statistical, requests.packages.chardet.pipeline.structural, requests.packages.chardet.pipeline.utf8, requests.packages.chardet.pipeline.utf1632, requests.packages.chardet.pipeline.validity, requests.packages.chardet.pipeline.orchestrator, rapidfuzz._feature_detector_cpp, rapidfuzz.distance._initialize_cpp, rapidfuzz.distance.metrics_cpp_avx2, rapidfuzz.fuzz_cpp_avx2, rapidfuzz.process_cpp_impl, rapidfuzz.utils_cpp, pyreadstat._readstat_parser, pyreadstat._readstat_writer, pyreadstat.pyreadstat, zstandard.backend_c, psutil._psutil_linux, scipy._cyutility, scipy._lib._ccallback_c, scipy.linalg._fblas, scipy.linalg._flapack, scipy.linalg.cython_lapack, scipy.linalg._cythonized_array_utils, scipy.linalg._solve_toeplitz, scipy.linalg._batched_linalg, scipy.linalg._decomp_lu_cython, scipy.linalg._matfuncs_schur_sqrtm, scipy.linalg._matfuncs_expm, scipy.linalg._linalg_pythran, scipy.linalg.cython_blas, scipy.linalg._decomp_update, scipy.sparse._sparsetools, _csparsetools, scipy.sparse._csparsetools, scipy.sparse.linalg._dsolve._superlu, scipy.sparse.linalg._eigen.arpack._arpacklib, scipy.sparse.linalg._propack, scipy.optimize._group_columns, scipy._lib.messagestream, scipy.optimize._trlib._trlib, scipy.optimize._lbfgsb, _moduleTNC, scipy.optimize._moduleTNC, scipy.optimize._slsqplib, scipy.optimize._minpack, scipy.optimize._lsq.givens_elimination, scipy.optimize._zeros, scipy._lib._uarray._uarray, scipy.special._ufuncs_cxx, scipy.special._ellip_harm_2, scipy.special._special_ufuncs, scipy.special._gufuncs, scipy.special._ufuncs, scipy.special._specfun, scipy.special._comb, scipy.linalg._decomp_interpolative, scipy.optimize._bglu_dense, scipy.optimize._lsap, scipy.spatial._ckdtree, scipy.spatial._qhull, scipy.spatial._voronoi, scipy.spatial._hausdorff, scipy.spatial._distance_wrap, scipy.spatial.transform._rotation_cy, scipy.spatial.transform._rigid_transform_cy, scipy.optimize._direct, PIL._imaging, kiwisolver._cext, scipy.integrate._odepack, scipy.integrate._quadpack, scipy.integrate._vode, scipy.integrate._dop, scipy.interpolate._fitpack, scipy.interpolate._dfitpack, scipy.interpolate._dierckx, scipy.interpolate._ppoly, scipy.interpolate._interpnd, scipy.interpolate._rbfinterp_pythran, scipy.interpolate._rgi_cython, scipy.special.cython_special, scipy.stats._stats, scipy.stats._biasedurn, scipy.stats._stats_pythran, scipy.stats._levy_stable.levyst, scipy.stats._ansari_swilk_statistics, scipy.sparse.csgraph._tools, scipy.sparse.csgraph._shortest_path, scipy.sparse.csgraph._traversal, scipy.sparse.csgraph._min_spanning_tree, scipy.sparse.csgraph._flow, scipy.sparse.csgraph._matching, scipy.sparse.csgraph._reordering, scipy.stats._sobol, scipy.stats._qmc_cy, scipy.stats._rcont.rcont, scipy.stats._qmvnt_cy, scipy.ndimage._nd_image, scipy.ndimage._rank_filter_1d, _ni_label, scipy.ndimage._ni_label, sklearn.__check_build._check_build, sklearn._cyutility, sklearn.utils._isfinite, sklearn.utils.sparsefuncs_fast, sklearn.utils.murmurhash, sklearn.utils._openmp_helpers, sklearn.metrics.cluster._expected_mutual_info_fast, sklearn.metrics._dist_metrics, sklearn.metrics._pairwise_distances_reduction._datasets_pair, sklearn.utils._cython_blas, sklearn.metrics._pairwise_distances_reduction._base, sklearn.metrics._pairwise_distances_reduction._middle_term_computer, sklearn.utils._heap, sklearn.utils._sorting, sklearn.metrics._pairwise_distances_reduction._argkmin, sklearn.metrics._pairwise_distances_reduction._argkmin_classmode, sklearn.utils._vector_sentinel, sklearn.metrics._pairwise_distances_reduction._radius_neighbors, sklearn.metrics._pairwise_distances_reduction._radius_neighbors_classmode, sklearn.metrics._pairwise_fast, sklearn.preprocessing._csr_polynomial_expansion, sklearn.preprocessing._target_encoder_fast, sklearn.utils._random, sklearn.utils._fast_dict, sklearn.cluster._hierarchical_fast, sklearn.cluster._k_means_common, sklearn.cluster._k_means_elkan, sklearn.cluster._k_means_lloyd, sklearn.cluster._k_means_minibatch, sklearn.cluster._dbscan_inner, sklearn.neighbors._partition_nodes, sklearn.neighbors._ball_tree, sklearn.neighbors._kd_tree, sklearn.utils.arrayfuncs, sklearn.utils._seq_dataset, sklearn.linear_model._cd_fast, _loss, sklearn._loss._loss, sklearn.linear_model._sag_fast, sklearn.svm._liblinear, sklearn.svm._libsvm, sklearn.svm._libsvm_sparse, sklearn.utils._weight_vector, sklearn.linear_model._sgd_fast, sklearn.decomposition._online_lda_fast, sklearn.decomposition._cdnmf_fast, sklearn.cluster._hdbscan._tree, sklearn.cluster._hdbscan._linkage, sklearn.cluster._hdbscan._reachability, sklearn._isotonic, sklearn.tree._utils, sklearn.tree._tree, sklearn.tree._partitioner, sklearn.tree._splitter, sklearn.tree._criterion, sklearn.neighbors._quad_tree, sklearn.manifold._barnes_hut_tsne, sklearn.manifold._utils, pyarrow._parquet, pyarrow._fs, pyarrow._azurefs, pyarrow._hdfs, pyarrow._gcsfs, pyarrow._s3fs, pyarrow._acero, pyarrow._csv, pyarrow._json, pyarrow._substrait, pyarrow._dataset, pyarrow._dataset_orc, pyarrow._parquet_encryption, pyarrow._dataset_parquet_encryption, pyarrow._dataset_parquet (total: 248)
s..........s.....X........ss..... [ 77%]
...........................................................s....ss...... [ 79%]
F....................................................................... [ 81%]
..................................sssssssssssssss.................ss.s.s [ 83%]
s...s...sss.s.s.s.s.sss..sss.s.ss..ss.s.ss.sss.......................... [ 85%]
...........s.s..Fatal Python error: Aborted

Thread 0x0000147d5922b740 (most recent call first):
  File "/global/scratch/fsa/fc_jevons/ligon/mirrors/LSMS_Library/.venv/lib/python3.11/site-packages/pyarrow/parquet/core.py", line 1552 in read
  File "/global/scratch/fsa/fc_jevons/ligon/mirrors/LSMS_Library/.venv/lib/python3.11/site-packages/pyarrow/parquet/core.py", line 1926 in read_table
  File "/global/scratch/fsa/fc_jevons/ligon/mirrors/LSMS_Library/.venv/lib/python3.11/site-packages/pandas/io/parquet.py", line 260 in read
  File "/global/scratch/fsa/fc_jevons/ligon/mirrors/LSMS_Library/.venv/lib/python3.11/site-packages/pandas/io/parquet.py", line 671 in read_parquet
  File "/global/scratch/fsa/fc_jevons/ligon/mirrors/LSMS_Library/lsms_library/country.py", line 1627 in grab_data
  File "/global/scratch/fsa/fc_jevons/ligon/mirrors/LSMS_Library/lsms_library/country.py", line 743 in method
  File "/global/scratch/fsa/fc_jevons/ligon/mirrors/LSMS_Library/lsms_library/country.py", line 3636 in build_wave
  File "/global/scratch/fsa/fc_jevons/ligon/mirrors/LSMS_Library/lsms_library/_parallel_waves.py", line 458 in _build_captured
  File "/global/scratch/fsa/fc_jevons/ligon/mirrors/LSMS_Library/lsms_library/_parallel_waves.py", line 476 in <dictcomp>
  File "/global/scratch/fsa/fc_jevons/ligon/mirrors/LSMS_Library/lsms_library/_parallel_waves.py", line 476 in _run_group
  File "/global/software/rocky-8.x86_64/python-3.11.6/._python-3.11.6/zxbhdko4pyfbffp3rebfywqstwyqctut/python/3.11.6-gcc/lib/python3.11/concurrent/futures/process.py", line 261 in _process_worker
  File "/global/software/rocky-8.x86_64/python-3.11.6/._python-3.11.6/zxbhdko4pyfbffp3rebfywqstwyqctut/python/3.11.6-gcc/lib/python3.11/multiprocessing/process.py", line 108 in run
  File "/global/software/rocky-8.x86_64/python-3.11.6/._python-3.11.6/zxbhdko4pyfbffp3rebfywqstwyqctut/python/3.11.6-gcc/lib/python3.11/multiprocessing/process.py", line 314 in _bootstrap
  File "/global/software/rocky-8.x86_64/python-3.11.6/._python-3.11.6/zxbhdko4pyfbffp3rebfywqstwyqctut/python/3.11.6-gcc/lib/python3.11/multiprocessing/popen_fork.py", line 71 in _launch
  File "/global/software/rocky-8.x86_64/python-3.11.6/._python-3.11.6/zxbhdko4pyfbffp3rebfywqstwyqctut/python/3.11.6-gcc/lib/python3.11/multiprocessing/popen_fork.py", line 19 in __init__
  File "/global/software/rocky-8.x86_64/python-3.11.6/._python-3.11.6/zxbhdko4pyfbffp3rebfywqstwyqctut/python/3.11.6-gcc/lib/python3.11/multiprocessing/context.py", line 281 in _Popen
  File "/global/software/rocky-8.x86_64/python-3.11.6/._python-3.11.6/zxbhdko4pyfbffp3rebfywqstwyqctut/python/3.11.6-gcc/lib/python3.11/multiprocessing/process.py", line 121 in start
  File "/global/software/rocky-8.x86_64/python-3.11.6/._python-3.11.6/zxbhdko4pyfbffp3rebfywqstwyqctut/python/3.11.6-gcc/lib/python3.11/concurrent/futures/process.py", line 785 in _spawn_process
  File "/global/software/rocky-8.x86_64/python-3.11.6/._python-3.11.6/zxbhdko4pyfbffp3rebfywqstwyqctut/python/3.11.6-gcc/lib/python3.11/concurrent/futures/process.py", line 775 in _launch_processes
  File "/global/software/rocky-8.x86_64/python-3.11.6/._python-3.11.6/zxbhdko4pyfbffp3rebfywqstwyqctut/python/3.11.6-gcc/lib/python3.11/concurrent/futures/process.py", line 748 in _start_executor_manager_thread
  File "/global/software/rocky-8.x86_64/python-3.11.6/._python-3.11.6/zxbhdko4pyfbffp3rebfywqstwyqctut/python/3.11.6-gcc/lib/python3.11/concurrent/futures/process.py", line 809 in submit
  File "/global/scratch/fsa/fc_jevons/ligon/mirrors/LSMS_Library/lsms_library/_parallel_waves.py", line 580 in <listcomp>
  File "/global/scratch/fsa/fc_jevons/ligon/mirrors/LSMS_Library/lsms_library/_parallel_waves.py", line 580 in prebuild
  File "/global/scratch/fsa/fc_jevons/ligon/mirrors/LSMS_Library/lsms_library/country.py", line 3683 in load_from_waves
  File "/global/scratch/fsa/fc_jevons/ligon/mirrors/LSMS_Library/lsms_library/country.py", line 3912 in load_dataframe_with_dvc
  File "/global/scratch/fsa/fc_jevons/ligon/mirrors/LSMS_Library/lsms_library/country.py", line 4085 in load_with_dvc_cache
  File "/global/scratch/fsa/fc_jevons/ligon/mirrors/LSMS_Library/lsms_library/country.py", line 4102 in _aggregate_wave_data
  File "/global/scratch/fsa/fc_jevons/ligon/mirrors/LSMS_Library/lsms_library/country.py", line 4653 in method
  File "/global/scratch/fsa/fc_jevons/ligon/mirrors/LSMS_Library/lsms_library/country.py", line 2272 in _join_v_from_sample
  File "/global/scratch/fsa/fc_jevons/ligon/mirrors/LSMS_Library/lsms_library/country.py", line 2980 in _finalize_result
  File "/global/scratch/fsa/fc_jevons/ligon/mirrors/LSMS_Library/lsms_library/country.py", line 4115 in _aggregate_wave_data
  File "/global/scratch/fsa/fc_jevons/ligon/mirrors/LSMS_Library/lsms_library/country.py", line 4653 in method
  File "/global/scratch/fsa/fc_jevons/ligon/mirrors/LSMS_Library/tests/test_tanzania_grain_gh323.py", line 33 in _build
  File "/global/scratch/fsa/fc_jevons/ligon/mirrors/LSMS_Library/tests/test_tanzania_grain_gh323.py", line 53 in interview_date
  File "/global/scratch/fsa/fc_jevons/ligon/mirrors/LSMS_Library/.venv/lib/python3.11/site-packages/_pytest/fixtures.py", line 930 in call_fixture_func
  File "/global/scratch/fsa/fc_jevons/ligon/mirrors/LSMS_Library/.venv/lib/python3.11/site-packages/_pytest/fixtures.py", line 1196 in pytest_fixture_setup
  File "/global/scratch/fsa/fc_jevons/ligon/mirrors/LSMS_Library/.venv/lib/python3.11/site-packages/pluggy/_callers.py", line 121 in _multicall
  File "/global/scratch/fsa/fc_jevons/ligon/mirrors/LSMS_Library/.venv/lib/python3.11/site-packages/pluggy/_manager.py", line 120 in _hookexec
  File "/global/scratch/fsa/fc_jevons/ligon/mirrors/LSMS_Library/.venv/lib/python3.11/site-packages/pluggy/_hooks.py", line 512 in __call__
  File "/global/scratch/fsa/fc_jevons/ligon/mirrors/LSMS_Library/.venv/lib/python3.11/site-packages/_pytest/fixtures.py", line 1128 in execute
  File "/global/scratch/fsa/fc_jevons/ligon/mirrors/LSMS_Library/.venv/lib/python3.11/site-packages/_pytest/fixtures.py", line 640 in _get_active_fixturedef
  File "/global/scratch/fsa/fc_jevons/ligon/mirrors/LSMS_Library/.venv/lib/python3.11/site-packages/_pytest/fixtures.py", line 549 in getfixturevalue
  File "/global/scratch/fsa/fc_jevons/ligon/mirrors/LSMS_Library/.venv/lib/python3.11/site-packages/_pytest/fixtures.py", line 720 in _fillfixtures
  File "/global/scratch/fsa/fc_jevons/ligon/mirrors/LSMS_Library/.venv/lib/python3.11/site-packages/_pytest/python.py", line 1674 in setup
  File "/global/scratch/fsa/fc_jevons/ligon/mirrors/LSMS_Library/.venv/lib/python3.11/site-packages/_pytest/runner.py", line 514 in setup
  File "/global/scratch/fsa/fc_jevons/ligon/mirrors/LSMS_Library/.venv/lib/python3.11/site-packages/_pytest/runner.py", line 164 in pytest_runtest_setup
  File "/global/scratch/fsa/fc_jevons/ligon/mirrors/LSMS_Library/.venv/lib/python3.11/site-packages/pluggy/_callers.py", line 121 in _multicall
  File "/global/scratch/fsa/fc_jevons/ligon/mirrors/LSMS_Library/.venv/lib/python3.11/site-packages/pluggy/_manager.py", line 120 in _hookexec
  File "/global/scratch/fsa/fc_jevons/ligon/mirrors/LSMS_Library/.venv/lib/python3.11/site-packages/pluggy/_hooks.py", line 512 in __call__
  File "/global/scratch/fsa/fc_jevons/ligon/mirrors/LSMS_Library/.venv/lib/python3.11/site-packages/_pytest/runner.py", line 246 in <lambda>
  File "/global/scratch/fsa/fc_jevons/ligon/mirrors/LSMS_Library/.venv/lib/python3.11/site-packages/_pytest/runner.py", line 344 in from_call
  File "/global/scratch/fsa/fc_jevons/ligon/mirrors/LSMS_Library/.venv/lib/python3.11/site-packages/_pytest/runner.py", line 245 in call_and_report
  File "/global/scratch/fsa/fc_jevons/ligon/mirrors/LSMS_Library/.venv/lib/python3.11/site-packages/_pytest/runner.py", line 130 in runtestprotocol
  File "/global/scratch/fsa/fc_jevons/ligon/mirrors/LSMS_Library/.venv/lib/python3.11/site-packages/_pytest/runner.py", line 117 in pytest_runtest_protocol
  File "/global/scratch/fsa/fc_jevons/ligon/mirrors/LSMS_Library/.venv/lib/python3.11/site-packages/pluggy/_callers.py", line 121 in _multicall
  File "/global/scratch/fsa/fc_jevons/ligon/mirrors/LSMS_Library/.venv/lib/python3.11/site-packages/pluggy/_manager.py", line 120 in _hookexec
  File "/global/scratch/fsa/fc_jevons/ligon/mirrors/LSMS_Library/.venv/lib/python3.11/site-packages/pluggy/_hooks.py", line 512 in __call__
  File "/global/scratch/fsa/fc_jevons/ligon/mirrors/LSMS_Library/.venv/lib/python3.11/site-packages/xdist/remote.py", line 227 in run_one_test
  File "/global/scratch/fsa/fc_jevons/ligon/mirrors/LSMS_Library/.venv/lib/python3.11/site-packages/xdist/remote.py", line 206 in pytest_runtestloop
  File "/global/scratch/fsa/fc_jevons/ligon/mirrors/LSMS_Library/.venv/lib/python3.11/site-packages/pluggy/_callers.py", line 121 in _multicall
  File "/global/scratch/fsa/fc_jevons/ligon/mirrors/LSMS_Library/.venv/lib/python3.11/site-packages/pluggy/_manager.py", line 120 in _hookexec
  File "/global/scratch/fsa/fc_jevons/ligon/mirrors/LSMS_Library/.venv/lib/python3.11/site-packages/pluggy/_hooks.py", line 512 in __call__
  File "/global/scratch/fsa/fc_jevons/ligon/mirrors/LSMS_Library/.venv/lib/python3.11/site-packages/_pytest/main.py", line 343 in _main
  File "/global/scratch/fsa/fc_jevons/ligon/mirrors/LSMS_Library/.venv/lib/python3.11/site-packages/_pytest/main.py", line 289 in wrap_session
  File "/global/scratch/fsa/fc_jevons/ligon/mirrors/LSMS_Library/.venv/lib/python3.11/site-packages/_pytest/main.py", line 336 in pytest_cmdline_main
  File "/global/scratch/fsa/fc_jevons/ligon/mirrors/LSMS_Library/.venv/lib/python3.11/site-packages/pluggy/_callers.py", line 121 in _multicall
  File "/global/scratch/fsa/fc_jevons/ligon/mirrors/LSMS_Library/.venv/lib/python3.11/site-packages/pluggy/_manager.py", line 120 in _hookexec
  File "/global/scratch/fsa/fc_jevons/ligon/mirrors/LSMS_Library/.venv/lib/python3.11/site-packages/pluggy/_hooks.py", line 512 in __call__
  File "/global/scratch/fsa/fc_jevons/ligon/mirrors/LSMS_Library/.venv/lib/python3.11/site-packages/xdist/remote.py", line 427 in <module>
  File "/global/scratch/fsa/fc_jevons/ligon/mirrors/LSMS_Library/.venv/lib/python3.11/site-packages/execnet/gateway_base.py", line 1291 in executetask
  File "/global/scratch/fsa/fc_jevons/ligon/mirrors/LSMS_Library/.venv/lib/python3.11/site-packages/execnet/gateway_base.py", line 341 in run
  File "/global/scratch/fsa/fc_jevons/ligon/mirrors/LSMS_Library/.venv/lib/python3.11/site-packages/execnet/gateway_base.py", line 411 in _perform_spawn
  File "/global/scratch/fsa/fc_jevons/ligon/mirrors/LSMS_Library/.venv/lib/python3.11/site-packages/execnet/gateway_base.py", line 389 in integrate_as_primary_thread
  File "/global/scratch/fsa/fc_jevons/ligon/mirrors/LSMS_Library/.venv/lib/python3.11/site-packages/execnet/gateway_base.py", line 1273 in serve
  File "/global/scratch/fsa/fc_jevons/ligon/mirrors/LSMS_Library/.venv/lib/python3.11/site-packages/execnet/gateway_base.py", line 1806 in serve
  File "<string>", line 8 in <module>
  File "<string>", line 1 in <module>

Extension modules: yaml._yaml, numpy._core._multiarray_umath, numpy.linalg._umath_linalg, pyarrow.lib, numpy.random._common, numpy.random.bit_generator, numpy.random._bounded_integers, numpy.random._pcg64, numpy.random._generator, numpy.random._mt19937, numpy.random._philox, numpy.random._sfc64, numpy.random.mtrand, _cyutility, pandas._libs._cyutility, pandas._libs.tslibs.ccalendar, pandas._libs.tslibs.np_datetime, pandas._libs.tslibs.dtypes, pandas._libs.tslibs.base, pandas._libs.tslibs.nattype, pandas._libs.tslibs.timezones, pandas._libs.properties, pandas._libs.tslibs.fields, pandas._libs.tslibs.timedeltas, pandas._libs.tslibs.tzconversion, pandas._libs.tslibs.timestamps, pandas._libs.tslibs.offsets, pandas._libs.tslibs.strptime, pandas._libs.tslibs.parsing, pandas._libs.tslibs.conversion, pandas._libs.tslibs.period, pandas._libs.tslibs.vectorized, pandas._libs.ops_dispatch, pandas._libs.missing, pandas._libs.hashtable, pandas._libs.algos, pandas._libs.interval, pandas._libs.lib, pyarrow._compute, pandas._libs.ops, pandas._libs.hashing, pandas._libs.arrays, pandas._libs.tslib, pandas._libs.sparse, pandas._libs.internals, pandas._libs.indexing, pandas._libs.index, pandas._libs.writers, pandas._libs.join, pandas._libs.window.aggregations, pandas._libs.window.indexers, pandas._libs.reshape, pandas._libs.groupby, pandas._libs.json, pandas._libs.parsers, pandas._libs.testing, _cffi_backend, chardet.models, chardet.pipeline.ascii, chardet.pipeline.confusion, chardet.pipeline.escape, chardet.pipeline.magic, chardet.pipeline.statistical, chardet.pipeline.structural, chardet.pipeline.utf8, chardet.pipeline.utf1632, chardet.pipeline.validity, chardet.pipeline.orchestrator, charset_normalizer.md, charset_normalizer.cd, requests.packages.chardet.models, requests.packages.chardet.pipeline.ascii, requests.packages.chardet.pipeline.confusion, requests.packages.chardet.pipeline.escape, requests.packages.chardet.pipeline.magic, requests.packages.chardet.pipeline.statistical, requests.packages.chardet.pipeline.structural, requests.packages.chardet.pipeline.utf8, requests.packages.chardet.pipeline.utf1632, requests.packages.chardet.pipeline.validity, requests.packages.chardet.pipeline.orchestrator, rapidfuzz._feature_detector_cpp, rapidfuzz.distance._initialize_cpp, rapidfuzz.distance.metrics_cpp_avx2, rapidfuzz.fuzz_cpp_avx2, rapidfuzz.process_cpp_impl, rapidfuzz.utils_cpp, pyreadstat._readstat_parser, pyreadstat._readstat_writer, pyreadstat.pyreadstat, zstandard.backend_c, psutil._psutil_linux, scipy._cyutility, scipy._lib._ccallback_c, scipy.linalg._fblas, scipy.linalg._flapack, scipy.linalg.cython_lapack, scipy.linalg._cythonized_array_utils, scipy.linalg._solve_toeplitz, scipy.linalg._batched_linalg, scipy.linalg._decomp_lu_cython, scipy.linalg._matfuncs_schur_sqrtm, scipy.linalg._matfuncs_expm, scipy.linalg._linalg_pythran, scipy.linalg.cython_blas, scipy.linalg._decomp_update, scipy.sparse._sparsetools, _csparsetools, scipy.sparse._csparsetools, scipy.sparse.linalg._dsolve._superlu, scipy.sparse.linalg._eigen.arpack._arpacklib, scipy.sparse.linalg._propack, scipy.optimize._group_columns, scipy._lib.messagestream, scipy.optimize._trlib._trlib, scipy.optimize._lbfgsb, _moduleTNC, scipy.optimize._moduleTNC, scipy.optimize._slsqplib, scipy.optimize._minpack, scipy.optimize._lsq.givens_elimination, scipy.optimize._zeros, scipy._lib._uarray._uarray, scipy.special._ufuncs_cxx, scipy.special._ellip_harm_2, scipy.special._special_ufuncs, scipy.special._gufuncs, scipy.special._ufuncs, scipy.special._specfun, scipy.special._comb, scipy.linalg._decomp_interpolative, scipy.optimize._bglu_dense, scipy.optimize._lsap, scipy.spatial._ckdtree, scipy.spatial._qhull, scipy.spatial._voronoi, scipy.spatial._hausdorff, scipy.spatial._distance_wrap, scipy.spatial.transform._rotation_cy, scipy.spatial.transform._rigid_transform_cy, scipy.optimize._direct, PIL._imaging, kiwisolver._cext, scipy.integrate._odepack, scipy.integrate._quadpack, scipy.integrate._vode, scipy.integrate._dop, scipy.interpolate._fitpack, scipy.interpolate._dfitpack, scipy.interpolate._dierckx, scipy.interpolate._ppoly, scipy.interpolate._interpnd, scipy.interpolate._rbfinterp_pythran, scipy.interpolate._rgi_cython, scipy.special.cython_special, scipy.stats._stats, scipy.stats._biasedurn, scipy.stats._stats_pythran, scipy.stats._levy_stable.levyst, scipy.stats._ansari_swilk_statistics, scipy.sparse.csgraph._tools, scipy.sparse.csgraph._shortest_path, scipy.sparse.csgraph._traversal, scipy.sparse.csgraph._min_spanning_tree, scipy.sparse.csgraph._flow, scipy.sparse.csgraph._matching, scipy.sparse.csgraph._reordering, scipy.stats._sobol, scipy.stats._qmc_cy, scipy.stats._rcont.rcont, scipy.stats._qmvnt_cy, scipy.ndimage._nd_image, scipy.ndimage._rank_filter_1d, _ni_label, scipy.ndimage._ni_label, sklearn.__check_build._check_build, sklearn._cyutility, sklearn.utils._isfinite, sklearn.utils.sparsefuncs_fast, sklearn.utils.murmurhash, sklearn.utils._openmp_helpers, sklearn.metrics.cluster._expected_mutual_info_fast, sklearn.metrics._dist_metrics, sklearn.metrics._pairwise_distances_reduction._datasets_pair, sklearn.utils._cython_blas, sklearn.metrics._pairwise_distances_reduction._base, sklearn.metrics._pairwise_distances_reduction._middle_term_computer, sklearn.utils._heap, sklearn.utils._sorting, sklearn.metrics._pairwise_distances_reduction._argkmin, sklearn.metrics._pairwise_distances_reduction._argkmin_classmode, sklearn.utils._vector_sentinel, sklearn.metrics._pairwise_distances_reduction._radius_neighbors, sklearn.metrics._pairwise_distances_reduction._radius_neighbors_classmode, sklearn.metrics._pairwise_fast, sklearn.preprocessing._csr_polynomial_expansion, sklearn.preprocessing._target_encoder_fast, sklearn.utils._random, sklearn.utils._fast_dict, sklearn.cluster._hierarchical_fast, sklearn.cluster._k_means_common, sklearn.cluster._k_means_elkan, sklearn.cluster._k_means_lloyd, sklearn.cluster._k_means_minibatch, sklearn.cluster._dbscan_inner, sklearn.neighbors._partition_nodes, sklearn.neighbors._ball_tree, sklearn.neighbors._kd_tree, sklearn.utils.arrayfuncs, sklearn.utils._seq_dataset, sklearn.linear_model._cd_fast, _loss, sklearn._loss._loss, sklearn.linear_model._sag_fast, sklearn.svm._liblinear, sklearn.svm._libsvm, sklearn.svm._libsvm_sparse, sklearn.utils._weight_vector, sklearn.linear_model._sgd_fast, sklearn.decomposition._online_lda_fast, sklearn.decomposition._cdnmf_fast, sklearn.cluster._hdbscan._tree, sklearn.cluster._hdbscan._linkage, sklearn.cluster._hdbscan._reachability, sklearn._isotonic, sklearn.tree._utils, sklearn.tree._tree, sklearn.tree._partitioner, sklearn.tree._splitter, sklearn.tree._criterion, sklearn.neighbors._quad_tree, sklearn.manifold._barnes_hut_tsne, sklearn.manifold._utils, pyarrow._parquet, pyarrow._fs, pyarrow._azurefs, pyarrow._hdfs, pyarrow._gcsfs, pyarrow._s3fs, pyarrow._acero, pyarrow._csv, pyarrow._json, pyarrow._substrait, pyarrow._dataset, pyarrow._dataset_orc, pyarrow._parquet_encryption, pyarrow._dataset_parquet_encryption, pyarrow._dataset_parquet (total: 248)
ss.F....ss.............................................. [ 87%]
........................................................................ [ 89%]
........................................................................ [ 91%]
s.ss........................s........................................... [ 93%]
.........................s.s............................................ [ 96%]
...........................s...s........................................ [ 98%]
...............................................................          [100%]
==================================== ERRORS ====================================
__________ ERROR at setup of test_2018_19_season_B_serves_a_real_unit __________
[gw17] linux -- Python 3.11.6 /global/scratch/fsa/fc_jevons/ligon/mirrors/LSMS_Library/.venv/bin/python

    @pytest.fixture(scope="module")
    def crop_production() -> pd.DataFrame:
        """The built table.
    
        Skips only when the build could not have succeeded for ENVIRONMENTAL
        reasons (no S3 credentials, hence no source data).  With credentials a
        build failure is a DEFECT and is re-raised — a mis-wired `CROP_COLMAPS`
        raises `CropColmapError`, and turning that into a skip is the same silent
        failure these tests exist to close.
        """
        try:
            import lsms_library as ll
    
            with warnings.catch_warnings():
                warnings.simplefilter("ignore")
                df = ll.Country("Uganda", preload_panel_ids=False,
>                               verbose=False).crop_production()
                                               ^^^^^^^^^^^^^^^^^

tests/test_gh842_uganda_harvest_unit.py:221: 
_ _ _ _ _ _ _ _ _ _ _ _ _ _ _ _ _ _ _ _ _ _ _ _ _ _ _ _ _ _ _ _ _ _ _ _ _ _ _ _ 
lsms_library/country.py:4653: in method
    result = self._aggregate_wave_data(waves, name, currency=currency)
             ^^^^^^^^^^^^^^^^^^^^^^^^^^^^^^^^^^^^^^^^^^^^^^^^^^^^^^^^^
lsms_library/country.py:4102: in _aggregate_wave_data
    df = load_with_dvc_cache(method_name)
         ^^^^^^^^^^^^^^^^^^^^^^^^^^^^^^^^
lsms_library/country.py:4085: in load_with_dvc_cache
    return load_dataframe_with_dvc(method_name)
           ^^^^^^^^^^^^^^^^^^^^^^^^^^^^^^^^^^^^
lsms_library/country.py:3912: in load_dataframe_with_dvc
    df = load_from_waves(waves)
         ^^^^^^^^^^^^^^^^^^^^^^
lsms_library/country.py:3695: in load_from_waves
    wave_has_table, wave_result = _parallel_waves.relay(
_ _ _ _ _ _ _ _ _ _ _ _ _ _ _ _ _ _ _ _ _ _ _ _ _ _ _ _ _ _ _ _ _ _ _ _ _ _ _ _ 

payload = {'error': (BlockingIOError(11, 'Resource temporarily unavailable'), 'BlockingIOError', '[Errno 11] Resource temporaril...^^\nBlockingIOError: [Errno 11] Resource temporarily unavailable\n'), 'grain': [], 'has_table': False, 'null': [], ...}

    def relay(payload: dict, *, country: str, table: str) -> tuple[bool, Any]:
        """Replay one wave's captured side effects in the parent, then return
        ``(wave_has_table, wave_result)`` -- or raise the wave's exception."""
        for packed in payload["warnings"]:
            _emit_warning(packed)
        grain, null = _ledgers()
        _file_reports(grain, payload["grain"])
        _file_reports(null, payload["null"])
        err = payload.get("error")
        if err is not None:
            exc, type_name, text, tb = err
            where = f"{country}/{payload['wave']}/{table}"
            if exc is None:
                exc = RuntimeError(f"{type_name}: {text}")
            note = f"raised while building {where} in a parallel wave worker; worker traceback:\n{tb}"
            if hasattr(exc, "add_note"):        # 3.11+
                exc.add_note(note)
>           raise exc
E           BlockingIOError: [Errno 11] Resource temporarily unavailable
E           raised while building Uganda/2019-20/crop_production in a parallel wave worker; worker traceback:
E           Traceback (most recent call last):
E             File "/global/scratch/fsa/fc_jevons/ligon/mirrors/LSMS_Library/lsms_library/_parallel_waves.py", line 458, in _build_captured
E               has_table, result = build_one(wave)
E                                   ^^^^^^^^^^^^^^^
E             File "/global/scratch/fsa/fc_jevons/ligon/mirrors/LSMS_Library/lsms_library/country.py", line 3636, in build_wave
E               wave_result = getattr(wave_obj, method_name)()
E                             ^^^^^^^^^^^^^^^^^^^^^^^^^^^^^^^^
E             File "/global/scratch/fsa/fc_jevons/ligon/mirrors/LSMS_Library/lsms_library/country.py", line 743, in method
E               return self.grab_data(method_name)
E                      ^^^^^^^^^^^^^^^^^^^^^^^^^^^
E             File "/global/scratch/fsa/fc_jevons/ligon/mirrors/LSMS_Library/lsms_library/country.py", line 1615, in grab_data
E               subprocess.run(make_cmd, cwd=cwd_path, check=True, env=env)
E             File "/global/software/rocky-8.x86_64/python-3.11.6/._python-3.11.6/zxbhdko4pyfbffp3rebfywqstwyqctut/python/3.11.6-gcc/lib/python3.11/subprocess.py", line 548, in run
E               with Popen(*popenargs, **kwargs) as process:
E                    ^^^^^^^^^^^^^^^^^^^^^^^^^^^
E             File "/global/software/rocky-8.x86_64/python-3.11.6/._python-3.11.6/zxbhdko4pyfbffp3rebfywqstwyqctut/python/3.11.6-gcc/lib/python3.11/subprocess.py", line 1026, in __init__
E               self._execute_child(args, executable, preexec_fn, close_fds,
E             File "/global/software/rocky-8.x86_64/python-3.11.6/._python-3.11.6/zxbhdko4pyfbffp3rebfywqstwyqctut/python/3.11.6-gcc/lib/python3.11/subprocess.py", line 1883, in _execute_child
E               self.pid = _fork_exec(
E                          ^^^^^^^^^^^
E           BlockingIOError: [Errno 11] Resource temporarily unavailable

lsms_library/_parallel_waves.py:538: BlockingIOError
---------------------------- Captured stderr setup -----------------------------
OpenBLAS blas_thread_init: pthread_create failed for thread 12 of 32: Resource temporarily unavailable
OpenBLAS blas_thread_init: ensure that your address space and process count limits are big enough (ulimit -a)
OpenBLAS blas_thread_init: or set a smaller OPENBLAS_NUM_THREADS to fit into what you have available
OpenBLAS blas_thread_init: RLIMIT_NPROC 8192 current, 8192 max
OpenBLAS blas_thread_init: pthread_create failed for thread 13 of 32: Resource temporarily unavailable
OpenBLAS blas_thread_init: ensure that your address space and process count limits are big enough (ulimit -a)
OpenBLAS blas_thread_init: or set a smaller OPENBLAS_NUM_THREADS to fit into what you have available
OpenBLAS blas_thread_init: RLIMIT_NPROC 8192 current, 8192 max
OpenBLAS blas_thread_init: pthread_create failed for thread 14 of 32: Resource temporarily unavailable
OpenBLAS blas_thread_init: ensure that your address space and process count limits are big enough (ulimit -a)
OpenBLAS blas_thread_init: or set a smaller OPENBLAS_NUM_THREADS to fit into what you have available
OpenBLAS blas_thread_init: RLIMIT_NPROC 8192 current, 8192 max
OpenBLAS blas_thread_init: pthread_create failed for thread 15 of 32: Resource temporarily unavailable
OpenBLAS blas_thread_init: ensure that your address space and process count limits are big enough (ulimit -a)
OpenBLAS blas_thread_init: or set a smaller OPENBLAS_NUM_THREADS to fit into what you have available
OpenBLAS blas_thread_init: RLIMIT_NPROC 8192 current, 8192 max
OpenBLAS blas_thread_init: pthread_create failed for thread 16 of 32: Resource temporarily unavailable
OpenBLAS blas_thread_init: ensure that your address space and process count limits are big enough (ulimit -a)
OpenBLAS blas_thread_init: or set a smaller OPENBLAS_NUM_THREADS to fit into what you have available
OpenBLAS blas_thread_init: RLIMIT_NPROC 8192 current, 8192 max
OpenBLAS blas_thread_init: pthread_create failed for thread 17 of 32: Resource temporarily unavailable
OpenBLAS blas_thread_init: ensure that your address space and process count limits are big enough (ulimit -a)
OpenBLAS blas_thread_init: or set a smaller OPENBLAS_NUM_THREADS to fit into what you have available
OpenBLAS blas_thread_init: RLIMIT_NPROC 8192 current, 8192 max
OpenBLAS blas_thread_init: pthread_create failed for thread 18 of 32: Resource temporarily unavailable
OpenBLAS blas_thread_init: ensure that your address space and process count limits are big enough (ulimit -a)
OpenBLAS blas_thread_init: or set a smaller OPENBLAS_NUM_THREADS to fit into what you have available
OpenBLAS blas_thread_init: RLIMIT_NPROC 8192 current, 8192 max
OpenBLAS blas_thread_init: pthread_create failed for thread 19 of 32: Resource temporarily unavailable
OpenBLAS blas_thread_init: ensure that your address space and process count limits are big enough (ulimit -a)
OpenBLAS blas_thread_init: or set a smaller OPENBLAS_NUM_THREADS to fit into what you have available
OpenBLAS blas_thread_init: RLIMIT_NPROC 8192 current, 8192 max
OpenBLAS blas_thread_init: pthread_create failed for thread 20 of 32: Resource temporarily unavailable
OpenBLAS blas_thread_init: ensure that your address space and process count limits are big enough (ulimit -a)
OpenBLAS blas_thread_init: or set a smaller OPENBLAS_NUM_THREADS to fit into what you have available
OpenBLAS blas_thread_init: RLIMIT_NPROC 8192 current, 8192 max
OpenBLAS blas_thread_init: pthread_create failed for thread 21 of 32: Resource temporarily unavailable
OpenBLAS blas_thread_init: ensure that your address space and process count limits are big enough (ulimit -a)
OpenBLAS blas_thread_init: or set a smaller OPENBLAS_NUM_THREADS to fit into what you have available
OpenBLAS blas_thread_init: RLIMIT_NPROC 8192 current, 8192 max
OpenBLAS blas_thread_init: pthread_create failed for thread 22 of 32: Resource temporarily unavailable
OpenBLAS blas_thread_init: ensure that your address space and process count limits are big enough (ulimit -a)
OpenBLAS blas_thread_init: or set a smaller OPENBLAS_NUM_THREADS to fit into what you have available
OpenBLAS blas_thread_init: RLIMIT_NPROC 8192 current, 8192 max
OpenBLAS blas_thread_init: pthread_create failed for thread 23 of 32: Resource temporarily unavailable
OpenBLAS blas_thread_init: ensure that your address space and process count limits are big enough (ulimit -a)
OpenBLAS blas_thread_init: or set a smaller OPENBLAS_NUM_THREADS to fit into what you have available
OpenBLAS blas_thread_init: RLIMIT_NPROC 8192 current, 8192 max
OpenBLAS blas_thread_init: pthread_create failed for thread 24 of 32: Resource temporarily unavailable
OpenBLAS blas_thread_init: ensure that your address space and process count limits are big enough (ulimit -a)
OpenBLAS blas_thread_init: or set a smaller OPENBLAS_NUM_THREADS to fit into what you have available
OpenBLAS blas_thread_init: RLIMIT_NPROC 8192 current, 8192 max
OpenBLAS blas_thread_init: pthread_create failed for thread 25 of 32: Resource temporarily unavailable
OpenBLAS blas_thread_init: ensure that your address space and process count limits are big enough (ulimit -a)
OpenBLAS blas_thread_init: or set a smaller OPENBLAS_NUM_THREADS to fit into what you have available
OpenBLAS blas_thread_init: RLIMIT_NPROC 8192 current, 8192 max
OpenBLAS blas_thread_init: pthread_create failed for thread 26 of 32: Resource temporarily unavailable
OpenBLAS blas_thread_init: ensure that your address space and process count limits are big enough (ulimit -a)
OpenBLAS blas_thread_init: or set a smaller OPENBLAS_NUM_THREADS to fit into what you have available
OpenBLAS blas_thread_init: RLIMIT_NPROC 8192 current, 8192 max
OpenBLAS blas_thread_init: pthread_create failed for thread 27 of 32: Resource temporarily unavailable
OpenBLAS blas_thread_init: ensure that your address space and process count limits are big enough (ulimit -a)
OpenBLAS blas_thread_init: or set a smaller OPENBLAS_NUM_THREADS to fit into what you have available
OpenBLAS blas_thread_init: RLIMIT_NPROC 8192 current, 8192 max
OpenBLAS blas_thread_init: pthread_create failed for thread 28 of 32: Resource temporarily unavailable
OpenBLAS blas_thread_init: ensure that your address space and process count limits are big enough (ulimit -a)
OpenBLAS blas_thread_init: or set a smaller OPENBLAS_NUM_THREADS to fit into what you have available
OpenBLAS blas_thread_init: RLIMIT_NPROC 8192 current, 8192 max
OpenBLAS blas_thread_init: pthread_create failed for thread 29 of 32: Resource temporarily unavailable
OpenBLAS blas_thread_init: ensure that your address space and process count limits are big enough (ulimit -a)
OpenBLAS blas_thread_init: or set a smaller OPENBLAS_NUM_THREADS to fit into what you have available
OpenBLAS blas_thread_init: RLIMIT_NPROC 8192 current, 8192 max
OpenBLAS blas_thread_init: pthread_create failed for thread 30 of 32: Resource temporarily unavailable
OpenBLAS blas_thread_init: ensure that your address space and process count limits are big enough (ulimit -a)
OpenBLAS blas_thread_init: or set a smaller OPENBLAS_NUM_THREADS to fit into what you have available
OpenBLAS blas_thread_init: RLIMIT_NPROC 8192 current, 8192 max
OpenBLAS blas_thread_init: pthread_create failed for thread 31 of 32: Resource temporarily unavailable
OpenBLAS blas_thread_init: ensure that your address space and process count limits are big enough (ulimit -a)
OpenBLAS blas_thread_init: or set a smaller OPENBLAS_NUM_THREADS to fit into what you have available
OpenBLAS blas_thread_init: RLIMIT_NPROC 8192 current, 8192 max
OpenBLAS blas_thread_init: pthread_create failed for thread 1 of 32: Resource temporarily unavailable
OpenBLAS blas_thread_init: ensure that your address space and process count limits are big enough (ulimit -a)
OpenBLAS blas_thread_init: or set a smaller OPENBLAS_NUM_THREADS to fit into what you have available
OpenBLAS blas_thread_init: RLIMIT_NPROC 8192 current, 8192 max
OpenBLAS blas_thread_init: pthread_create failed for thread 2 of 32: Resource temporarily unavailable
OpenBLAS blas_thread_init: ensure that your address space and process count limits are big enough (ulimit -a)
OpenBLAS blas_thread_init: or set a smaller OPENBLAS_NUM_THREADS to fit into what you have available
OpenBLAS blas_thread_init: RLIMIT_NPROC 8192 current, 8192 max
OpenBLAS blas_thread_init: pthread_create failed for thread 3 of 32: Resource temporarily unavailable
OpenBLAS blas_thread_init: ensure that your address space and process count limits are big enough (ulimit -a)
OpenBLAS blas_thread_init: or set a smaller OPENBLAS_NUM_THREADS to fit into what you have available
OpenBLAS blas_thread_init: RLIMIT_NPROC 8192 current, 8192 max
OpenBLAS blas_thread_init: pthread_create failed for thread 4 of 32: Resource temporarily unavailable
OpenBLAS blas_thread_init: ensure that your address space and process count limits are big enough (ulimit -a)
OpenBLAS blas_thread_init: or set a smaller OPENBLAS_NUM_THREADS to fit into what you have available
OpenBLAS blas_thread_init: RLIMIT_NPROC 8192 current, 8192 max
OpenBLAS blas_thread_init: pthread_create failed for thread 5 of 32: Resource temporarily unavailable
OpenBLAS blas_thread_init: ensure that your address space and process count limits are big enough (ulimit -a)
OpenBLAS blas_thread_init: or set a smaller OPENBLAS_NUM_THREADS to fit into what you have available
OpenBLAS blas_thread_init: RLIMIT_NPROC 8192 current, 8192 max
OpenBLAS blas_thread_init: pthread_create failed for thread 6 of 32: Resource temporarily unavailable
OpenBLAS blas_thread_init: ensure that your address space and process count limits are big enough (ulimit -a)
OpenBLAS blas_thread_init: or set a smaller OPENBLAS_NUM_THREADS to fit into what you have available
OpenBLAS blas_thread_init: RLIMIT_NPROC 8192 current, 8192 max
OpenBLAS blas_thread_init: pthread_create failed for thread 7 of 32: Resource temporarily unavailable
OpenBLAS blas_thread_init: ensure that your address space and process count limits are big enough (ulimit -a)
OpenBLAS blas_thread_init: or set a smaller OPENBLAS_NUM_THREADS to fit into what you have available
OpenBLAS blas_thread_init: RLIMIT_NPROC 8192 current, 8192 max
OpenBLAS blas_thread_init: pthread_create failed for thread 8 of 32: Resource temporarily unavailable
OpenBLAS blas_thread_init: ensure that your address space and process count limits are big enough (ulimit -a)
OpenBLAS blas_thread_init: or set a smaller OPENBLAS_NUM_THREADS to fit into what you have available
OpenBLAS blas_thread_init: RLIMIT_NPROC 8192 current, 8192 max
OpenBLAS blas_thread_init: pthread_create failed for thread 9 of 32: Resource temporarily unavailable
OpenBLAS blas_thread_init: ensure that your address space and process count limits are big enough (ulimit -a)
OpenBLAS blas_thread_init: or set a smaller OPENBLAS_NUM_THREADS to fit into what you have available
OpenBLAS blas_thread_init: RLIMIT_NPROC 8192 current, 8192 max
OpenBLAS blas_thread_init: pthread_create failed for thread 10 of 32: Resource temporarily unavailable
OpenBLAS blas_thread_init: ensure that your address space and process count limits are big enough (ulimit -a)
OpenBLAS blas_thread_init: or set a smaller OPENBLAS_NUM_THREADS to fit into what you have available
OpenBLAS blas_thread_init: RLIMIT_NPROC 8192 current, 8192 max
OpenBLAS blas_thread_init: pthread_create failed for thread 11 of 32: Resource temporarily unavailable
OpenBLAS blas_thread_init: ensure that your address space and process count limits are big enough (ulimit -a)
OpenBLAS blas_thread_init: or set a smaller OPENBLAS_NUM_THREADS to fit into what you have available
OpenBLAS blas_thread_init: RLIMIT_NPROC 8192 current, 8192 max
OpenBLAS blas_thread_init: pthread_create failed for thread 12 of 32: Resource temporarily unavailable
OpenBLAS blas_thread_init: ensure that your address space and process count limits are big enough (ulimit -a)
OpenBLAS blas_thread_init: or set a smaller OPENBLAS_NUM_THREADS to fit into what you have available
OpenBLAS blas_thread_init: RLIMIT_NPROC 8192 current, 8192 max
OpenBLAS blas_thread_init: pthread_create failed for thread 13 of 32: Resource temporarily unavailable
OpenBLAS blas_thread_init: ensure that your address space and process count limits are big enough (ulimit -a)
OpenBLAS blas_thread_init: or set a smaller OPENBLAS_NUM_THREADS to fit into what you have available
OpenBLAS blas_thread_init: RLIMIT_NPROC 8192 current, 8192 max
OpenBLAS blas_thread_init: pthread_create failed for thread 14 of 32: Resource temporarily unavailable
OpenBLAS blas_thread_init: ensure that your address space and process count limits are big enough (ulimit -a)
OpenBLAS blas_thread_init: or set a smaller OPENBLAS_NUM_THREADS to fit into what you have available
OpenBLAS blas_thread_init: RLIMIT_NPROC 8192 current, 8192 max
OpenBLAS blas_thread_init: pthread_create failed for thread 15 of 32: Resource temporarily unavailable
OpenBLAS blas_thread_init: ensure that your address space and process count limits are big enough (ulimit -a)
OpenBLAS blas_thread_init: or set a smaller OPENBLAS_NUM_THREADS to fit into what you have available
OpenBLAS blas_thread_init: RLIMIT_NPROC 8192 current, 8192 max
OpenBLAS blas_thread_init: pthread_create failed for thread 16 of 32: Resource temporarily unavailable
OpenBLAS blas_thread_init: ensure that your address space and process count limits are big enough (ulimit -a)
OpenBLAS blas_thread_init: or set a smaller OPENBLAS_NUM_THREADS to fit into what you have available
OpenBLAS blas_thread_init: RLIMIT_NPROC 8192 current, 8192 max
OpenBLAS blas_thread_init: pthread_create failed for thread 17 of 32: Resource temporarily unavailable
OpenBLAS blas_thread_init: ensure that your address space and process count limits are big enough (ulimit -a)
OpenBLAS blas_thread_init: or set a smaller OPENBLAS_NUM_THREADS to fit into what you have available
OpenBLAS blas_thread_init: RLIMIT_NPROC 8192 current, 8192 max
OpenBLAS blas_thread_init: pthread_create failed for thread 18 of 32: Resource temporarily unavailable
OpenBLAS blas_thread_init: ensure that your address space and process count limits are big enough (ulimit -a)
OpenBLAS blas_thread_init: or set a smaller OPENBLAS_NUM_THREADS to fit into what you have available
OpenBLAS blas_thread_init: RLIMIT_NPROC 8192 current, 8192 max
OpenBLAS blas_thread_init: pthread_create failed for thread 19 of 32: Resource temporarily unavailable
OpenBLAS blas_thread_init: ensure that your address space and process count limits are big enough (ulimit -a)
OpenBLAS blas_thread_init: or set a smaller OPENBLAS_NUM_THREADS to fit into what you have available
OpenBLAS blas_thread_init: RLIMIT_NPROC 8192 current, 8192 max
OpenBLAS blas_thread_init: pthread_create failed for thread 20 of 32: Resource temporarily unavailable
OpenBLAS blas_thread_init: ensure that your address space and process count limits are big enough (ulimit -a)
OpenBLAS blas_thread_init: or set a smaller OPENBLAS_NUM_THREADS to fit into what you have available
OpenBLAS blas_thread_init: RLIMIT_NPROC 8192 current, 8192 max
OpenBLAS blas_thread_init: pthread_create failed for thread 21 of 32: Resource temporarily unavailable
OpenBLAS blas_thread_init: ensure that your address space and process count limits are big enough (ulimit -a)
OpenBLAS blas_thread_init: or set a smaller OPENBLAS_NUM_THREADS to fit into what you have available
OpenBLAS blas_thread_init: RLIMIT_NPROC 8192 current, 8192 max
OpenBLAS blas_thread_init: pthread_create failed for thread 22 of 32: Resource temporarily unavailable
OpenBLAS blas_thread_init: ensure that your address space and process count limits are big enough (ulimit -a)
OpenBLAS blas_thread_init: or set a smaller OPENBLAS_NUM_THREADS to fit into what you have available
OpenBLAS blas_thread_init: RLIMIT_NPROC 8192 current, 8192 max
OpenBLAS blas_thread_init: pthread_create failed for thread 23 of 32: Resource temporarily unavailable
OpenBLAS blas_thread_init: ensure that your address space and process count limits are big enough (ulimit -a)
OpenBLAS blas_thread_init: or set a smaller OPENBLAS_NUM_THREADS to fit into what you have available
OpenBLAS blas_thread_init: RLIMIT_NPROC 8192 current, 8192 max
OpenBLAS blas_thread_init: pthread_create failed for thread 24 of 32: Resource temporarily unavailable
OpenBLAS blas_thread_init: ensure that your address space and process count limits are big enough (ulimit -a)
OpenBLAS blas_thread_init: or set a smaller OPENBLAS_NUM_THREADS to fit into what you have available
OpenBLAS blas_thread_init: RLIMIT_NPROC 8192 current, 8192 max
OpenBLAS blas_thread_init: pthread_create failed for thread 25 of 32: Resource temporarily unavailable
OpenBLAS blas_thread_init: ensure that your address space and process count limits are big enough (ulimit -a)
OpenBLAS blas_thread_init: or set a smaller OPENBLAS_NUM_THREADS to fit into what you have available
OpenBLAS blas_thread_init: RLIMIT_NPROC 8192 current, 8192 max
OpenBLAS blas_thread_init: pthread_create failed for thread 26 of 32: Resource temporarily unavailable
OpenBLAS blas_thread_init: ensure that your address space and process count limits are big enough (ulimit -a)
OpenBLAS blas_thread_init: or set a smaller OPENBLAS_NUM_THREADS to fit into what you have available
OpenBLAS blas_thread_init: RLIMIT_NPROC 8192 current, 8192 max
OpenBLAS blas_thread_init: pthread_create failed for thread 27 of 32: Resource temporarily unavailable
OpenBLAS blas_thread_init: ensure that your address space and process count limits are big enough (ulimit -a)
OpenBLAS blas_thread_init: or set a smaller OPENBLAS_NUM_THREADS to fit into what you have available
OpenBLAS blas_thread_init: RLIMIT_NPROC 8192 current, 8192 max
OpenBLAS blas_thread_init: pthread_create failed for thread 28 of 32: Resource temporarily unavailable
OpenBLAS blas_thread_init: ensure that your address space and process count limits are big enough (ulimit -a)
OpenBLAS blas_thread_init: or set a smaller OPENBLAS_NUM_THREADS to fit into what you have available
OpenBLAS blas_thread_init: RLIMIT_NPROC 8192 current, 8192 max
OpenBLAS blas_thread_init: pthread_create failed for thread 29 of 32: Resource temporarily unavailable
OpenBLAS blas_thread_init: ensure that your address space and process count limits are big enough (ulimit -a)
OpenBLAS blas_thread_init: or set a smaller OPENBLAS_NUM_THREADS to fit into what you have available
OpenBLAS blas_thread_init: RLIMIT_NPROC 8192 current, 8192 max
OpenBLAS blas_thread_init: pthread_create failed for thread 30 of 32: Resource temporarily unavailable
OpenBLAS blas_thread_init: ensure that your address space and process count limits are big enough (ulimit -a)
OpenBLAS blas_thread_init: or set a smaller OPENBLAS_NUM_THREADS to fit into what you have available
OpenBLAS blas_thread_init: RLIMIT_NPROC 8192 current, 8192 max
OpenBLAS blas_thread_init: pthread_create failed for thread 31 of 32: Resource temporarily unavailable
OpenBLAS blas_thread_init: ensure that your address space and process count limits are big enough (ulimit -a)
OpenBLAS blas_thread_init: or set a smaller OPENBLAS_NUM_THREADS to fit into what you have available
OpenBLAS blas_thread_init: RLIMIT_NPROC 8192 current, 8192 max
OpenBLAS blas_thread_init: pthread_create failed for thread 1 of 32: Resource temporarily unavailable
OpenBLAS blas_thread_init: ensure that your address space and process count limits are big enough (ulimit -a)
OpenBLAS blas_thread_init: or set a smaller OPENBLAS_NUM_THREADS to fit into what you have available
OpenBLAS blas_thread_init: RLIMIT_NPROC 8192 current, 8192 max
OpenBLAS blas_thread_init: pthread_create failed for thread 2 of 32: Resource temporarily unavailable
OpenBLAS blas_thread_init: ensure that your address space and process count limits are big enough (ulimit -a)
OpenBLAS blas_thread_init: or set a smaller OPENBLAS_NUM_THREADS to fit into what you have available
OpenBLAS blas_thread_init: RLIMIT_NPROC 8192 current, 8192 max
OpenBLAS blas_thread_init: pthread_create failed for thread 3 of 32: Resource temporarily unavailable
OpenBLAS blas_thread_init: ensure that your address space and process count limits are big enough (ulimit -a)
OpenBLAS blas_thread_init: or set a smaller OPENBLAS_NUM_THREADS to fit into what you have available
OpenBLAS blas_thread_init: RLIMIT_NPROC 8192 current, 8192 max
OpenBLAS blas_thread_init: pthread_create failed for thread 4 of 32: Resource temporarily unavailable
OpenBLAS blas_thread_init: ensure that your address space and process count limits are big enough (ulimit -a)
OpenBLAS blas_thread_init: or set a smaller OPENBLAS_NUM_THREADS to fit into what you have available
OpenBLAS blas_thread_init: RLIMIT_NPROC 8192 current, 8192 max
OpenBLAS blas_thread_init: pthread_create failed for thread 5 of 32: Resource temporarily unavailable
OpenBLAS blas_thread_init: ensure that your address space and process count limits are big enough (ulimit -a)
OpenBLAS blas_thread_init: or set a smaller OPENBLAS_NUM_THREADS to fit into what you have available
OpenBLAS blas_thread_init: RLIMIT_NPROC 8192 current, 8192 max
OpenBLAS blas_thread_init: pthread_create failed for thread 6 of 32: Resource temporarily unavailable
OpenBLAS blas_thread_init: ensure that your address space and process count limits are big enough (ulimit -a)
OpenBLAS blas_thread_init: or set a smaller OPENBLAS_NUM_THREADS to fit into what you have available
OpenBLAS blas_thread_init: RLIMIT_NPROC 8192 current, 8192 max
OpenBLAS blas_thread_init: pthread_create failed for thread 7 of 32: Resource temporarily unavailable
OpenBLAS blas_thread_init: ensure that your address space and process count limits are big enough (ulimit -a)
OpenBLAS blas_thread_init: or set a smaller OPENBLAS_NUM_THREADS to fit into what you have available
OpenBLAS blas_thread_init: RLIMIT_NPROC 8192 current, 8192 max
OpenBLAS blas_thread_init: pthread_create failed for thread 8 of 32: Resource temporarily unavailable
OpenBLAS blas_thread_init: ensure that your address space and process count limits are big enough (ulimit -a)
OpenBLAS blas_thread_init: or set a smaller OPENBLAS_NUM_THREADS to fit into what you have available
OpenBLAS blas_thread_init: RLIMIT_NPROC 8192 current, 8192 max
OpenBLAS blas_thread_init: pthread_create failed for thread 9 of 32: Resource temporarily unavailable
OpenBLAS blas_thread_init: ensure that your address space and process count limits are big enough (ulimit -a)
OpenBLAS blas_thread_init: or set a smaller OPENBLAS_NUM_THREADS to fit into what you have available
OpenBLAS blas_thread_init: RLIMIT_NPROC 8192 current, 8192 max
OpenBLAS blas_thread_init: pthread_create failed for thread 10 of 32: Resource temporarily unavailable
OpenBLAS blas_thread_init: ensure that your address space and process count limits are big enough (ulimit -a)
OpenBLAS blas_thread_init: or set a smaller OPENBLAS_NUM_THREADS to fit into what you have available
OpenBLAS blas_thread_init: RLIMIT_NPROC 8192 current, 8192 max
OpenBLAS blas_thread_init: pthread_create failed for thread 11 of 32: Resource temporarily unavailable
OpenBLAS blas_thread_init: ensure that your address space and process count limits are big enough (ulimit -a)
OpenBLAS blas_thread_init: or set a smaller OPENBLAS_NUM_THREADS to fit into what you have available
OpenBLAS blas_thread_init: RLIMIT_NPROC 8192 current, 8192 max
OpenBLAS blas_thread_init: pthread_create failed for thread 12 of 32: Resource temporarily unavailable
OpenBLAS blas_thread_init: ensure that your address space and process count limits are big enough (ulimit -a)
OpenBLAS blas_thread_init: or set a smaller OPENBLAS_NUM_THREADS to fit into what you have available
OpenBLAS blas_thread_init: RLIMIT_NPROC 8192 current, 8192 max
OpenBLAS blas_thread_init: pthread_create failed for thread 13 of 32: Resource temporarily unavailable
OpenBLAS blas_thread_init: ensure that your address space and process count limits are big enough (ulimit -a)
OpenBLAS blas_thread_init: or set a smaller OPENBLAS_NUM_THREADS to fit into what you have available
OpenBLAS blas_thread_init: RLIMIT_NPROC 8192 current, 8192 max
OpenBLAS blas_thread_init: pthread_create failed for thread 14 of 32: Resource temporarily unavailable
OpenBLAS blas_thread_init: ensure that your address space and process count limits are big enough (ulimit -a)
OpenBLAS blas_thread_init: or set a smaller OPENBLAS_NUM_THREADS to fit into what you have available
OpenBLAS blas_thread_init: RLIMIT_NPROC 8192 current, 8192 max
OpenBLAS blas_thread_init: pthread_create failed for thread 15 of 32: Resource temporarily unavailable
OpenBLAS blas_thread_init: ensure that your address space and process count limits are big enough (ulimit -a)
OpenBLAS blas_thread_init: or set a smaller OPENBLAS_NUM_THREADS to fit into what you have available
OpenBLAS blas_thread_init: RLIMIT_NPROC 8192 current, 8192 max
OpenBLAS blas_thread_init: pthread_create failed for thread 16 of 32: Resource temporarily unavailable
OpenBLAS blas_thread_init: ensure that your address space and process count limits are big enough (ulimit -a)
OpenBLAS blas_thread_init: or set a smaller OPENBLAS_NUM_THREADS to fit into what you have available
OpenBLAS blas_thread_init: RLIMIT_NPROC 8192 current, 8192 max
OpenBLAS blas_thread_init: pthread_create failed for thread 17 of 32: Resource temporarily unavailable
OpenBLAS blas_thread_init: ensure that your address space and process count limits are big enough (ulimit -a)
OpenBLAS blas_thread_init: or set a smaller OPENBLAS_NUM_THREADS to fit into what you have available
OpenBLAS blas_thread_init: RLIMIT_NPROC 8192 current, 8192 max
OpenBLAS blas_thread_init: pthread_create failed for thread 18 of 32: Resource temporarily unavailable
OpenBLAS blas_thread_init: ensure that your address space and process count limits are big enough (ulimit -a)
OpenBLAS blas_thread_init: or set a smaller OPENBLAS_NUM_THREADS to fit into what you have available
OpenBLAS blas_thread_init: RLIMIT_NPROC 8192 current, 8192 max
OpenBLAS blas_thread_init: pthread_create failed for thread 19 of 32: Resource temporarily unavailable
OpenBLAS blas_thread_init: ensure that your address space and process count limits are big enough (ulimit -a)
OpenBLAS blas_thread_init: or set a smaller OPENBLAS_NUM_THREADS to fit into what you have available
OpenBLAS blas_thread_init: RLIMIT_NPROC 8192 current, 8192 max
OpenBLAS blas_thread_init: pthread_create failed for thread 20 of 32: Resource temporarily unavailable
OpenBLAS blas_thread_init: ensure that your address space and process count limits are big enough (ulimit -a)
OpenBLAS blas_thread_init: or set a smaller OPENBLAS_NUM_THREADS to fit into what you have available
OpenBLAS blas_thread_init: RLIMIT_NPROC 8192 current, 8192 max
OpenBLAS blas_thread_init: pthread_create failed for thread 21 of 32: Resource temporarily unavailable
OpenBLAS blas_thread_init: ensure that your address space and process count limits are big enough (ulimit -a)
OpenBLAS blas_thread_init: or set a smaller OPENBLAS_NUM_THREADS to fit into what you have available
OpenBLAS blas_thread_init: RLIMIT_NPROC 8192 current, 8192 max
OpenBLAS blas_thread_init: pthread_create failed for thread 22 of 32: Resource temporarily unavailable
OpenBLAS blas_thread_init: ensure that your address space and process count limits are big enough (ulimit -a)
OpenBLAS blas_thread_init: or set a smaller OPENBLAS_NUM_THREADS to fit into what you have available
OpenBLAS blas_thread_init: RLIMIT_NPROC 8192 current, 8192 max
OpenBLAS blas_thread_init: pthread_create failed for thread 23 of 32: Resource temporarily unavailable
OpenBLAS blas_thread_init: ensure that your address space and process count limits are big enough (ulimit -a)
OpenBLAS blas_thread_init: or set a smaller OPENBLAS_NUM_THREADS to fit into what you have available
OpenBLAS blas_thread_init: RLIMIT_NPROC 8192 current, 8192 max
OpenBLAS blas_thread_init: pthread_create failed for thread 24 of 32: Resource temporarily unavailable
OpenBLAS blas_thread_init: ensure that your address space and process count limits are big enough (ulimit -a)
OpenBLAS blas_thread_init: or set a smaller OPENBLAS_NUM_THREADS to fit into what you have available
OpenBLAS blas_thread_init: RLIMIT_NPROC 8192 current, 8192 max
OpenBLAS blas_thread_init: pthread_create failed for thread 25 of 32: Resource temporarily unavailable
OpenBLAS blas_thread_init: ensure that your address space and process count limits are big enough (ulimit -a)
OpenBLAS blas_thread_init: or set a smaller OPENBLAS_NUM_THREADS to fit into what you have available
OpenBLAS blas_thread_init: RLIMIT_NPROC 8192 current, 8192 max
OpenBLAS blas_thread_init: pthread_create failed for thread 26 of 32: Resource temporarily unavailable
OpenBLAS blas_thread_init: ensure that your address space and process count limits are big enough (ulimit -a)
OpenBLAS blas_thread_init: or set a smaller OPENBLAS_NUM_THREADS to fit into what you have available
OpenBLAS blas_thread_init: RLIMIT_NPROC 8192 current, 8192 max
OpenBLAS blas_thread_init: pthread_create failed for thread 27 of 32: Resource temporarily unavailable
OpenBLAS blas_thread_init: ensure that your address space and process count limits are big enough (ulimit -a)
OpenBLAS blas_thread_init: or set a smaller OPENBLAS_NUM_THREADS to fit into what you have available
OpenBLAS blas_thread_init: RLIMIT_NPROC 8192 current, 8192 max
OpenBLAS blas_thread_init: pthread_create failed for thread 28 of 32: Resource temporarily unavailable
OpenBLAS blas_thread_init: ensure that your address space and process count limits are big enough (ulimit -a)
OpenBLAS blas_thread_init: or set a smaller OPENBLAS_NUM_THREADS to fit into what you have available
OpenBLAS blas_thread_init: RLIMIT_NPROC 8192 current, 8192 max
OpenBLAS blas_thread_init: pthread_create failed for thread 29 of 32: Resource temporarily unavailable
OpenBLAS blas_thread_init: ensure that your address space and process count limits are big enough (ulimit -a)
OpenBLAS blas_thread_init: or set a smaller OPENBLAS_NUM_THREADS to fit into what you have available
OpenBLAS blas_thread_init: RLIMIT_NPROC 8192 current, 8192 max
OpenBLAS blas_thread_init: pthread_create failed for thread 30 of 32: Resource temporarily unavailable
OpenBLAS blas_thread_init: ensure that your address space and process count limits are big enough (ulimit -a)
OpenBLAS blas_thread_init: or set a smaller OPENBLAS_NUM_THREADS to fit into what you have available
OpenBLAS blas_thread_init: RLIMIT_NPROC 8192 current, 8192 max
OpenBLAS blas_thread_init: pthread_create failed for thread 31 of 32: Resource temporarily unavailable
OpenBLAS blas_thread_init: ensure that your address space and process count limits are big enough (ulimit -a)
OpenBLAS blas_thread_init: or set a smaller OPENBLAS_NUM_THREADS to fit into what you have available
OpenBLAS blas_thread_init: RLIMIT_NPROC 8192 current, 8192 max
OpenBLAS blas_thread_init: pthread_create failed for thread 1 of 32: Resource temporarily unavailable
OpenBLAS blas_thread_init: ensure that your address space and process count limits are big enough (ulimit -a)
OpenBLAS blas_thread_init: or set a smaller OPENBLAS_NUM_THREADS to fit into what you have available
OpenBLAS blas_thread_init: RLIMIT_NPROC 8192 current, 8192 max
OpenBLAS blas_thread_init: pthread_create failed for thread 2 of 32: Resource temporarily unavailable
OpenBLAS blas_thread_init: ensure that your address space and process count limits are big enough (ulimit -a)
OpenBLAS blas_thread_init: or set a smaller OPENBLAS_NUM_THREADS to fit into what you have available
OpenBLAS blas_thread_init: RLIMIT_NPROC 8192 current, 8192 max
OpenBLAS blas_thread_init: pthread_create failed for thread 3 of 32: Resource temporarily unavailable
OpenBLAS blas_thread_init: ensure that your address space and process count limits are big enough (ulimit -a)
OpenBLAS blas_thread_init: or set a smaller OPENBLAS_NUM_THREADS to fit into what you have available
OpenBLAS blas_thread_init: RLIMIT_NPROC 8192 current, 8192 max
OpenBLAS blas_thread_init: pthread_create failed for thread 4 of 32: Resource temporarily unavailable
OpenBLAS blas_thread_init: ensure that your address space and process count limits are big enough (ulimit -a)
OpenBLAS blas_thread_init: or set a smaller OPENBLAS_NUM_THREADS to fit into what you have available
OpenBLAS blas_thread_init: RLIMIT_NPROC 8192 current, 8192 max
OpenBLAS blas_thread_init: pthread_create failed for thread 5 of 32: Resource temporarily unavailable
OpenBLAS blas_thread_init: ensure that your address space and process count limits are big enough (ulimit -a)
OpenBLAS blas_thread_init: or set a smaller OPENBLAS_NUM_THREADS to fit into what you have available
OpenBLAS blas_thread_init: RLIMIT_NPROC 8192 current, 8192 max
OpenBLAS blas_thread_init: pthread_create failed for thread 6 of 32: Resource temporarily unavailable
OpenBLAS blas_thread_init: ensure that your address space and process count limits are big enough (ulimit -a)
OpenBLAS blas_thread_init: or set a smaller OPENBLAS_NUM_THREADS to fit into what you have available
OpenBLAS blas_thread_init: RLIMIT_NPROC 8192 current, 8192 max
OpenBLAS blas_thread_init: pthread_create failed for thread 7 of 32: Resource temporarily unavailable
OpenBLAS blas_thread_init: ensure that your address space and process count limits are big enough (ulimit -a)
OpenBLAS blas_thread_init: or set a smaller OPENBLAS_NUM_THREADS to fit into what you have available
OpenBLAS blas_thread_init: RLIMIT_NPROC 8192 current, 8192 max
OpenBLAS blas_thread_init: pthread_create failed for thread 8 of 32: Resource temporarily unavailable
OpenBLAS blas_thread_init: ensure that your address space and process count limits are big enough (ulimit -a)
OpenBLAS blas_thread_init: or set a smaller OPENBLAS_NUM_THREADS to fit into what you have available
OpenBLAS blas_thread_init: RLIMIT_NPROC 8192 current, 8192 max
OpenBLAS blas_thread_init: pthread_create failed for thread 9 of 32: Resource temporarily unavailable
OpenBLAS blas_thread_init: ensure that your address space and process count limits are big enough (ulimit -a)
OpenBLAS blas_thread_init: or set a smaller OPENBLAS_NUM_THREADS to fit into what you have available
OpenBLAS blas_thread_init: RLIMIT_NPROC 8192 current, 8192 max
OpenBLAS blas_thread_init: pthread_create failed for thread 10 of 32: Resource temporarily unavailable
OpenBLAS blas_thread_init: ensure that your address space and process count limits are big enough (ulimit -a)
OpenBLAS blas_thread_init: or set a smaller OPENBLAS_NUM_THREADS to fit into what you have available
OpenBLAS blas_thread_init: RLIMIT_NPROC 8192 current, 8192 max
OpenBLAS blas_thread_init: pthread_create failed for thread 11 of 32: Resource temporarily unavailable
OpenBLAS blas_thread_init: ensure that your address space and process count limits are big enough (ulimit -a)
OpenBLAS blas_thread_init: or set a smaller OPENBLAS_NUM_THREADS to fit into what you have available
OpenBLAS blas_thread_init: RLIMIT_NPROC 8192 current, 8192 max
OpenBLAS blas_thread_init: pthread_create failed for thread 12 of 32: Resource temporarily unavailable
OpenBLAS blas_thread_init: ensure that your address space and process count limits are big enough (ulimit -a)
OpenBLAS blas_thread_init: or set a smaller OPENBLAS_NUM_THREADS to fit into what you have available
OpenBLAS blas_thread_init: RLIMIT_NPROC 8192 current, 8192 max
OpenBLAS blas_thread_init: pthread_create failed for thread 13 of 32: Resource temporarily unavailable
OpenBLAS blas_thread_init: ensure that your address space and process count limits are big enough (ulimit -a)
OpenBLAS blas_thread_init: or set a smaller OPENBLAS_NUM_THREADS to fit into what you have available
OpenBLAS blas_thread_init: RLIMIT_NPROC 8192 current, 8192 max
OpenBLAS blas_thread_init: pthread_create failed for thread 14 of 32: Resource temporarily unavailable
OpenBLAS blas_thread_init: ensure that your address space and process count limits are big enough (ulimit -a)
OpenBLAS blas_thread_init: or set a smaller OPENBLAS_NUM_THREADS to fit into what you have available
OpenBLAS blas_thread_init: RLIMIT_NPROC 8192 current, 8192 max
OpenBLAS blas_thread_init: pthread_create failed for thread 15 of 32: Resource temporarily unavailable
OpenBLAS blas_thread_init: ensure that your address space and process count limits are big enough (ulimit -a)
OpenBLAS blas_thread_init: or set a smaller OPENBLAS_NUM_THREADS to fit into what you have available
OpenBLAS blas_thread_init: RLIMIT_NPROC 8192 current, 8192 max
OpenBLAS blas_thread_init: pthread_create failed for thread 16 of 32: Resource temporarily unavailable
OpenBLAS blas_thread_init: ensure that your address space and process count limits are big enough (ulimit -a)
OpenBLAS blas_thread_init: or set a smaller OPENBLAS_NUM_THREADS to fit into what you have available
OpenBLAS blas_thread_init: RLIMIT_NPROC 8192 current, 8192 max
OpenBLAS blas_thread_init: pthread_create failed for thread 17 of 32: Resource temporarily unavailable
OpenBLAS blas_thread_init: ensure that your address space and process count limits are big enough (ulimit -a)
OpenBLAS blas_thread_init: or set a smaller OPENBLAS_NUM_THREADS to fit into what you have available
OpenBLAS blas_thread_init: RLIMIT_NPROC 8192 current, 8192 max
OpenBLAS blas_thread_init: pthread_create failed for thread 18 of 32: Resource temporarily unavailable
OpenBLAS blas_thread_init: ensure that your address space and process count limits are big enough (ulimit -a)
OpenBLAS blas_thread_init: or set a smaller OPENBLAS_NUM_THREADS to fit into what you have available
OpenBLAS blas_thread_init: RLIMIT_NPROC 8192 current, 8192 max
OpenBLAS blas_thread_init: pthread_create failed for thread 19 of 32: Resource temporarily unavailable
OpenBLAS blas_thread_init: ensure that your address space and process count limits are big enough (ulimit -a)
OpenBLAS blas_thread_init: or set a smaller OPENBLAS_NUM_THREADS to fit into what you have available
OpenBLAS blas_thread_init: RLIMIT_NPROC 8192 current, 8192 max
OpenBLAS blas_thread_init: pthread_create failed for thread 20 of 32: Resource temporarily unavailable
OpenBLAS blas_thread_init: ensure that your address space and process count limits are big enough (ulimit -a)
OpenBLAS blas_thread_init: or set a smaller OPENBLAS_NUM_THREADS to fit into what you have available
OpenBLAS blas_thread_init: RLIMIT_NPROC 8192 current, 8192 max
OpenBLAS blas_thread_init: pthread_create failed for thread 21 of 32: Resource temporarily unavailable
OpenBLAS blas_thread_init: ensure that your address space and process count limits are big enough (ulimit -a)
OpenBLAS blas_thread_init: or set a smaller OPENBLAS_NUM_THREADS to fit into what you have available
OpenBLAS blas_thread_init: RLIMIT_NPROC 8192 current, 8192 max
OpenBLAS blas_thread_init: pthread_create failed for thread 22 of 32: Resource temporarily unavailable
OpenBLAS blas_thread_init: ensure that your address space and process count limits are big enough (ulimit -a)
OpenBLAS blas_thread_init: or set a smaller OPENBLAS_NUM_THREADS to fit into what you have available
OpenBLAS blas_thread_init: RLIMIT_NPROC 8192 current, 8192 max
OpenBLAS blas_thread_init: pthread_create failed for thread 23 of 32: Resource temporarily unavailable
OpenBLAS blas_thread_init: ensure that your address space and process count limits are big enough (ulimit -a)
OpenBLAS blas_thread_init: or set a smaller OPENBLAS_NUM_THREADS to fit into what you have available
OpenBLAS blas_thread_init: RLIMIT_NPROC 8192 current, 8192 max
OpenBLAS blas_thread_init: pthread_create failed for thread 24 of 32: Resource temporarily unavailable
OpenBLAS blas_thread_init: ensure that your address space and process count limits are big enough (ulimit -a)
OpenBLAS blas_thread_init: or set a smaller OPENBLAS_NUM_THREADS to fit into what you have available
OpenBLAS blas_thread_init: RLIMIT_NPROC 8192 current, 8192 max
OpenBLAS blas_thread_init: pthread_create failed for thread 25 of 32: Resource temporarily unavailable
OpenBLAS blas_thread_init: ensure that your address space and process count limits are big enough (ulimit -a)
OpenBLAS blas_thread_init: or set a smaller OPENBLAS_NUM_THREADS to fit into what you have available
OpenBLAS blas_thread_init: RLIMIT_NPROC 8192 current, 8192 max
OpenBLAS blas_thread_init: pthread_create failed for thread 26 of 32: Resource temporarily unavailable
OpenBLAS blas_thread_init: ensure that your address space and process count limits are big enough (ulimit -a)
OpenBLAS blas_thread_init: or set a smaller OPENBLAS_NUM_THREADS to fit into what you have available
OpenBLAS blas_thread_init: RLIMIT_NPROC 8192 current, 8192 max
OpenBLAS blas_thread_init: pthread_create failed for thread 27 of 32: Resource temporarily unavailable
OpenBLAS blas_thread_init: ensure that your address space and process count limits are big enough (ulimit -a)
OpenBLAS blas_thread_init: or set a smaller OPENBLAS_NUM_THREADS to fit into what you have available
OpenBLAS blas_thread_init: RLIMIT_NPROC 8192 current, 8192 max
OpenBLAS blas_thread_init: pthread_create failed for thread 28 of 32: Resource temporarily unavailable
OpenBLAS blas_thread_init: ensure that your address space and process count limits are big enough (ulimit -a)
OpenBLAS blas_thread_init: or set a smaller OPENBLAS_NUM_THREADS to fit into what you have available
OpenBLAS blas_thread_init: RLIMIT_NPROC 8192 current, 8192 max
OpenBLAS blas_thread_init: pthread_create failed for thread 29 of 32: Resource temporarily unavailable
OpenBLAS blas_thread_init: ensure that your address space and process count limits are big enough (ulimit -a)
OpenBLAS blas_thread_init: or set a smaller OPENBLAS_NUM_THREADS to fit into what you have available
OpenBLAS blas_thread_init: RLIMIT_NPROC 8192 current, 8192 max
OpenBLAS blas_thread_init: pthread_create failed for thread 30 of 32: Resource temporarily unavailable
OpenBLAS blas_thread_init: ensure that your address space and process count limits are big enough (ulimit -a)
OpenBLAS blas_thread_init: or set a smaller OPENBLAS_NUM_THREADS to fit into what you have available
OpenBLAS blas_thread_init: RLIMIT_NPROC 8192 current, 8192 max
OpenBLAS blas_thread_init: pthread_create failed for thread 31 of 32: Resource temporarily unavailable
OpenBLAS blas_thread_init: ensure that your address space and process count limits are big enough (ulimit -a)
OpenBLAS blas_thread_init: or set a smaller OPENBLAS_NUM_THREADS to fit into what you have available
OpenBLAS blas_thread_init: RLIMIT_NPROC 8192 current, 8192 max
OpenBLAS blas_thread_init: pthread_create failed for thread 1 of 32: Resource temporarily unavailable
OpenBLAS blas_thread_init: ensure that your address space and process count limits are big enough (ulimit -a)
OpenBLAS blas_thread_init: or set a smaller OPENBLAS_NUM_THREADS to fit into what you have available
OpenBLAS blas_thread_init: RLIMIT_NPROC 8192 current, 8192 max
OpenBLAS blas_thread_init: pthread_create failed for thread 2 of 32: Resource temporarily unavailable
OpenBLAS blas_thread_init: ensure that your address space and process count limits are big enough (ulimit -a)
OpenBLAS blas_thread_init: or set a smaller OPENBLAS_NUM_THREADS to fit into what you have available
OpenBLAS blas_thread_init: RLIMIT_NPROC 8192 current, 8192 max
OpenBLAS blas_thread_init: pthread_create failed for thread 3 of 32: Resource temporarily unavailable
OpenBLAS blas_thread_init: ensure that your address space and process count limits are big enough (ulimit -a)
OpenBLAS blas_thread_init: or set a smaller OPENBLAS_NUM_THREADS to fit into what you have available
OpenBLAS blas_thread_init: RLIMIT_NPROC 8192 current, 8192 max
OpenBLAS blas_thread_init: pthread_create failed for thread 4 of 32: Resource temporarily unavailable
OpenBLAS blas_thread_init: ensure that your address space and process count limits are big enough (ulimit -a)
OpenBLAS blas_thread_init: or set a smaller OPENBLAS_NUM_THREADS to fit into what you have available
OpenBLAS blas_thread_init: RLIMIT_NPROC 8192 current, 8192 max
OpenBLAS blas_thread_init: pthread_create failed for thread 5 of 32: Resource temporarily unavailable
OpenBLAS blas_thread_init: ensure that your address space and process count limits are big enough (ulimit -a)
OpenBLAS blas_thread_init: or set a smaller OPENBLAS_NUM_THREADS to fit into what you have available
OpenBLAS blas_thread_init: RLIMIT_NPROC 8192 current, 8192 max
OpenBLAS blas_thread_init: pthread_create failed for thread 6 of 32: Resource temporarily unavailable
OpenBLAS blas_thread_init: ensure that your address space and process count limits are big enough (ulimit -a)
OpenBLAS blas_thread_init: or set a smaller OPENBLAS_NUM_THREADS to fit into what you have available
OpenBLAS blas_thread_init: RLIMIT_NPROC 8192 current, 8192 max
OpenBLAS blas_thread_init: pthread_create failed for thread 7 of 32: Resource temporarily unavailable
OpenBLAS blas_thread_init: ensure that your address space and process count limits are big enough (ulimit -a)
OpenBLAS blas_thread_init: or set a smaller OPENBLAS_NUM_THREADS to fit into what you have available
OpenBLAS blas_thread_init: RLIMIT_NPROC 8192 current, 8192 max
OpenBLAS blas_thread_init: pthread_create failed for thread 8 of 32: Resource temporarily unavailable
OpenBLAS blas_thread_init: ensure that your address space and process count limits are big enough (ulimit -a)
OpenBLAS blas_thread_init: or set a smaller OPENBLAS_NUM_THREADS to fit into what you have available
OpenBLAS blas_thread_init: RLIMIT_NPROC 8192 current, 8192 max
OpenBLAS blas_thread_init: pthread_create failed for thread 9 of 32: Resource temporarily unavailable
OpenBLAS blas_thread_init: ensure that your address space and process count limits are big enough (ulimit -a)
OpenBLAS blas_thread_init: or set a smaller OPENBLAS_NUM_THREADS to fit into what you have available
OpenBLAS blas_thread_init: RLIMIT_NPROC 8192 current, 8192 max
OpenBLAS blas_thread_init: pthread_create failed for thread 10 of 32: Resource temporarily unavailable
OpenBLAS blas_thread_init: ensure that your address space and process count limits are big enough (ulimit -a)
OpenBLAS blas_thread_init: or set a smaller OPENBLAS_NUM_THREADS to fit into what you have available
OpenBLAS blas_thread_init: RLIMIT_NPROC 8192 current, 8192 max
OpenBLAS blas_thread_init: pthread_create failed for thread 11 of 32: Resource temporarily unavailable
OpenBLAS blas_thread_init: ensure that your address space and process count limits are big enough (ulimit -a)
OpenBLAS blas_thread_init: or set a smaller OPENBLAS_NUM_THREADS to fit into what you have available
OpenBLAS blas_thread_init: RLIMIT_NPROC 8192 current, 8192 max
OpenBLAS blas_thread_init: pthread_create failed for thread 12 of 32: Resource temporarily unavailable
OpenBLAS blas_thread_init: ensure that your address space and process count limits are big enough (ulimit -a)
OpenBLAS blas_thread_init: or set a smaller OPENBLAS_NUM_THREADS to fit into what you have available
OpenBLAS blas_thread_init: RLIMIT_NPROC 8192 current, 8192 max
OpenBLAS blas_thread_init: pthread_create failed for thread 13 of 32: Resource temporarily unavailable
OpenBLAS blas_thread_init: ensure that your address space and process count limits are big enough (ulimit -a)
OpenBLAS blas_thread_init: or set a smaller OPENBLAS_NUM_THREADS to fit into what you have available
OpenBLAS blas_thread_init: RLIMIT_NPROC 8192 current, 8192 max
OpenBLAS blas_thread_init: pthread_create failed for thread 14 of 32: Resource temporarily unavailable
OpenBLAS blas_thread_init: ensure that your address space and process count limits are big enough (ulimit -a)
OpenBLAS blas_thread_init: or set a smaller OPENBLAS_NUM_THREADS to fit into what you have available
OpenBLAS blas_thread_init: RLIMIT_NPROC 8192 current, 8192 max
OpenBLAS blas_thread_init: pthread_create failed for thread 15 of 32: Resource temporarily unavailable
OpenBLAS blas_thread_init: ensure that your address space and process count limits are big enough (ulimit -a)
OpenBLAS blas_thread_init: or set a smaller OPENBLAS_NUM_THREADS to fit into what you have available
OpenBLAS blas_thread_init: RLIMIT_NPROC 8192 current, 8192 max
OpenBLAS blas_thread_init: pthread_create failed for thread 16 of 32: Resource temporarily unavailable
OpenBLAS blas_thread_init: ensure that your address space and process count limits are big enough (ulimit -a)
OpenBLAS blas_thread_init: or set a smaller OPENBLAS_NUM_THREADS to fit into what you have available
OpenBLAS blas_thread_init: RLIMIT_NPROC 8192 current, 8192 max
OpenBLAS blas_thread_init: pthread_create failed for thread 17 of 32: Resource temporarily unavailable
OpenBLAS blas_thread_init: ensure that your address space and process count limits are big enough (ulimit -a)
OpenBLAS blas_thread_init: or set a smaller OPENBLAS_NUM_THREADS to fit into what you have available
OpenBLAS blas_thread_init: RLIMIT_NPROC 8192 current, 8192 max
OpenBLAS blas_thread_init: pthread_create failed for thread 18 of 32: Resource temporarily unavailable
OpenBLAS blas_thread_init: ensure that your address space and process count limits are big enough (ulimit -a)
OpenBLAS blas_thread_init: or set a smaller OPENBLAS_NUM_THREADS to fit into what you have available
OpenBLAS blas_thread_init: RLIMIT_NPROC 8192 current, 8192 max
OpenBLAS blas_thread_init: pthread_create failed for thread 19 of 32: Resource temporarily unavailable
OpenBLAS blas_thread_init: ensure that your address space and process count limits are big enough (ulimit -a)
OpenBLAS blas_thread_init: or set a smaller OPENBLAS_NUM_THREADS to fit into what you have available
OpenBLAS blas_thread_init: RLIMIT_NPROC 8192 current, 8192 max
OpenBLAS blas_thread_init: pthread_create failed for thread 20 of 32: Resource temporarily unavailable
OpenBLAS blas_thread_init: ensure that your address space and process count limits are big enough (ulimit -a)
OpenBLAS blas_thread_init: or set a smaller OPENBLAS_NUM_THREADS to fit into what you have available
OpenBLAS blas_thread_init: RLIMIT_NPROC 8192 current, 8192 max
OpenBLAS blas_thread_init: pthread_create failed for thread 21 of 32: Resource temporarily unavailable
OpenBLAS blas_thread_init: ensure that your address space and process count limits are big enough (ulimit -a)
OpenBLAS blas_thread_init: or set a smaller OPENBLAS_NUM_THREADS to fit into what you have available
OpenBLAS blas_thread_init: RLIMIT_NPROC 8192 current, 8192 max
OpenBLAS blas_thread_init: pthread_create failed for thread 22 of 32: Resource temporarily unavailable
OpenBLAS blas_thread_init: ensure that your address space and process count limits are big enough (ulimit -a)
OpenBLAS blas_thread_init: or set a smaller OPENBLAS_NUM_THREADS to fit into what you have available
OpenBLAS blas_thread_init: RLIMIT_NPROC 8192 current, 8192 max
OpenBLAS blas_thread_init: pthread_create failed for thread 23 of 32: Resource temporarily unavailable
OpenBLAS blas_thread_init: ensure that your address space and process count limits are big enough (ulimit -a)
OpenBLAS blas_thread_init: or set a smaller OPENBLAS_NUM_THREADS to fit into what you have available
OpenBLAS blas_thread_init: RLIMIT_NPROC 8192 current, 8192 max
OpenBLAS blas_thread_init: pthread_create failed for thread 24 of 32: Resource temporarily unavailable
OpenBLAS blas_thread_init: ensure that your address space and process count limits are big enough (ulimit -a)
OpenBLAS blas_thread_init: or set a smaller OPENBLAS_NUM_THREADS to fit into what you have available
OpenBLAS blas_thread_init: RLIMIT_NPROC 8192 current, 8192 max
OpenBLAS blas_thread_init: pthread_create failed for thread 25 of 32: Resource temporarily unavailable
OpenBLAS blas_thread_init: ensure that your address space and process count limits are big enough (ulimit -a)
OpenBLAS blas_thread_init: or set a smaller OPENBLAS_NUM_THREADS to fit into what you have available
OpenBLAS blas_thread_init: RLIMIT_NPROC 8192 current, 8192 max
OpenBLAS blas_thread_init: pthread_create failed for thread 26 of 32: Resource temporarily unavailable
OpenBLAS blas_thread_init: ensure that your address space and process count limits are big enough (ulimit -a)
OpenBLAS blas_thread_init: or set a smaller OPENBLAS_NUM_THREADS to fit into what you have available
OpenBLAS blas_thread_init: RLIMIT_NPROC 8192 current, 8192 max
OpenBLAS blas_thread_init: pthread_create failed for thread 27 of 32: Resource temporarily unavailable
OpenBLAS blas_thread_init: ensure that your address space and process count limits are big enough (ulimit -a)
OpenBLAS blas_thread_init: or set a smaller OPENBLAS_NUM_THREADS to fit into what you have available
OpenBLAS blas_thread_init: RLIMIT_NPROC 8192 current, 8192 max
OpenBLAS blas_thread_init: pthread_create failed for thread 28 of 32: Resource temporarily unavailable
OpenBLAS blas_thread_init: ensure that your address space and process count limits are big enough (ulimit -a)
OpenBLAS blas_thread_init: or set a smaller OPENBLAS_NUM_THREADS to fit into what you have available
OpenBLAS blas_thread_init: RLIMIT_NPROC 8192 current, 8192 max
OpenBLAS blas_thread_init: pthread_create failed for thread 29 of 32: Resource temporarily unavailable
OpenBLAS blas_thread_init: ensure that your address space and process count limits are big enough (ulimit -a)
OpenBLAS blas_thread_init: or set a smaller OPENBLAS_NUM_THREADS to fit into what you have available
OpenBLAS blas_thread_init: RLIMIT_NPROC 8192 current, 8192 max
OpenBLAS blas_thread_init: pthread_create failed for thread 30 of 32: Resource temporarily unavailable
OpenBLAS blas_thread_init: ensure that your address space and process count limits are big enough (ulimit -a)
OpenBLAS blas_thread_init: or set a smaller OPENBLAS_NUM_THREADS to fit into what you have available
OpenBLAS blas_thread_init: RLIMIT_NPROC 8192 current, 8192 max
OpenBLAS blas_thread_init: pthread_create failed for thread 31 of 32: Resource temporarily unavailable
OpenBLAS blas_thread_init: ensure that your address space and process count limits are big enough (ulimit -a)
OpenBLAS blas_thread_init: or set a smaller OPENBLAS_NUM_THREADS to fit into what you have available
OpenBLAS blas_thread_init: RLIMIT_NPROC 8192 current, 8192 max
OpenBLAS blas_thread_init: pthread_create failed for thread 1 of 32: Resource temporarily unavailable
OpenBLAS blas_thread_init: ensure that your address space and process count limits are big enough (ulimit -a)
OpenBLAS blas_thread_init: or set a smaller OPENBLAS_NUM_THREADS to fit into what you have available
OpenBLAS blas_thread_init: RLIMIT_NPROC 8192 current, 8192 max
OpenBLAS blas_thread_init: pthread_create failed for thread 2 of 32: Resource temporarily unavailable
OpenBLAS blas_thread_init: ensure that your address space and process count limits are big enough (ulimit -a)
OpenBLAS blas_thread_init: or set a smaller OPENBLAS_NUM_THREADS to fit into what you have available
OpenBLAS blas_thread_init: RLIMIT_NPROC 8192 current, 8192 max
OpenBLAS blas_thread_init: pthread_create failed for thread 3 of 32: Resource temporarily unavailable
OpenBLAS blas_thread_init: ensure that your address space and process count limits are big enough (ulimit -a)
OpenBLAS blas_thread_init: or set a smaller OPENBLAS_NUM_THREADS to fit into what you have available
OpenBLAS blas_thread_init: RLIMIT_NPROC 8192 current, 8192 max
OpenBLAS blas_thread_init: pthread_create failed for thread 4 of 32: Resource temporarily unavailable
OpenBLAS blas_thread_init: ensure that your address space and process count limits are big enough (ulimit -a)
OpenBLAS blas_thread_init: or set a smaller OPENBLAS_NUM_THREADS to fit into what you have available
OpenBLAS blas_thread_init: RLIMIT_NPROC 8192 current, 8192 max
OpenBLAS blas_thread_init: pthread_create failed for thread 5 of 32: Resource temporarily unavailable
OpenBLAS blas_thread_init: ensure that your address space and process count limits are big enough (ulimit -a)
OpenBLAS blas_thread_init: or set a smaller OPENBLAS_NUM_THREADS to fit into what you have available
OpenBLAS blas_thread_init: RLIMIT_NPROC 8192 current, 8192 max
OpenBLAS blas_thread_init: pthread_create failed for thread 6 of 32: Resource temporarily unavailable
OpenBLAS blas_thread_init: ensure that your address space and process count limits are big enough (ulimit -a)
OpenBLAS blas_thread_init: or set a smaller OPENBLAS_NUM_THREADS to fit into what you have available
OpenBLAS blas_thread_init: RLIMIT_NPROC 8192 current, 8192 max
OpenBLAS blas_thread_init: pthread_create failed for thread 7 of 32: Resource temporarily unavailable
OpenBLAS blas_thread_init: ensure that your address space and process count limits are big enough (ulimit -a)
OpenBLAS blas_thread_init: or set a smaller OPENBLAS_NUM_THREADS to fit into what you have available
OpenBLAS blas_thread_init: RLIMIT_NPROC 8192 current, 8192 max
OpenBLAS blas_thread_init: pthread_create failed for thread 8 of 32: Resource temporarily unavailable
OpenBLAS blas_thread_init: ensure that your address space and process count limits are big enough (ulimit -a)
OpenBLAS blas_thread_init: or set a smaller OPENBLAS_NUM_THREADS to fit into what you have available
OpenBLAS blas_thread_init: RLIMIT_NPROC 8192 current, 8192 max
OpenBLAS blas_thread_init: pthread_create failed for thread 9 of 32: Resource temporarily unavailable
OpenBLAS blas_thread_init: ensure that your address space and process count limits are big enough (ulimit -a)
OpenBLAS blas_thread_init: or set a smaller OPENBLAS_NUM_THREADS to fit into what you have available
OpenBLAS blas_thread_init: RLIMIT_NPROC 8192 current, 8192 max
OpenBLAS blas_thread_init: pthread_create failed for thread 10 of 32: Resource temporarily unavailable
OpenBLAS blas_thread_init: ensure that your address space and process count limits are big enough (ulimit -a)
OpenBLAS blas_thread_init: or set a smaller OPENBLAS_NUM_THREADS to fit into what you have available
OpenBLAS blas_thread_init: RLIMIT_NPROC 8192 current, 8192 max
OpenBLAS blas_thread_init: pthread_create failed for thread 11 of 32: Resource temporarily unavailable
OpenBLAS blas_thread_init: ensure that your address space and process count limits are big enough (ulimit -a)
OpenBLAS blas_thread_init: or set a smaller OPENBLAS_NUM_THREADS to fit into what you have available
OpenBLAS blas_thread_init: RLIMIT_NPROC 8192 current, 8192 max
OpenBLAS blas_thread_init: pthread_create failed for thread 12 of 32: Resource temporarily unavailable
OpenBLAS blas_thread_init: ensure that your address space and process count limits are big enough (ulimit -a)
OpenBLAS blas_thread_init: or set a smaller OPENBLAS_NUM_THREADS to fit into what you have available
OpenBLAS blas_thread_init: RLIMIT_NPROC 8192 current, 8192 max
OpenBLAS blas_thread_init: pthread_create failed for thread 13 of 32: Resource temporarily unavailable
OpenBLAS blas_thread_init: ensure that your address space and process count limits are big enough (ulimit -a)
OpenBLAS blas_thread_init: or set a smaller OPENBLAS_NUM_THREADS to fit into what you have available
OpenBLAS blas_thread_init: RLIMIT_NPROC 8192 current, 8192 max
OpenBLAS blas_thread_init: pthread_create failed for thread 14 of 32: Resource temporarily unavailable
OpenBLAS blas_thread_init: ensure that your address space and process count limits are big enough (ulimit -a)
OpenBLAS blas_thread_init: or set a smaller OPENBLAS_NUM_THREADS to fit into what you have available
OpenBLAS blas_thread_init: RLIMIT_NPROC 8192 current, 8192 max
OpenBLAS blas_thread_init: pthread_create failed for thread 15 of 32: Resource temporarily unavailable
OpenBLAS blas_thread_init: ensure that your address space and process count limits are big enough (ulimit -a)
OpenBLAS blas_thread_init: or set a smaller OPENBLAS_NUM_THREADS to fit into what you have available
OpenBLAS blas_thread_init: RLIMIT_NPROC 8192 current, 8192 max
OpenBLAS blas_thread_init: pthread_create failed for thread 16 of 32: Resource temporarily unavailable
OpenBLAS blas_thread_init: ensure that your address space and process count limits are big enough (ulimit -a)
OpenBLAS blas_thread_init: or set a smaller OPENBLAS_NUM_THREADS to fit into what you have available
OpenBLAS blas_thread_init: RLIMIT_NPROC 8192 current, 8192 max
OpenBLAS blas_thread_init: pthread_create failed for thread 17 of 32: Resource temporarily unavailable
OpenBLAS blas_thread_init: ensure that your address space and process count limits are big enough (ulimit -a)
OpenBLAS blas_thread_init: or set a smaller OPENBLAS_NUM_THREADS to fit into what you have available
OpenBLAS blas_thread_init: RLIMIT_NPROC 8192 current, 8192 max
OpenBLAS blas_thread_init: pthread_create failed for thread 18 of 32: Resource temporarily unavailable
OpenBLAS blas_thread_init: ensure that your address space and process count limits are big enough (ulimit -a)
OpenBLAS blas_thread_init: or set a smaller OPENBLAS_NUM_THREADS to fit into what you have available
OpenBLAS blas_thread_init: RLIMIT_NPROC 8192 current, 8192 max
OpenBLAS blas_thread_init: pthread_create failed for thread 19 of 32: Resource temporarily unavailable
OpenBLAS blas_thread_init: ensure that your address space and process count limits are big enough (ulimit -a)
OpenBLAS blas_thread_init: or set a smaller OPENBLAS_NUM_THREADS to fit into what you have available
OpenBLAS blas_thread_init: RLIMIT_NPROC 8192 current, 8192 max
OpenBLAS blas_thread_init: pthread_create failed for thread 20 of 32: Resource temporarily unavailable
OpenBLAS blas_thread_init: ensure that your address space and process count limits are big enough (ulimit -a)
OpenBLAS blas_thread_init: or set a smaller OPENBLAS_NUM_THREADS to fit into what you have available
OpenBLAS blas_thread_init: RLIMIT_NPROC 8192 current, 8192 max
OpenBLAS blas_thread_init: pthread_create failed for thread 21 of 32: Resource temporarily unavailable
OpenBLAS blas_thread_init: ensure that your address space and process count limits are big enough (ulimit -a)
OpenBLAS blas_thread_init: or set a smaller OPENBLAS_NUM_THREADS to fit into what you have available
OpenBLAS blas_thread_init: RLIMIT_NPROC 8192 current, 8192 max
OpenBLAS blas_thread_init: pthread_create failed for thread 22 of 32: Resource temporarily unavailable
OpenBLAS blas_thread_init: ensure that your address space and process count limits are big enough (ulimit -a)
OpenBLAS blas_thread_init: or set a smaller OPENBLAS_NUM_THREADS to fit into what you have available
OpenBLAS blas_thread_init: RLIMIT_NPROC 8192 current, 8192 max
OpenBLAS blas_thread_init: pthread_create failed for thread 23 of 32: Resource temporarily unavailable
OpenBLAS blas_thread_init: ensure that your address space and process count limits are big enough (ulimit -a)
OpenBLAS blas_thread_init: or set a smaller OPENBLAS_NUM_THREADS to fit into what you have available
OpenBLAS blas_thread_init: RLIMIT_NPROC 8192 current, 8192 max
OpenBLAS blas_thread_init: pthread_create failed for thread 24 of 32: Resource temporarily unavailable
OpenBLAS blas_thread_init: ensure that your address space and process count limits are big enough (ulimit -a)
OpenBLAS blas_thread_init: or set a smaller OPENBLAS_NUM_THREADS to fit into what you have available
OpenBLAS blas_thread_init: RLIMIT_NPROC 8192 current, 8192 max
OpenBLAS blas_thread_init: pthread_create failed for thread 25 of 32: Resource temporarily unavailable
OpenBLAS blas_thread_init: ensure that your address space and process count limits are big enough (ulimit -a)
OpenBLAS blas_thread_init: or set a smaller OPENBLAS_NUM_THREADS to fit into what you have available
OpenBLAS blas_thread_init: RLIMIT_NPROC 8192 current, 8192 max
OpenBLAS blas_thread_init: pthread_create failed for thread 26 of 32: Resource temporarily unavailable
OpenBLAS blas_thread_init: ensure that your address space and process count limits are big enough (ulimit -a)
OpenBLAS blas_thread_init: or set a smaller OPENBLAS_NUM_THREADS to fit into what you have available
OpenBLAS blas_thread_init: RLIMIT_NPROC 8192 current, 8192 max
OpenBLAS blas_thread_init: pthread_create failed for thread 27 of 32: Resource temporarily unavailable
OpenBLAS blas_thread_init: ensure that your address space and process count limits are big enough (ulimit -a)
OpenBLAS blas_thread_init: or set a smaller OPENBLAS_NUM_THREADS to fit into what you have available
OpenBLAS blas_thread_init: RLIMIT_NPROC 8192 current, 8192 max
OpenBLAS blas_thread_init: pthread_create failed for thread 28 of 32: Resource temporarily unavailable
OpenBLAS blas_thread_init: ensure that your address space and process count limits are big enough (ulimit -a)
OpenBLAS blas_thread_init: or set a smaller OPENBLAS_NUM_THREADS to fit into what you have available
OpenBLAS blas_thread_init: RLIMIT_NPROC 8192 current, 8192 max
OpenBLAS blas_thread_init: pthread_create failed for thread 29 of 32: Resource temporarily unavailable
OpenBLAS blas_thread_init: ensure that your address space and process count limits are big enough (ulimit -a)
OpenBLAS blas_thread_init: or set a smaller OPENBLAS_NUM_THREADS to fit into what you have available
OpenBLAS blas_thread_init: RLIMIT_NPROC 8192 current, 8192 max
OpenBLAS blas_thread_init: pthread_create failed for thread 30 of 32: Resource temporarily unavailable
OpenBLAS blas_thread_init: ensure that your address space and process count limits are big enough (ulimit -a)
OpenBLAS blas_thread_init: or set a smaller OPENBLAS_NUM_THREADS to fit into what you have available
OpenBLAS blas_thread_init: RLIMIT_NPROC 8192 current, 8192 max
OpenBLAS blas_thread_init: pthread_create failed for thread 31 of 32: Resource temporarily unavailable
OpenBLAS blas_thread_init: ensure that your address space and process count limits are big enough (ulimit -a)
OpenBLAS blas_thread_init: or set a smaller OPENBLAS_NUM_THREADS to fit into what you have available
OpenBLAS blas_thread_init: RLIMIT_NPROC 8192 current, 8192 max
OpenBLAS blas_thread_init: pthread_create failed for thread 1 of 32: Resource temporarily unavailable
OpenBLAS blas_thread_init: ensure that your address space and process count limits are big enough (ulimit -a)
OpenBLAS blas_thread_init: or set a smaller OPENBLAS_NUM_THREADS to fit into what you have available
OpenBLAS blas_thread_init: RLIMIT_NPROC 8192 current, 8192 max
OpenBLAS blas_thread_init: pthread_create failed for thread 2 of 32: Resource temporarily unavailable
OpenBLAS blas_thread_init: ensure that your address space and process count limits are big enough (ulimit -a)
OpenBLAS blas_thread_init: or set a smaller OPENBLAS_NUM_THREADS to fit into what you have available
OpenBLAS blas_thread_init: RLIMIT_NPROC 8192 current, 8192 max
OpenBLAS blas_thread_init: pthread_create failed for thread 3 of 32: Resource temporarily unavailable
OpenBLAS blas_thread_init: ensure that your address space and process count limits are big enough (ulimit -a)
OpenBLAS blas_thread_init: or set a smaller OPENBLAS_NUM_THREADS to fit into what you have available
OpenBLAS blas_thread_init: RLIMIT_NPROC 8192 current, 8192 max
OpenBLAS blas_thread_init: pthread_create failed for thread 4 of 32: Resource temporarily unavailable
OpenBLAS blas_thread_init: ensure that your address space and process count limits are big enough (ulimit -a)
OpenBLAS blas_thread_init: or set a smaller OPENBLAS_NUM_THREADS to fit into what you have available
OpenBLAS blas_thread_init: RLIMIT_NPROC 8192 current, 8192 max
OpenBLAS blas_thread_init: pthread_create failed for thread 5 of 32: Resource temporarily unavailable
OpenBLAS blas_thread_init: ensure that your address space and process count limits are big enough (ulimit -a)
OpenBLAS blas_thread_init: or set a smaller OPENBLAS_NUM_THREADS to fit into what you have available
OpenBLAS blas_thread_init: RLIMIT_NPROC 8192 current, 8192 max
OpenBLAS blas_thread_init: pthread_create failed for thread 6 of 32: Resource temporarily unavailable
OpenBLAS blas_thread_init: ensure that your address space and process count limits are big enough (ulimit -a)
OpenBLAS blas_thread_init: or set a smaller OPENBLAS_NUM_THREADS to fit into what you have available
OpenBLAS blas_thread_init: RLIMIT_NPROC 8192 current, 8192 max
OpenBLAS blas_thread_init: pthread_create failed for thread 7 of 32: Resource temporarily unavailable
OpenBLAS blas_thread_init: ensure that your address space and process count limits are big enough (ulimit -a)
OpenBLAS blas_thread_init: or set a smaller OPENBLAS_NUM_THREADS to fit into what you have available
OpenBLAS blas_thread_init: RLIMIT_NPROC 8192 current, 8192 max
OpenBLAS blas_thread_init: pthread_create failed for thread 8 of 32: Resource temporarily unavailable
OpenBLAS blas_thread_init: ensure that your address space and process count limits are big enough (ulimit -a)
OpenBLAS blas_thread_init: or set a smaller OPENBLAS_NUM_THREADS to fit into what you have available
OpenBLAS blas_thread_init: RLIMIT_NPROC 8192 current, 8192 max
OpenBLAS blas_thread_init: pthread_create failed for thread 9 of 32: Resource temporarily unavailable
OpenBLAS blas_thread_init: ensure that your address space and process count limits are big enough (ulimit -a)
OpenBLAS blas_thread_init: or set a smaller OPENBLAS_NUM_THREADS to fit into what you have available
OpenBLAS blas_thread_init: RLIMIT_NPROC 8192 current, 8192 max
OpenBLAS blas_thread_init: pthread_create failed for thread 10 of 32: Resource temporarily unavailable
OpenBLAS blas_thread_init: ensure that your address space and process count limits are big enough (ulimit -a)
OpenBLAS blas_thread_init: or set a smaller OPENBLAS_NUM_THREADS to fit into what you have available
OpenBLAS blas_thread_init: RLIMIT_NPROC 8192 current, 8192 max
OpenBLAS blas_thread_init: pthread_create failed for thread 11 of 32: Resource temporarily unavailable
OpenBLAS blas_thread_init: ensure that your address space and process count limits are big enough (ulimit -a)
OpenBLAS blas_thread_init: or set a smaller OPENBLAS_NUM_THREADS to fit into what you have available
OpenBLAS blas_thread_init: RLIMIT_NPROC 8192 current, 8192 max
OpenBLAS blas_thread_init: pthread_create failed for thread 12 of 32: Resource temporarily unavailable
OpenBLAS blas_thread_init: ensure that your address space and process count limits are big enough (ulimit -a)
OpenBLAS blas_thread_init: or set a smaller OPENBLAS_NUM_THREADS to fit into what you have available
OpenBLAS blas_thread_init: RLIMIT_NPROC 8192 current, 8192 max
OpenBLAS blas_thread_init: pthread_create failed for thread 13 of 32: Resource temporarily unavailable
OpenBLAS blas_thread_init: ensure that your address space and process count limits are big enough (ulimit -a)
OpenBLAS blas_thread_init: or set a smaller OPENBLAS_NUM_THREADS to fit into what you have available
OpenBLAS blas_thread_init: RLIMIT_NPROC 8192 current, 8192 max
OpenBLAS blas_thread_init: pthread_create failed for thread 14 of 32: Resource temporarily unavailable
OpenBLAS blas_thread_init: ensure that your address space and process count limits are big enough (ulimit -a)
OpenBLAS blas_thread_init: or set a smaller OPENBLAS_NUM_THREADS to fit into what you have available
OpenBLAS blas_thread_init: RLIMIT_NPROC 8192 current, 8192 max
OpenBLAS blas_thread_init: pthread_create failed for thread 15 of 32: Resource temporarily unavailable
OpenBLAS blas_thread_init: ensure that your address space and process count limits are big enough (ulimit -a)
OpenBLAS blas_thread_init: or set a smaller OPENBLAS_NUM_THREADS to fit into what you have available
OpenBLAS blas_thread_init: RLIMIT_NPROC 8192 current, 8192 max
OpenBLAS blas_thread_init: pthread_create failed for thread 16 of 32: Resource temporarily unavailable
OpenBLAS blas_thread_init: ensure that your address space and process count limits are big enough (ulimit -a)
OpenBLAS blas_thread_init: or set a smaller OPENBLAS_NUM_THREADS to fit into what you have available
OpenBLAS blas_thread_init: RLIMIT_NPROC 8192 current, 8192 max
OpenBLAS blas_thread_init: pthread_create failed for thread 17 of 32: Resource temporarily unavailable
OpenBLAS blas_thread_init: ensure that your address space and process count limits are big enough (ulimit -a)
OpenBLAS blas_thread_init: or set a smaller OPENBLAS_NUM_THREADS to fit into what you have available
OpenBLAS blas_thread_init: RLIMIT_NPROC 8192 current, 8192 max
OpenBLAS blas_thread_init: pthread_create failed for thread 18 of 32: Resource temporarily unavailable
OpenBLAS blas_thread_init: ensure that your address space and process count limits are big enough (ulimit -a)
OpenBLAS blas_thread_init: or set a smaller OPENBLAS_NUM_THREADS to fit into what you have available
OpenBLAS blas_thread_init: RLIMIT_NPROC 8192 current, 8192 max
OpenBLAS blas_thread_init: pthread_create failed for thread 19 of 32: Resource temporarily unavailable
OpenBLAS blas_thread_init: ensure that your address space and process count limits are big enough (ulimit -a)
OpenBLAS blas_thread_init: or set a smaller OPENBLAS_NUM_THREADS to fit into what you have available
OpenBLAS blas_thread_init: RLIMIT_NPROC 8192 current, 8192 max
OpenBLAS blas_thread_init: pthread_create failed for thread 20 of 32: Resource temporarily unavailable
OpenBLAS blas_thread_init: ensure that your address space and process count limits are big enough (ulimit -a)
OpenBLAS blas_thread_init: or set a smaller OPENBLAS_NUM_THREADS to fit into what you have available
OpenBLAS blas_thread_init: RLIMIT_NPROC 8192 current, 8192 max
OpenBLAS blas_thread_init: pthread_create failed for thread 21 of 32: Resource temporarily unavailable
OpenBLAS blas_thread_init: ensure that your address space and process count limits are big enough (ulimit -a)
OpenBLAS blas_thread_init: or set a smaller OPENBLAS_NUM_THREADS to fit into what you have available
OpenBLAS blas_thread_init: RLIMIT_NPROC 8192 current, 8192 max
OpenBLAS blas_thread_init: pthread_create failed for thread 22 of 32: Resource temporarily unavailable
OpenBLAS blas_thread_init: ensure that your address space and process count limits are big enough (ulimit -a)
OpenBLAS blas_thread_init: or set a smaller OPENBLAS_NUM_THREADS to fit into what you have available
OpenBLAS blas_thread_init: RLIMIT_NPROC 8192 current, 8192 max
OpenBLAS blas_thread_init: pthread_create failed for thread 23 of 32: Resource temporarily unavailable
OpenBLAS blas_thread_init: ensure that your address space and process count limits are big enough (ulimit -a)
OpenBLAS blas_thread_init: or set a smaller OPENBLAS_NUM_THREADS to fit into what you have available
OpenBLAS blas_thread_init: RLIMIT_NPROC 8192 current, 8192 max
OpenBLAS blas_thread_init: pthread_create failed for thread 24 of 32: Resource temporarily unavailable
OpenBLAS blas_thread_init: ensure that your address space and process count limits are big enough (ulimit -a)
OpenBLAS blas_thread_init: or set a smaller OPENBLAS_NUM_THREADS to fit into what you have available
OpenBLAS blas_thread_init: RLIMIT_NPROC 8192 current, 8192 max
OpenBLAS blas_thread_init: pthread_create failed for thread 25 of 32: Resource temporarily unavailable
OpenBLAS blas_thread_init: ensure that your address space and process count limits are big enough (ulimit -a)
OpenBLAS blas_thread_init: or set a smaller OPENBLAS_NUM_THREADS to fit into what you have available
OpenBLAS blas_thread_init: RLIMIT_NPROC 8192 current, 8192 max
OpenBLAS blas_thread_init: pthread_create failed for thread 26 of 32: Resource temporarily unavailable
OpenBLAS blas_thread_init: ensure that your address space and process count limits are big enough (ulimit -a)
OpenBLAS blas_thread_init: or set a smaller OPENBLAS_NUM_THREADS to fit into what you have available
OpenBLAS blas_thread_init: RLIMIT_NPROC 8192 current, 8192 max
OpenBLAS blas_thread_init: pthread_create failed for thread 27 of 32: Resource temporarily unavailable
OpenBLAS blas_thread_init: ensure that your address space and process count limits are big enough (ulimit -a)
OpenBLAS blas_thread_init: or set a smaller OPENBLAS_NUM_THREADS to fit into what you have available
OpenBLAS blas_thread_init: RLIMIT_NPROC 8192 current, 8192 max
OpenBLAS blas_thread_init: pthread_create failed for thread 28 of 32: Resource temporarily unavailable
OpenBLAS blas_thread_init: ensure that your address space and process count limits are big enough (ulimit -a)
OpenBLAS blas_thread_init: or set a smaller OPENBLAS_NUM_THREADS to fit into what you have available
OpenBLAS blas_thread_init: RLIMIT_NPROC 8192 current, 8192 max
OpenBLAS blas_thread_init: pthread_create failed for thread 29 of 32: Resource temporarily unavailable
OpenBLAS blas_thread_init: ensure that your address space and process count limits are big enough (ulimit -a)
OpenBLAS blas_thread_init: or set a smaller OPENBLAS_NUM_THREADS to fit into what you have available
OpenBLAS blas_thread_init: RLIMIT_NPROC 8192 current, 8192 max
OpenBLAS blas_thread_init: pthread_create failed for thread 30 of 32: Resource temporarily unavailable
OpenBLAS blas_thread_init: ensure that your address space and process count limits are big enough (ulimit -a)
OpenBLAS blas_thread_init: or set a smaller OPENBLAS_NUM_THREADS to fit into what you have available
OpenBLAS blas_thread_init: RLIMIT_NPROC 8192 current, 8192 max
OpenBLAS blas_thread_init: pthread_create failed for thread 31 of 32: Resource temporarily unavailable
OpenBLAS blas_thread_init: ensure that your address space and process count limits are big enough (ulimit -a)
OpenBLAS blas_thread_init: or set a smaller OPENBLAS_NUM_THREADS to fit into what you have available
OpenBLAS blas_thread_init: RLIMIT_NPROC 8192 current, 8192 max
/global/scratch/fsa/fc_jevons/ligon/mirrors/LSMS_Library/lsms_library/countries/Uganda/2011-12/_/../../_/uganda.py:1538: GrainConflictWarning: grain conflict on ['t', 'i', 'plot', 'j', 'u', 'condition', 'season']: 1 of 20182 group(s) carry more than one distinct value.  Conflicted groups per column: {'Unit_sold': 1}.  Offending groups e.g. [('2011-12', '1053000802', '1053000802-1-3', 'Sweet Bananas', 'Bunch (Small)', 'fresh', 'A')].  on_conflict='na': blanking those cells rather than picking an arbitrary winner.  Either the payload is genuinely finer-grained than the declared index (it does not belong in this table), the identifier is broken / a level is missing, or the source needs cleaning.  If the loss is understood and accepted, pass on_conflict='na' to blank exactly these cells (and say why at the call site).  GH #323; SkunkWorks/grain_aggregation_policy.org.
  labelcols = reduce_to_agreed(df[['Unit_sold', 'Condition_sold']],
/global/scratch/fsa/fc_jevons/ligon/mirrors/LSMS_Library/lsms_library/countries/Uganda/2013-14/_/../../_/uganda.py:1538: GrainConflictWarning: grain conflict on ['t', 'i', 'plot', 'j', 'u', 'condition', 'season']: 3 of 17585 group(s) carry more than one distinct value.  Conflicted groups per column: {'Unit_sold': 2, 'Condition_sold': 1}.  Offending groups e.g. [('2013-14', 'H06105-04-01', 'H06105-04-01-1-2', 'Cassava', 'Sack (100 kgs)', 'dried', 'A'), ('2013-14', 'H25209-04-01', 'H25209-04-01-1-2', 'Sweet Potatoes', 'Sack (100 kgs)', 'fresh', 'A'), ('2013-14', 'H42603-04-01', 'H42603-04-01-3-4', 'Banana Beer', 'Bunch (Small)', 'fresh', 'A')].  on_conflict='na': blanking those cells rather than picking an arbitrary winner.  Either the payload is genuinely finer-grained than the declared index (it does not belong in this table), the identifier is broken / a level is missing, or the source needs cleaning.  If the loss is understood and accepted, pass on_conflict='na' to blank exactly these cells (and say why at the call site).  GH #323; SkunkWorks/grain_aggregation_policy.org.
  labelcols = reduce_to_agreed(df[['Unit_sold', 'Condition_sold']],
/global/scratch/fsa/fc_jevons/ligon/mirrors/LSMS_Library/lsms_library/countries/Uganda/2015-16/_/../../_/uganda.py:1538: GrainConflictWarning: grain conflict on ['t', 'i', 'plot', 'j', 'u', 'condition', 'season']: 1 of 19576 group(s) carry more than one distinct value.  Conflicted groups per column: {'Condition_sold': 1}.  Offending groups e.g. [('2015-16', 'H3600301', 'H3600301-1-1', 'Maize', 'Plastic Basin (15 lts)', 'green_with_shell', 'A')].  on_conflict='na': blanking those cells rather than picking an arbitrary winner.  Either the payload is genuinely finer-grained than the declared index (it does not belong in this table), the identifier is broken / a level is missing, or the source needs cleaning.  If the loss is understood and accepted, pass on_conflict='na' to blank exactly these cells (and say why at the call site).  GH #323; SkunkWorks/grain_aggregation_policy.org.
  labelcols = reduce_to_agreed(df[['Unit_sold', 'Condition_sold']],
/global/scratch/fsa/fc_jevons/ligon/mirrors/LSMS_Library/lsms_library/countries/Uganda/2009-10/_/../../_/uganda.py:1538: GrainConflictWarning: grain conflict on ['t', 'i', 'plot', 'j', 'u', 'condition', 'season']: 6 of 22748 group(s) carry more than one distinct value.  Conflicted groups per column: {'Unit_sold': 6}.  Offending groups e.g. [('2009-10', '1083003309', '1083003309-1-2', 'Pawpaw', 'Sack (100 kgs)', 'fresh', 'B'), ('2009-10', '2033000804', '2033000804-1-1', 'Maize', 'Sack (100 kgs)', 'dried_grain', 'B'), ('2009-10', '3033003303', '3033003303-2-1', 'Sweet Bananas', 'Bunch (Big)', 'fresh', 'B'), ('2009-10', '4113000903', '4113000903-2-1', 'Matoke', 'Bunch (Small)', 'fresh', 'B'), ('2009-10', '4153000403', '4153000403-2-1', 'Maize', 'Sack (100 kgs)', 'dried_grain', 'B')].  on_conflict='na': blanking those cells rather than picking an arbitrary winner.  Either the payload is genuinely finer-grained than the declared index (it does not belong in this table), the identifier is broken / a level is missing, or the source needs cleaning.  If the loss is understood and accepted, pass on_conflict='na' to blank exactly these cells (and say why at the call site).  GH #323; SkunkWorks/grain_aggregation_policy.org.
  labelcols = reduce_to_agreed(df[['Unit_sold', 'Condition_sold']],
________ ERROR at setup of test_2018_19_B_unit_vocabulary_is_canonical _________
[gw17] linux -- Python 3.11.6 /global/scratch/fsa/fc_jevons/ligon/mirrors/LSMS_Library/.venv/bin/python

    @pytest.fixture(scope="module")
    def crop_production() -> pd.DataFrame:
        """The built table.
    
        Skips only when the build could not have succeeded for ENVIRONMENTAL
        reasons (no S3 credentials, hence no source data).  With credentials a
        build failure is a DEFECT and is re-raised — a mis-wired `CROP_COLMAPS`
        raises `CropColmapError`, and turning that into a skip is the same silent
        failure these tests exist to close.
        """
        try:
            import lsms_library as ll
    
            with warnings.catch_warnings():
                warnings.simplefilter("ignore")
                df = ll.Country("Uganda", preload_panel_ids=False,
>                               verbose=False).crop_production()
                                               ^^^^^^^^^^^^^^^^^

tests/test_gh842_uganda_harvest_unit.py:221: 
_ _ _ _ _ _ _ _ _ _ _ _ _ _ _ _ _ _ _ _ _ _ _ _ _ _ _ _ _ _ _ _ _ _ _ _ _ _ _ _ 
lsms_library/country.py:4653: in method
    result = self._aggregate_wave_data(waves, name, currency=currency)
             ^^^^^^^^^^^^^^^^^^^^^^^^^^^^^^^^^^^^^^^^^^^^^^^^^^^^^^^^^
lsms_library/country.py:4102: in _aggregate_wave_data
    df = load_with_dvc_cache(method_name)
         ^^^^^^^^^^^^^^^^^^^^^^^^^^^^^^^^
lsms_library/country.py:4085: in load_with_dvc_cache
    return load_dataframe_with_dvc(method_name)
           ^^^^^^^^^^^^^^^^^^^^^^^^^^^^^^^^^^^^
lsms_library/country.py:3912: in load_dataframe_with_dvc
    df = load_from_waves(waves)
         ^^^^^^^^^^^^^^^^^^^^^^
lsms_library/country.py:3695: in load_from_waves
    wave_has_table, wave_result = _parallel_waves.relay(
_ _ _ _ _ _ _ _ _ _ _ _ _ _ _ _ _ _ _ _ _ _ _ _ _ _ _ _ _ _ _ _ _ _ _ _ _ _ _ _ 

payload = {'error': (BlockingIOError(11, 'Resource temporarily unavailable'), 'BlockingIOError', '[Errno 11] Resource temporaril...^^\nBlockingIOError: [Errno 11] Resource temporarily unavailable\n'), 'grain': [], 'has_table': False, 'null': [], ...}

    def relay(payload: dict, *, country: str, table: str) -> tuple[bool, Any]:
        """Replay one wave's captured side effects in the parent, then return
        ``(wave_has_table, wave_result)`` -- or raise the wave's exception."""
        for packed in payload["warnings"]:
            _emit_warning(packed)
        grain, null = _ledgers()
        _file_reports(grain, payload["grain"])
        _file_reports(null, payload["null"])
        err = payload.get("error")
        if err is not None:
            exc, type_name, text, tb = err
            where = f"{country}/{payload['wave']}/{table}"
            if exc is None:
                exc = RuntimeError(f"{type_name}: {text}")
            note = f"raised while building {where} in a parallel wave worker; worker traceback:\n{tb}"
            if hasattr(exc, "add_note"):        # 3.11+
                exc.add_note(note)
>           raise exc
E           BlockingIOError: [Errno 11] Resource temporarily unavailable
E           raised while building Uganda/2019-20/crop_production in a parallel wave worker; worker traceback:
E           Traceback (most recent call last):
E             File "/global/scratch/fsa/fc_jevons/ligon/mirrors/LSMS_Library/lsms_library/_parallel_waves.py", line 458, in _build_captured
E               has_table, result = build_one(wave)
E                                   ^^^^^^^^^^^^^^^
E             File "/global/scratch/fsa/fc_jevons/ligon/mirrors/LSMS_Library/lsms_library/country.py", line 3636, in build_wave
E               wave_result = getattr(wave_obj, method_name)()
E                             ^^^^^^^^^^^^^^^^^^^^^^^^^^^^^^^^
E             File "/global/scratch/fsa/fc_jevons/ligon/mirrors/LSMS_Library/lsms_library/country.py", line 743, in method
E               return self.grab_data(method_name)
E                      ^^^^^^^^^^^^^^^^^^^^^^^^^^^
E             File "/global/scratch/fsa/fc_jevons/ligon/mirrors/LSMS_Library/lsms_library/country.py", line 1615, in grab_data
E               subprocess.run(make_cmd, cwd=cwd_path, check=True, env=env)
E             File "/global/software/rocky-8.x86_64/python-3.11.6/._python-3.11.6/zxbhdko4pyfbffp3rebfywqstwyqctut/python/3.11.6-gcc/lib/python3.11/subprocess.py", line 548, in run
E               with Popen(*popenargs, **kwargs) as process:
E                    ^^^^^^^^^^^^^^^^^^^^^^^^^^^
E             File "/global/software/rocky-8.x86_64/python-3.11.6/._python-3.11.6/zxbhdko4pyfbffp3rebfywqstwyqctut/python/3.11.6-gcc/lib/python3.11/subprocess.py", line 1026, in __init__
E               self._execute_child(args, executable, preexec_fn, close_fds,
E             File "/global/software/rocky-8.x86_64/python-3.11.6/._python-3.11.6/zxbhdko4pyfbffp3rebfywqstwyqctut/python/3.11.6-gcc/lib/python3.11/subprocess.py", line 1883, in _execute_child
E               self.pid = _fork_exec(
E                          ^^^^^^^^^^^
E           BlockingIOError: [Errno 11] Resource temporarily unavailable

lsms_library/_parallel_waves.py:538: BlockingIOError
___________ ERROR at setup of test_kg_factor_is_carried_for_2018_19 ____________
[gw17] linux -- Python 3.11.6 /global/scratch/fsa/fc_jevons/ligon/mirrors/LSMS_Library/.venv/bin/python

    @pytest.fixture(scope="module")
    def crop_production() -> pd.DataFrame:
        """The built table.
    
        Skips only when the build could not have succeeded for ENVIRONMENTAL
        reasons (no S3 credentials, hence no source data).  With credentials a
        build failure is a DEFECT and is re-raised — a mis-wired `CROP_COLMAPS`
        raises `CropColmapError`, and turning that into a skip is the same silent
        failure these tests exist to close.
        """
        try:
            import lsms_library as ll
    
            with warnings.catch_warnings():
                warnings.simplefilter("ignore")
                df = ll.Country("Uganda", preload_panel_ids=False,
>                               verbose=False).crop_production()
                                               ^^^^^^^^^^^^^^^^^

tests/test_gh842_uganda_harvest_unit.py:221: 
_ _ _ _ _ _ _ _ _ _ _ _ _ _ _ _ _ _ _ _ _ _ _ _ _ _ _ _ _ _ _ _ _ _ _ _ _ _ _ _ 
lsms_library/country.py:4653: in method
    result = self._aggregate_wave_data(waves, name, currency=currency)
             ^^^^^^^^^^^^^^^^^^^^^^^^^^^^^^^^^^^^^^^^^^^^^^^^^^^^^^^^^
lsms_library/country.py:4102: in _aggregate_wave_data
    df = load_with_dvc_cache(method_name)
         ^^^^^^^^^^^^^^^^^^^^^^^^^^^^^^^^
lsms_library/country.py:4085: in load_with_dvc_cache
    return load_dataframe_with_dvc(method_name)
           ^^^^^^^^^^^^^^^^^^^^^^^^^^^^^^^^^^^^
lsms_library/country.py:3912: in load_dataframe_with_dvc
    df = load_from_waves(waves)
         ^^^^^^^^^^^^^^^^^^^^^^
lsms_library/country.py:3695: in load_from_waves
    wave_has_table, wave_result = _parallel_waves.relay(
_ _ _ _ _ _ _ _ _ _ _ _ _ _ _ _ _ _ _ _ _ _ _ _ _ _ _ _ _ _ _ _ _ _ _ _ _ _ _ _ 

payload = {'error': (BlockingIOError(11, 'Resource temporarily unavailable'), 'BlockingIOError', '[Errno 11] Resource temporaril...^^\nBlockingIOError: [Errno 11] Resource temporarily unavailable\n'), 'grain': [], 'has_table': False, 'null': [], ...}

    def relay(payload: dict, *, country: str, table: str) -> tuple[bool, Any]:
        """Replay one wave's captured side effects in the parent, then return
        ``(wave_has_table, wave_result)`` -- or raise the wave's exception."""
        for packed in payload["warnings"]:
            _emit_warning(packed)
        grain, null = _ledgers()
        _file_reports(grain, payload["grain"])
        _file_reports(null, payload["null"])
        err = payload.get("error")
        if err is not None:
            exc, type_name, text, tb = err
            where = f"{country}/{payload['wave']}/{table}"
            if exc is None:
                exc = RuntimeError(f"{type_name}: {text}")
            note = f"raised while building {where} in a parallel wave worker; worker traceback:\n{tb}"
            if hasattr(exc, "add_note"):        # 3.11+
                exc.add_note(note)
>           raise exc
E           BlockingIOError: [Errno 11] Resource temporarily unavailable
E           raised while building Uganda/2019-20/crop_production in a parallel wave worker; worker traceback:
E           Traceback (most recent call last):
E             File "/global/scratch/fsa/fc_jevons/ligon/mirrors/LSMS_Library/lsms_library/_parallel_waves.py", line 458, in _build_captured
E               has_table, result = build_one(wave)
E                                   ^^^^^^^^^^^^^^^
E             File "/global/scratch/fsa/fc_jevons/ligon/mirrors/LSMS_Library/lsms_library/country.py", line 3636, in build_wave
E               wave_result = getattr(wave_obj, method_name)()
E                             ^^^^^^^^^^^^^^^^^^^^^^^^^^^^^^^^
E             File "/global/scratch/fsa/fc_jevons/ligon/mirrors/LSMS_Library/lsms_library/country.py", line 743, in method
E               return self.grab_data(method_name)
E                      ^^^^^^^^^^^^^^^^^^^^^^^^^^^
E             File "/global/scratch/fsa/fc_jevons/ligon/mirrors/LSMS_Library/lsms_library/country.py", line 1615, in grab_data
E               subprocess.run(make_cmd, cwd=cwd_path, check=True, env=env)
E             File "/global/software/rocky-8.x86_64/python-3.11.6/._python-3.11.6/zxbhdko4pyfbffp3rebfywqstwyqctut/python/3.11.6-gcc/lib/python3.11/subprocess.py", line 548, in run
E               with Popen(*popenargs, **kwargs) as process:
E                    ^^^^^^^^^^^^^^^^^^^^^^^^^^^
E             File "/global/software/rocky-8.x86_64/python-3.11.6/._python-3.11.6/zxbhdko4pyfbffp3rebfywqstwyqctut/python/3.11.6-gcc/lib/python3.11/subprocess.py", line 1026, in __init__
E               self._execute_child(args, executable, preexec_fn, close_fds,
E             File "/global/software/rocky-8.x86_64/python-3.11.6/._python-3.11.6/zxbhdko4pyfbffp3rebfywqstwyqctut/python/3.11.6-gcc/lib/python3.11/subprocess.py", line 1883, in _execute_child
E               self.pid = _fork_exec(
E                          ^^^^^^^^^^^
E           BlockingIOError: [Errno 11] Resource temporarily unavailable

lsms_library/_parallel_waves.py:538: BlockingIOError
_____ ERROR at setup of test_wired_unit_agrees_with_the_reported_kg_factor _____
[gw17] linux -- Python 3.11.6 /global/scratch/fsa/fc_jevons/ligon/mirrors/LSMS_Library/.venv/bin/python

    @pytest.fixture(scope="module")
    def crop_production() -> pd.DataFrame:
        """The built table.
    
        Skips only when the build could not have succeeded for ENVIRONMENTAL
        reasons (no S3 credentials, hence no source data).  With credentials a
        build failure is a DEFECT and is re-raised — a mis-wired `CROP_COLMAPS`
        raises `CropColmapError`, and turning that into a skip is the same silent
        failure these tests exist to close.
        """
        try:
            import lsms_library as ll
    
            with warnings.catch_warnings():
                warnings.simplefilter("ignore")
                df = ll.Country("Uganda", preload_panel_ids=False,
>                               verbose=False).crop_production()
                                               ^^^^^^^^^^^^^^^^^

tests/test_gh842_uganda_harvest_unit.py:221: 
_ _ _ _ _ _ _ _ _ _ _ _ _ _ _ _ _ _ _ _ _ _ _ _ _ _ _ _ _ _ _ _ _ _ _ _ _ _ _ _ 
lsms_library/country.py:4653: in method
    result = self._aggregate_wave_data(waves, name, currency=currency)
             ^^^^^^^^^^^^^^^^^^^^^^^^^^^^^^^^^^^^^^^^^^^^^^^^^^^^^^^^^
lsms_library/country.py:4102: in _aggregate_wave_data
    df = load_with_dvc_cache(method_name)
         ^^^^^^^^^^^^^^^^^^^^^^^^^^^^^^^^
lsms_library/country.py:4085: in load_with_dvc_cache
    return load_dataframe_with_dvc(method_name)
           ^^^^^^^^^^^^^^^^^^^^^^^^^^^^^^^^^^^^
lsms_library/country.py:3912: in load_dataframe_with_dvc
    df = load_from_waves(waves)
         ^^^^^^^^^^^^^^^^^^^^^^
lsms_library/country.py:3695: in load_from_waves
    wave_has_table, wave_result = _parallel_waves.relay(
_ _ _ _ _ _ _ _ _ _ _ _ _ _ _ _ _ _ _ _ _ _ _ _ _ _ _ _ _ _ _ _ _ _ _ _ _ _ _ _ 

payload = {'error': (BlockingIOError(11, 'Resource temporarily unavailable'), 'BlockingIOError', '[Errno 11] Resource temporaril...^^\nBlockingIOError: [Errno 11] Resource temporarily unavailable\n'), 'grain': [], 'has_table': False, 'null': [], ...}

    def relay(payload: dict, *, country: str, table: str) -> tuple[bool, Any]:
        """Replay one wave's captured side effects in the parent, then return
        ``(wave_has_table, wave_result)`` -- or raise the wave's exception."""
        for packed in payload["warnings"]:
            _emit_warning(packed)
        grain, null = _ledgers()
        _file_reports(grain, payload["grain"])
        _file_reports(null, payload["null"])
        err = payload.get("error")
        if err is not None:
            exc, type_name, text, tb = err
            where = f"{country}/{payload['wave']}/{table}"
            if exc is None:
                exc = RuntimeError(f"{type_name}: {text}")
            note = f"raised while building {where} in a parallel wave worker; worker traceback:\n{tb}"
            if hasattr(exc, "add_note"):        # 3.11+
                exc.add_note(note)
>           raise exc
E           BlockingIOError: [Errno 11] Resource temporarily unavailable
E           raised while building Uganda/2019-20/crop_production in a parallel wave worker; worker traceback:
E           Traceback (most recent call last):
E             File "/global/scratch/fsa/fc_jevons/ligon/mirrors/LSMS_Library/lsms_library/_parallel_waves.py", line 458, in _build_captured
E               has_table, result = build_one(wave)
E                                   ^^^^^^^^^^^^^^^
E             File "/global/scratch/fsa/fc_jevons/ligon/mirrors/LSMS_Library/lsms_library/country.py", line 3636, in build_wave
E               wave_result = getattr(wave_obj, method_name)()
E                             ^^^^^^^^^^^^^^^^^^^^^^^^^^^^^^^^
E             File "/global/scratch/fsa/fc_jevons/ligon/mirrors/LSMS_Library/lsms_library/country.py", line 743, in method
E               return self.grab_data(method_name)
E                      ^^^^^^^^^^^^^^^^^^^^^^^^^^^
E             File "/global/scratch/fsa/fc_jevons/ligon/mirrors/LSMS_Library/lsms_library/country.py", line 1615, in grab_data
E               subprocess.run(make_cmd, cwd=cwd_path, check=True, env=env)
E             File "/global/software/rocky-8.x86_64/python-3.11.6/._python-3.11.6/zxbhdko4pyfbffp3rebfywqstwyqctut/python/3.11.6-gcc/lib/python3.11/subprocess.py", line 548, in run
E               with Popen(*popenargs, **kwargs) as process:
E                    ^^^^^^^^^^^^^^^^^^^^^^^^^^^
E             File "/global/software/rocky-8.x86_64/python-3.11.6/._python-3.11.6/zxbhdko4pyfbffp3rebfywqstwyqctut/python/3.11.6-gcc/lib/python3.11/subprocess.py", line 1026, in __init__
E               self._execute_child(args, executable, preexec_fn, close_fds,
E             File "/global/software/rocky-8.x86_64/python-3.11.6/._python-3.11.6/zxbhdko4pyfbffp3rebfywqstwyqctut/python/3.11.6-gcc/lib/python3.11/subprocess.py", line 1883, in _execute_child
E               self.pid = _fork_exec(
E                          ^^^^^^^^^^^
E           BlockingIOError: [Errno 11] Resource temporarily unavailable

lsms_library/_parallel_waves.py:538: BlockingIOError
______ ERROR at setup of test_shocks_i_is_not_a_bare_line_index[2008-09] _______
[gw16] linux -- Python 3.11.6 /global/scratch/fsa/fc_jevons/ligon/mirrors/LSMS_Library/.venv/bin/python

tanzania = <lsms_library.country.Country object at 0x148e570e3f50>

    @pytest.fixture(scope='module')
    def shocks(tanzania):
>       return tanzania.shocks()
               ^^^^^^^^^^^^^^^^^

tests/test_gh637_tanzania_shocks_household_id.py:69: 
_ _ _ _ _ _ _ _ _ _ _ _ _ _ _ _ _ _ _ _ _ _ _ _ _ _ _ _ _ _ _ _ _ _ _ _ _ _ _ _ 
lsms_library/country.py:4653: in method
    result = self._aggregate_wave_data(waves, name, currency=currency)
             ^^^^^^^^^^^^^^^^^^^^^^^^^^^^^^^^^^^^^^^^^^^^^^^^^^^^^^^^^
lsms_library/country.py:4102: in _aggregate_wave_data
    df = load_with_dvc_cache(method_name)
         ^^^^^^^^^^^^^^^^^^^^^^^^^^^^^^^^
lsms_library/country.py:4085: in load_with_dvc_cache
    return load_dataframe_with_dvc(method_name)
           ^^^^^^^^^^^^^^^^^^^^^^^^^^^^^^^^^^^^
lsms_library/country.py:3912: in load_dataframe_with_dvc
    df = load_from_waves(waves)
         ^^^^^^^^^^^^^^^^^^^^^^
lsms_library/country.py:3695: in load_from_waves
    wave_has_table, wave_result = _parallel_waves.relay(
_ _ _ _ _ _ _ _ _ _ _ _ _ _ _ _ _ _ _ _ _ _ _ _ _ _ _ _ _ _ _ _ _ _ _ _ _ _ _ _ 

payload = {'error': (CalledProcessError(2, ['make', '-s', '-j10', '../2008-15/_/shocks.parquet']), 'CalledProcessError', "Comman..../2008-15/_/shocks.parquet\']\' returned non-zero exit status 2.\n'), 'grain': [], 'has_table': False, 'null': [], ...}

    def relay(payload: dict, *, country: str, table: str) -> tuple[bool, Any]:
        """Replay one wave's captured side effects in the parent, then return
        ``(wave_has_table, wave_result)`` -- or raise the wave's exception."""
        for packed in payload["warnings"]:
            _emit_warning(packed)
        grain, null = _ledgers()
        _file_reports(grain, payload["grain"])
        _file_reports(null, payload["null"])
        err = payload.get("error")
        if err is not None:
            exc, type_name, text, tb = err
            where = f"{country}/{payload['wave']}/{table}"
            if exc is None:
                exc = RuntimeError(f"{type_name}: {text}")
            note = f"raised while building {where} in a parallel wave worker; worker traceback:\n{tb}"
            if hasattr(exc, "add_note"):        # 3.11+
                exc.add_note(note)
>           raise exc
E           subprocess.CalledProcessError: Command '['make', '-s', '-j10', '../2008-15/_/shocks.parquet']' returned non-zero exit status 2.
E           raised while building Tanzania/2008-09/shocks in a parallel wave worker; worker traceback:
E           Traceback (most recent call last):
E             File "/global/scratch/fsa/fc_jevons/ligon/mirrors/LSMS_Library/lsms_library/_parallel_waves.py", line 458, in _build_captured
E               has_table, result = build_one(wave)
E                                   ^^^^^^^^^^^^^^^
E             File "/global/scratch/fsa/fc_jevons/ligon/mirrors/LSMS_Library/lsms_library/country.py", line 3636, in build_wave
E               wave_result = getattr(wave_obj, method_name)()
E                             ^^^^^^^^^^^^^^^^^^^^^^^^^^^^^^^^
E             File "/global/scratch/fsa/fc_jevons/ligon/mirrors/LSMS_Library/lsms_library/country.py", line 743, in method
E               return self.grab_data(method_name)
E                      ^^^^^^^^^^^^^^^^^^^^^^^^^^^
E             File "/global/scratch/fsa/fc_jevons/ligon/mirrors/LSMS_Library/lsms_library/country.py", line 1615, in grab_data
E               subprocess.run(make_cmd, cwd=cwd_path, check=True, env=env)
E             File "/global/software/rocky-8.x86_64/python-3.11.6/._python-3.11.6/zxbhdko4pyfbffp3rebfywqstwyqctut/python/3.11.6-gcc/lib/python3.11/subprocess.py", line 571, in run
E               raise CalledProcessError(retcode, process.args,
E           subprocess.CalledProcessError: Command '['make', '-s', '-j10', '../2008-15/_/shocks.parquet']' returned non-zero exit status 2.

lsms_library/_parallel_waves.py:538: CalledProcessError
---------------------------- Captured stderr setup -----------------------------
Traceback (most recent call last):
  File "/global/scratch/fsa/fc_jevons/ligon/mirrors/LSMS_Library/.venv/lib/python3.11/site-packages/git/__init__.py", line 296, in <module>
    refresh()
  File "/global/scratch/fsa/fc_jevons/ligon/mirrors/LSMS_Library/.venv/lib/python3.11/site-packages/git/__init__.py", line 287, in refresh
    if not Git.refresh(path=path):
           ^^^^^^^^^^^^^^^^^^^^^^
  File "/global/scratch/fsa/fc_jevons/ligon/mirrors/LSMS_Library/.venv/lib/python3.11/site-packages/git/cmd.py", line 788, in refresh
    cls().version()
  File "/global/scratch/fsa/fc_jevons/ligon/mirrors/LSMS_Library/.venv/lib/python3.11/site-packages/git/cmd.py", line 1003, in <lambda>
    return lambda *args, **kwargs: self._call_process(name, *args, **kwargs)
                                   ^^^^^^^^^^^^^^^^^^^^^^^^^^^^^^^^^^^^^^^^^
  File "/global/scratch/fsa/fc_jevons/ligon/mirrors/LSMS_Library/.venv/lib/python3.11/site-packages/git/cmd.py", line 1616, in _call_process
    return self.execute(call, **exec_kwargs)
           ^^^^^^^^^^^^^^^^^^^^^^^^^^^^^^^^^
  File "/global/scratch/fsa/fc_jevons/ligon/mirrors/LSMS_Library/.venv/lib/python3.11/site-packages/git/cmd.py", line 1279, in execute
    proc = safer_popen(
           ^^^^^^^^^^^^
  File "/global/software/rocky-8.x86_64/python-3.11.6/._python-3.11.6/zxbhdko4pyfbffp3rebfywqstwyqctut/python/3.11.6-gcc/lib/python3.11/subprocess.py", line 1026, in __init__
    self._execute_child(args, executable, preexec_fn, close_fds,
  File "/global/software/rocky-8.x86_64/python-3.11.6/._python-3.11.6/zxbhdko4pyfbffp3rebfywqstwyqctut/python/3.11.6-gcc/lib/python3.11/subprocess.py", line 1883, in _execute_child
    self.pid = _fork_exec(
               ^^^^^^^^^^^
BlockingIOError: [Errno 11] Resource temporarily unavailable

The above exception was the direct cause of the following exception:

Traceback (most recent call last):
  File "/global/scratch/fsa/fc_jevons/ligon/mirrors/LSMS_Library/lsms_library/countries/Tanzania/2008-15/_/shocks.py", line 36, in <module>
    from lsms_library.local_tools import to_parquet, get_dataframe
  File "/global/home/users/ligon/mirrors/LSMS_Library/lsms_library/__init__.py", line 151, in <module>
    from .dvc_permissions import authenticate
  File "/global/home/users/ligon/mirrors/LSMS_Library/lsms_library/dvc_permissions.py", line 25, in <module>
    import git
  File "/global/scratch/fsa/fc_jevons/ligon/mirrors/LSMS_Library/.venv/lib/python3.11/site-packages/git/__init__.py", line 298, in <module>
    raise ImportError("Failed to initialize: {0}".format(_exc)) from _exc
ImportError: Failed to initialize: [Errno 11] Resource temporarily unavailable
make: *** [Makefile:40: ../2008-15/_/shocks.parquet] Error 1
______ ERROR at setup of test_shocks_i_is_not_a_bare_line_index[2010-11] _______
[gw16] linux -- Python 3.11.6 /global/scratch/fsa/fc_jevons/ligon/mirrors/LSMS_Library/.venv/bin/python

tanzania = <lsms_library.country.Country object at 0x148e570e3f50>

    @pytest.fixture(scope='module')
    def shocks(tanzania):
>       return tanzania.shocks()
               ^^^^^^^^^^^^^^^^^

tests/test_gh637_tanzania_shocks_household_id.py:69: 
_ _ _ _ _ _ _ _ _ _ _ _ _ _ _ _ _ _ _ _ _ _ _ _ _ _ _ _ _ _ _ _ _ _ _ _ _ _ _ _ 
lsms_library/country.py:4653: in method
    result = self._aggregate_wave_data(waves, name, currency=currency)
             ^^^^^^^^^^^^^^^^^^^^^^^^^^^^^^^^^^^^^^^^^^^^^^^^^^^^^^^^^
lsms_library/country.py:4102: in _aggregate_wave_data
    df = load_with_dvc_cache(method_name)
         ^^^^^^^^^^^^^^^^^^^^^^^^^^^^^^^^
lsms_library/country.py:4085: in load_with_dvc_cache
    return load_dataframe_with_dvc(method_name)
           ^^^^^^^^^^^^^^^^^^^^^^^^^^^^^^^^^^^^
lsms_library/country.py:3912: in load_dataframe_with_dvc
    df = load_from_waves(waves)
         ^^^^^^^^^^^^^^^^^^^^^^
lsms_library/country.py:3695: in load_from_waves
    wave_has_table, wave_result = _parallel_waves.relay(
_ _ _ _ _ _ _ _ _ _ _ _ _ _ _ _ _ _ _ _ _ _ _ _ _ _ _ _ _ _ _ _ _ _ _ _ _ _ _ _ 

payload = {'error': (CalledProcessError(2, ['make', '-s', '-j10', '../2008-15/_/shocks.parquet']), 'CalledProcessError', "Comman..../2008-15/_/shocks.parquet\']\' returned non-zero exit status 2.\n'), 'grain': [], 'has_table': False, 'null': [], ...}

    def relay(payload: dict, *, country: str, table: str) -> tuple[bool, Any]:
        """Replay one wave's captured side effects in the parent, then return
        ``(wave_has_table, wave_result)`` -- or raise the wave's exception."""
        for packed in payload["warnings"]:
            _emit_warning(packed)
        grain, null = _ledgers()
        _file_reports(grain, payload["grain"])
        _file_reports(null, payload["null"])
        err = payload.get("error")
        if err is not None:
            exc, type_name, text, tb = err
            where = f"{country}/{payload['wave']}/{table}"
            if exc is None:
                exc = RuntimeError(f"{type_name}: {text}")
            note = f"raised while building {where} in a parallel wave worker; worker traceback:\n{tb}"
            if hasattr(exc, "add_note"):        # 3.11+
                exc.add_note(note)
>           raise exc
E           subprocess.CalledProcessError: Command '['make', '-s', '-j10', '../2008-15/_/shocks.parquet']' returned non-zero exit status 2.
E           raised while building Tanzania/2008-09/shocks in a parallel wave worker; worker traceback:
E           Traceback (most recent call last):
E             File "/global/scratch/fsa/fc_jevons/ligon/mirrors/LSMS_Library/lsms_library/_parallel_waves.py", line 458, in _build_captured
E               has_table, result = build_one(wave)
E                                   ^^^^^^^^^^^^^^^
E             File "/global/scratch/fsa/fc_jevons/ligon/mirrors/LSMS_Library/lsms_library/country.py", line 3636, in build_wave
E               wave_result = getattr(wave_obj, method_name)()
E                             ^^^^^^^^^^^^^^^^^^^^^^^^^^^^^^^^
E             File "/global/scratch/fsa/fc_jevons/ligon/mirrors/LSMS_Library/lsms_library/country.py", line 743, in method
E               return self.grab_data(method_name)
E                      ^^^^^^^^^^^^^^^^^^^^^^^^^^^
E             File "/global/scratch/fsa/fc_jevons/ligon/mirrors/LSMS_Library/lsms_library/country.py", line 1615, in grab_data
E               subprocess.run(make_cmd, cwd=cwd_path, check=True, env=env)
E             File "/global/software/rocky-8.x86_64/python-3.11.6/._python-3.11.6/zxbhdko4pyfbffp3rebfywqstwyqctut/python/3.11.6-gcc/lib/python3.11/subprocess.py", line 571, in run
E               raise CalledProcessError(retcode, process.args,
E           subprocess.CalledProcessError: Command '['make', '-s', '-j10', '../2008-15/_/shocks.parquet']' returned non-zero exit status 2.

lsms_library/_parallel_waves.py:538: CalledProcessError
______ ERROR at setup of test_shocks_i_is_not_a_bare_line_index[2012-13] _______
[gw16] linux -- Python 3.11.6 /global/scratch/fsa/fc_jevons/ligon/mirrors/LSMS_Library/.venv/bin/python

tanzania = <lsms_library.country.Country object at 0x148e570e3f50>

    @pytest.fixture(scope='module')
    def shocks(tanzania):
>       return tanzania.shocks()
               ^^^^^^^^^^^^^^^^^

tests/test_gh637_tanzania_shocks_household_id.py:69: 
_ _ _ _ _ _ _ _ _ _ _ _ _ _ _ _ _ _ _ _ _ _ _ _ _ _ _ _ _ _ _ _ _ _ _ _ _ _ _ _ 
lsms_library/country.py:4653: in method
    result = self._aggregate_wave_data(waves, name, currency=currency)
             ^^^^^^^^^^^^^^^^^^^^^^^^^^^^^^^^^^^^^^^^^^^^^^^^^^^^^^^^^
lsms_library/country.py:4102: in _aggregate_wave_data
    df = load_with_dvc_cache(method_name)
         ^^^^^^^^^^^^^^^^^^^^^^^^^^^^^^^^
lsms_library/country.py:4085: in load_with_dvc_cache
    return load_dataframe_with_dvc(method_name)
           ^^^^^^^^^^^^^^^^^^^^^^^^^^^^^^^^^^^^
lsms_library/country.py:3912: in load_dataframe_with_dvc
    df = load_from_waves(waves)
         ^^^^^^^^^^^^^^^^^^^^^^
lsms_library/country.py:3695: in load_from_waves
    wave_has_table, wave_result = _parallel_waves.relay(
_ _ _ _ _ _ _ _ _ _ _ _ _ _ _ _ _ _ _ _ _ _ _ _ _ _ _ _ _ _ _ _ _ _ _ _ _ _ _ _ 

payload = {'error': (CalledProcessError(2, ['make', '-s', '-j10', '../2008-15/_/shocks.parquet']), 'CalledProcessError', "Comman..../2008-15/_/shocks.parquet\']\' returned non-zero exit status 2.\n'), 'grain': [], 'has_table': False, 'null': [], ...}

    def relay(payload: dict, *, country: str, table: str) -> tuple[bool, Any]:
        """Replay one wave's captured side effects in the parent, then return
        ``(wave_has_table, wave_result)`` -- or raise the wave's exception."""
        for packed in payload["warnings"]:
            _emit_warning(packed)
        grain, null = _ledgers()
        _file_reports(grain, payload["grain"])
        _file_reports(null, payload["null"])
        err = payload.get("error")
        if err is not None:
            exc, type_name, text, tb = err
            where = f"{country}/{payload['wave']}/{table}"
            if exc is None:
                exc = RuntimeError(f"{type_name}: {text}")
            note = f"raised while building {where} in a parallel wave worker; worker traceback:\n{tb}"
            if hasattr(exc, "add_note"):        # 3.11+
                exc.add_note(note)
>           raise exc
E           subprocess.CalledProcessError: Command '['make', '-s', '-j10', '../2008-15/_/shocks.parquet']' returned non-zero exit status 2.
E           raised while building Tanzania/2008-09/shocks in a parallel wave worker; worker traceback:
E           Traceback (most recent call last):
E             File "/global/scratch/fsa/fc_jevons/ligon/mirrors/LSMS_Library/lsms_library/_parallel_waves.py", line 458, in _build_captured
E               has_table, result = build_one(wave)
E                                   ^^^^^^^^^^^^^^^
E             File "/global/scratch/fsa/fc_jevons/ligon/mirrors/LSMS_Library/lsms_library/country.py", line 3636, in build_wave
E               wave_result = getattr(wave_obj, method_name)()
E                             ^^^^^^^^^^^^^^^^^^^^^^^^^^^^^^^^
E             File "/global/scratch/fsa/fc_jevons/ligon/mirrors/LSMS_Library/lsms_library/country.py", line 743, in method
E               return self.grab_data(method_name)
E                      ^^^^^^^^^^^^^^^^^^^^^^^^^^^
E             File "/global/scratch/fsa/fc_jevons/ligon/mirrors/LSMS_Library/lsms_library/country.py", line 1615, in grab_data
E               subprocess.run(make_cmd, cwd=cwd_path, check=True, env=env)
E             File "/global/software/rocky-8.x86_64/python-3.11.6/._python-3.11.6/zxbhdko4pyfbffp3rebfywqstwyqctut/python/3.11.6-gcc/lib/python3.11/subprocess.py", line 571, in run
E               raise CalledProcessError(retcode, process.args,
E           subprocess.CalledProcessError: Command '['make', '-s', '-j10', '../2008-15/_/shocks.parquet']' returned non-zero exit status 2.

lsms_library/_parallel_waves.py:538: CalledProcessError
______ ERROR at setup of test_shocks_i_is_not_a_bare_line_index[2014-15] _______
[gw16] linux -- Python 3.11.6 /global/scratch/fsa/fc_jevons/ligon/mirrors/LSMS_Library/.venv/bin/python

tanzania = <lsms_library.country.Country object at 0x148e570e3f50>

    @pytest.fixture(scope='module')
    def shocks(tanzania):
>       return tanzania.shocks()
               ^^^^^^^^^^^^^^^^^

tests/test_gh637_tanzania_shocks_household_id.py:69: 
_ _ _ _ _ _ _ _ _ _ _ _ _ _ _ _ _ _ _ _ _ _ _ _ _ _ _ _ _ _ _ _ _ _ _ _ _ _ _ _ 
lsms_library/country.py:4653: in method
    result = self._aggregate_wave_data(waves, name, currency=currency)
             ^^^^^^^^^^^^^^^^^^^^^^^^^^^^^^^^^^^^^^^^^^^^^^^^^^^^^^^^^
lsms_library/country.py:4102: in _aggregate_wave_data
    df = load_with_dvc_cache(method_name)
         ^^^^^^^^^^^^^^^^^^^^^^^^^^^^^^^^
lsms_library/country.py:4085: in load_with_dvc_cache
    return load_dataframe_with_dvc(method_name)
           ^^^^^^^^^^^^^^^^^^^^^^^^^^^^^^^^^^^^
lsms_library/country.py:3912: in load_dataframe_with_dvc
    df = load_from_waves(waves)
         ^^^^^^^^^^^^^^^^^^^^^^
lsms_library/country.py:3695: in load_from_waves
    wave_has_table, wave_result = _parallel_waves.relay(
_ _ _ _ _ _ _ _ _ _ _ _ _ _ _ _ _ _ _ _ _ _ _ _ _ _ _ _ _ _ _ _ _ _ _ _ _ _ _ _ 

payload = {'error': (CalledProcessError(2, ['make', '-s', '-j10', '../2008-15/_/shocks.parquet']), 'CalledProcessError', "Comman..../2008-15/_/shocks.parquet\']\' returned non-zero exit status 2.\n'), 'grain': [], 'has_table': False, 'null': [], ...}

    def relay(payload: dict, *, country: str, table: str) -> tuple[bool, Any]:
        """Replay one wave's captured side effects in the parent, then return
        ``(wave_has_table, wave_result)`` -- or raise the wave's exception."""
        for packed in payload["warnings"]:
            _emit_warning(packed)
        grain, null = _ledgers()
        _file_reports(grain, payload["grain"])
        _file_reports(null, payload["null"])
        err = payload.get("error")
        if err is not None:
            exc, type_name, text, tb = err
            where = f"{country}/{payload['wave']}/{table}"
            if exc is None:
                exc = RuntimeError(f"{type_name}: {text}")
            note = f"raised while building {where} in a parallel wave worker; worker traceback:\n{tb}"
            if hasattr(exc, "add_note"):        # 3.11+
                exc.add_note(note)
>           raise exc
E           subprocess.CalledProcessError: Command '['make', '-s', '-j10', '../2008-15/_/shocks.parquet']' returned non-zero exit status 2.
E           raised while building Tanzania/2008-09/shocks in a parallel wave worker; worker traceback:
E           Traceback (most recent call last):
E             File "/global/scratch/fsa/fc_jevons/ligon/mirrors/LSMS_Library/lsms_library/_parallel_waves.py", line 458, in _build_captured
E               has_table, result = build_one(wave)
E                                   ^^^^^^^^^^^^^^^
E             File "/global/scratch/fsa/fc_jevons/ligon/mirrors/LSMS_Library/lsms_library/country.py", line 3636, in build_wave
E               wave_result = getattr(wave_obj, method_name)()
E                             ^^^^^^^^^^^^^^^^^^^^^^^^^^^^^^^^
E             File "/global/scratch/fsa/fc_jevons/ligon/mirrors/LSMS_Library/lsms_library/country.py", line 743, in method
E               return self.grab_data(method_name)
E                      ^^^^^^^^^^^^^^^^^^^^^^^^^^^
E             File "/global/scratch/fsa/fc_jevons/ligon/mirrors/LSMS_Library/lsms_library/country.py", line 1615, in grab_data
E               subprocess.run(make_cmd, cwd=cwd_path, check=True, env=env)
E             File "/global/software/rocky-8.x86_64/python-3.11.6/._python-3.11.6/zxbhdko4pyfbffp3rebfywqstwyqctut/python/3.11.6-gcc/lib/python3.11/subprocess.py", line 571, in run
E               raise CalledProcessError(retcode, process.args,
E           subprocess.CalledProcessError: Command '['make', '-s', '-j10', '../2008-15/_/shocks.parquet']' returned non-zero exit status 2.

lsms_library/_parallel_waves.py:538: CalledProcessError
______________ ERROR at setup of test_shocks_per_wave_row_counts _______________
[gw16] linux -- Python 3.11.6 /global/scratch/fsa/fc_jevons/ligon/mirrors/LSMS_Library/.venv/bin/python

tanzania = <lsms_library.country.Country object at 0x148e570e3f50>

    @pytest.fixture(scope='module')
    def shocks(tanzania):
>       return tanzania.shocks()
               ^^^^^^^^^^^^^^^^^

tests/test_gh637_tanzania_shocks_household_id.py:69: 
_ _ _ _ _ _ _ _ _ _ _ _ _ _ _ _ _ _ _ _ _ _ _ _ _ _ _ _ _ _ _ _ _ _ _ _ _ _ _ _ 
lsms_library/country.py:4653: in method
    result = self._aggregate_wave_data(waves, name, currency=currency)
             ^^^^^^^^^^^^^^^^^^^^^^^^^^^^^^^^^^^^^^^^^^^^^^^^^^^^^^^^^
lsms_library/country.py:4102: in _aggregate_wave_data
    df = load_with_dvc_cache(method_name)
         ^^^^^^^^^^^^^^^^^^^^^^^^^^^^^^^^
lsms_library/country.py:4085: in load_with_dvc_cache
    return load_dataframe_with_dvc(method_name)
           ^^^^^^^^^^^^^^^^^^^^^^^^^^^^^^^^^^^^
lsms_library/country.py:3912: in load_dataframe_with_dvc
    df = load_from_waves(waves)
         ^^^^^^^^^^^^^^^^^^^^^^
lsms_library/country.py:3695: in load_from_waves
    wave_has_table, wave_result = _parallel_waves.relay(
_ _ _ _ _ _ _ _ _ _ _ _ _ _ _ _ _ _ _ _ _ _ _ _ _ _ _ _ _ _ _ _ _ _ _ _ _ _ _ _ 

payload = {'error': (CalledProcessError(2, ['make', '-s', '-j10', '../2008-15/_/shocks.parquet']), 'CalledProcessError', "Comman..../2008-15/_/shocks.parquet\']\' returned non-zero exit status 2.\n'), 'grain': [], 'has_table': False, 'null': [], ...}

    def relay(payload: dict, *, country: str, table: str) -> tuple[bool, Any]:
        """Replay one wave's captured side effects in the parent, then return
        ``(wave_has_table, wave_result)`` -- or raise the wave's exception."""
        for packed in payload["warnings"]:
            _emit_warning(packed)
        grain, null = _ledgers()
        _file_reports(grain, payload["grain"])
        _file_reports(null, payload["null"])
        err = payload.get("error")
        if err is not None:
            exc, type_name, text, tb = err
            where = f"{country}/{payload['wave']}/{table}"
            if exc is None:
                exc = RuntimeError(f"{type_name}: {text}")
            note = f"raised while building {where} in a parallel wave worker; worker traceback:\n{tb}"
            if hasattr(exc, "add_note"):        # 3.11+
                exc.add_note(note)
>           raise exc
E           subprocess.CalledProcessError: Command '['make', '-s', '-j10', '../2008-15/_/shocks.parquet']' returned non-zero exit status 2.
E           raised while building Tanzania/2008-09/shocks in a parallel wave worker; worker traceback:
E           Traceback (most recent call last):
E             File "/global/scratch/fsa/fc_jevons/ligon/mirrors/LSMS_Library/lsms_library/_parallel_waves.py", line 458, in _build_captured
E               has_table, result = build_one(wave)
E                                   ^^^^^^^^^^^^^^^
E             File "/global/scratch/fsa/fc_jevons/ligon/mirrors/LSMS_Library/lsms_library/country.py", line 3636, in build_wave
E               wave_result = getattr(wave_obj, method_name)()
E                             ^^^^^^^^^^^^^^^^^^^^^^^^^^^^^^^^
E             File "/global/scratch/fsa/fc_jevons/ligon/mirrors/LSMS_Library/lsms_library/country.py", line 743, in method
E               return self.grab_data(method_name)
E                      ^^^^^^^^^^^^^^^^^^^^^^^^^^^
E             File "/global/scratch/fsa/fc_jevons/ligon/mirrors/LSMS_Library/lsms_library/country.py", line 1615, in grab_data
E               subprocess.run(make_cmd, cwd=cwd_path, check=True, env=env)
E             File "/global/software/rocky-8.x86_64/python-3.11.6/._python-3.11.6/zxbhdko4pyfbffp3rebfywqstwyqctut/python/3.11.6-gcc/lib/python3.11/subprocess.py", line 571, in run
E               raise CalledProcessError(retcode, process.args,
E           subprocess.CalledProcessError: Command '['make', '-s', '-j10', '../2008-15/_/shocks.parquet']' returned non-zero exit status 2.

lsms_library/_parallel_waves.py:538: CalledProcessError
____ ERROR at setup of test_a_replicated_household_reports_each_shock_once _____
[gw16] linux -- Python 3.11.6 /global/scratch/fsa/fc_jevons/ligon/mirrors/LSMS_Library/.venv/bin/python

tanzania = <lsms_library.country.Country object at 0x148e570e3f50>

    @pytest.fixture(scope='module')
    def shocks(tanzania):
>       return tanzania.shocks()
               ^^^^^^^^^^^^^^^^^

tests/test_gh637_tanzania_shocks_household_id.py:69: 
_ _ _ _ _ _ _ _ _ _ _ _ _ _ _ _ _ _ _ _ _ _ _ _ _ _ _ _ _ _ _ _ _ _ _ _ _ _ _ _ 
lsms_library/country.py:4653: in method
    result = self._aggregate_wave_data(waves, name, currency=currency)
             ^^^^^^^^^^^^^^^^^^^^^^^^^^^^^^^^^^^^^^^^^^^^^^^^^^^^^^^^^
lsms_library/country.py:4102: in _aggregate_wave_data
    df = load_with_dvc_cache(method_name)
         ^^^^^^^^^^^^^^^^^^^^^^^^^^^^^^^^
lsms_library/country.py:4085: in load_with_dvc_cache
    return load_dataframe_with_dvc(method_name)
           ^^^^^^^^^^^^^^^^^^^^^^^^^^^^^^^^^^^^
lsms_library/country.py:3912: in load_dataframe_with_dvc
    df = load_from_waves(waves)
         ^^^^^^^^^^^^^^^^^^^^^^
lsms_library/country.py:3695: in load_from_waves
    wave_has_table, wave_result = _parallel_waves.relay(
_ _ _ _ _ _ _ _ _ _ _ _ _ _ _ _ _ _ _ _ _ _ _ _ _ _ _ _ _ _ _ _ _ _ _ _ _ _ _ _ 

payload = {'error': (CalledProcessError(2, ['make', '-s', '-j10', '../2008-15/_/shocks.parquet']), 'CalledProcessError', "Comman..../2008-15/_/shocks.parquet\']\' returned non-zero exit status 2.\n'), 'grain': [], 'has_table': False, 'null': [], ...}

    def relay(payload: dict, *, country: str, table: str) -> tuple[bool, Any]:
        """Replay one wave's captured side effects in the parent, then return
        ``(wave_has_table, wave_result)`` -- or raise the wave's exception."""
        for packed in payload["warnings"]:
            _emit_warning(packed)
        grain, null = _ledgers()
        _file_reports(grain, payload["grain"])
        _file_reports(null, payload["null"])
        err = payload.get("error")
        if err is not None:
            exc, type_name, text, tb = err
            where = f"{country}/{payload['wave']}/{table}"
            if exc is None:
                exc = RuntimeError(f"{type_name}: {text}")
            note = f"raised while building {where} in a parallel wave worker; worker traceback:\n{tb}"
            if hasattr(exc, "add_note"):        # 3.11+
                exc.add_note(note)
>           raise exc
E           subprocess.CalledProcessError: Command '['make', '-s', '-j10', '../2008-15/_/shocks.parquet']' returned non-zero exit status 2.
E           raised while building Tanzania/2008-09/shocks in a parallel wave worker; worker traceback:
E           Traceback (most recent call last):
E             File "/global/scratch/fsa/fc_jevons/ligon/mirrors/LSMS_Library/lsms_library/_parallel_waves.py", line 458, in _build_captured
E               has_table, result = build_one(wave)
E                                   ^^^^^^^^^^^^^^^
E             File "/global/scratch/fsa/fc_jevons/ligon/mirrors/LSMS_Library/lsms_library/country.py", line 3636, in build_wave
E               wave_result = getattr(wave_obj, method_name)()
E                             ^^^^^^^^^^^^^^^^^^^^^^^^^^^^^^^^
E             File "/global/scratch/fsa/fc_jevons/ligon/mirrors/LSMS_Library/lsms_library/country.py", line 743, in method
E               return self.grab_data(method_name)
E                      ^^^^^^^^^^^^^^^^^^^^^^^^^^^
E             File "/global/scratch/fsa/fc_jevons/ligon/mirrors/LSMS_Library/lsms_library/country.py", line 1615, in grab_data
E               subprocess.run(make_cmd, cwd=cwd_path, check=True, env=env)
E             File "/global/software/rocky-8.x86_64/python-3.11.6/._python-3.11.6/zxbhdko4pyfbffp3rebfywqstwyqctut/python/3.11.6-gcc/lib/python3.11/subprocess.py", line 571, in run
E               raise CalledProcessError(retcode, process.args,
E           subprocess.CalledProcessError: Command '['make', '-s', '-j10', '../2008-15/_/shocks.parquet']' returned non-zero exit status 2.

lsms_library/_parallel_waves.py:538: CalledProcessError
___ ERROR at setup of test_household_ids_are_shared_across_shocks_and_roster ___
[gw16] linux -- Python 3.11.6 /global/scratch/fsa/fc_jevons/ligon/mirrors/LSMS_Library/.venv/bin/python

tanzania = <lsms_library.country.Country object at 0x148e570e3f50>

    @pytest.fixture(scope='module')
    def shocks(tanzania):
>       return tanzania.shocks()
               ^^^^^^^^^^^^^^^^^

tests/test_gh637_tanzania_shocks_household_id.py:69: 
_ _ _ _ _ _ _ _ _ _ _ _ _ _ _ _ _ _ _ _ _ _ _ _ _ _ _ _ _ _ _ _ _ _ _ _ _ _ _ _ 
lsms_library/country.py:4653: in method
    result = self._aggregate_wave_data(waves, name, currency=currency)
             ^^^^^^^^^^^^^^^^^^^^^^^^^^^^^^^^^^^^^^^^^^^^^^^^^^^^^^^^^
lsms_library/country.py:4102: in _aggregate_wave_data
    df = load_with_dvc_cache(method_name)
         ^^^^^^^^^^^^^^^^^^^^^^^^^^^^^^^^
lsms_library/country.py:4085: in load_with_dvc_cache
    return load_dataframe_with_dvc(method_name)
           ^^^^^^^^^^^^^^^^^^^^^^^^^^^^^^^^^^^^
lsms_library/country.py:3912: in load_dataframe_with_dvc
    df = load_from_waves(waves)
         ^^^^^^^^^^^^^^^^^^^^^^
lsms_library/country.py:3695: in load_from_waves
    wave_has_table, wave_result = _parallel_waves.relay(
_ _ _ _ _ _ _ _ _ _ _ _ _ _ _ _ _ _ _ _ _ _ _ _ _ _ _ _ _ _ _ _ _ _ _ _ _ _ _ _ 

payload = {'error': (CalledProcessError(2, ['make', '-s', '-j10', '../2008-15/_/shocks.parquet']), 'CalledProcessError', "Comman..../2008-15/_/shocks.parquet\']\' returned non-zero exit status 2.\n'), 'grain': [], 'has_table': False, 'null': [], ...}

    def relay(payload: dict, *, country: str, table: str) -> tuple[bool, Any]:
        """Replay one wave's captured side effects in the parent, then return
        ``(wave_has_table, wave_result)`` -- or raise the wave's exception."""
        for packed in payload["warnings"]:
            _emit_warning(packed)
        grain, null = _ledgers()
        _file_reports(grain, payload["grain"])
        _file_reports(null, payload["null"])
        err = payload.get("error")
        if err is not None:
            exc, type_name, text, tb = err
            where = f"{country}/{payload['wave']}/{table}"
            if exc is None:
                exc = RuntimeError(f"{type_name}: {text}")
            note = f"raised while building {where} in a parallel wave worker; worker traceback:\n{tb}"
            if hasattr(exc, "add_note"):        # 3.11+
                exc.add_note(note)
>           raise exc
E           subprocess.CalledProcessError: Command '['make', '-s', '-j10', '../2008-15/_/shocks.parquet']' returned non-zero exit status 2.
E           raised while building Tanzania/2008-09/shocks in a parallel wave worker; worker traceback:
E           Traceback (most recent call last):
E             File "/global/scratch/fsa/fc_jevons/ligon/mirrors/LSMS_Library/lsms_library/_parallel_waves.py", line 458, in _build_captured
E               has_table, result = build_one(wave)
E                                   ^^^^^^^^^^^^^^^
E             File "/global/scratch/fsa/fc_jevons/ligon/mirrors/LSMS_Library/lsms_library/country.py", line 3636, in build_wave
E               wave_result = getattr(wave_obj, method_name)()
E                             ^^^^^^^^^^^^^^^^^^^^^^^^^^^^^^^^
E             File "/global/scratch/fsa/fc_jevons/ligon/mirrors/LSMS_Library/lsms_library/country.py", line 743, in method
E               return self.grab_data(method_name)
E                      ^^^^^^^^^^^^^^^^^^^^^^^^^^^
E             File "/global/scratch/fsa/fc_jevons/ligon/mirrors/LSMS_Library/lsms_library/country.py", line 1615, in grab_data
E               subprocess.run(make_cmd, cwd=cwd_path, check=True, env=env)
E             File "/global/software/rocky-8.x86_64/python-3.11.6/._python-3.11.6/zxbhdko4pyfbffp3rebfywqstwyqctut/python/3.11.6-gcc/lib/python3.11/subprocess.py", line 571, in run
E               raise CalledProcessError(retcode, process.args,
E           subprocess.CalledProcessError: Command '['make', '-s', '-j10', '../2008-15/_/shocks.parquet']' returned non-zero exit status 2.

lsms_library/_parallel_waves.py:538: CalledProcessError
=================================== FAILURES ===================================
___________________ test_dispatcher_kwargs_are_discoverable ____________________
[gw7] linux -- Python 3.11.6 /global/scratch/fsa/fc_jevons/ligon/mirrors/LSMS_Library/.venv/bin/python

    def test_dispatcher_kwargs_are_discoverable():
        """Every data-method kwarg appears somewhere in the reference docs."""
        missing = check_kwargs(verbose=False)
>       assert not missing, (
            f"Undocumented data-method kwarg(s): {', '.join(missing)}.\n"
            "These are invisible to mkdocstrings (the methods are generated at\n"
            "attribute-access time), so an undocumented kwarg is effectively\n"
            "undiscoverable.  Run `make docs-gen` to regenerate\n"
            "docs/guide/data-methods.md from the live docstrings."
        )
E       AssertionError: Undocumented data-method kwarg(s): valuation.
E         These are invisible to mkdocstrings (the methods are generated at
E         attribute-access time), so an undocumented kwarg is effectively
E         undiscoverable.  Run `make docs-gen` to regenerate
E         docs/guide/data-methods.md from the live docstrings.
E       assert not ['valuation']

tests/test_api_discoverability.py:33: AssertionError
______________________ test_feature_default_is_unaffected ______________________
[gw9] linux -- Python 3.11.6 /global/scratch/fsa/fc_jevons/ligon/mirrors/LSMS_Library/.venv/bin/python

synthetic_tree = {'LSMS_COUNTRIES_ROOT': '/tmp/pytest-of-ligon/pytest-14/popen-gw9/label_selection0/countries', 'LSMS_DATA_DIR': '/tmp/pytest-of-ligon/pytest-14/popen-gw9/label_selection0/data'}

    def test_feature_default_is_unaffected(synthetic_tree):
>       out = _run(f"""
            from lsms_library import Feature
            df = Feature('sample')(['Fixtureland', 'Otherland'])
            assert sorted(set(df.index.get_level_values('country'))) == ['Fixtureland', 'Otherland']
            assert 'labels_unavailable' not in df.attrs
            assert list(df.xs('Fixtureland', level='country')['Rural']) == {BINARY!r}
            print('FEATURE_DEFAULT_OK')
            """, synthetic_tree)

tests/test_label_selection.py:902: 
_ _ _ _ _ _ _ _ _ _ _ _ _ _ _ _ _ _ _ _ _ _ _ _ _ _ _ _ _ _ _ _ _ _ _ _ _ _ _ _ 

script = "\n        from lsms_library import Feature\n        df = Feature('sample')(['Fixtureland', 'Otherland'])\n        ass...l']) == ['Urban', 'Urban', 'Urban', 'Rural', 'Rural', 'Rural', 'Rural']\n        print('FEATURE_DEFAULT_OK')\n        "
env_extra = {'LSMS_COUNTRIES_ROOT': '/tmp/pytest-of-ligon/pytest-14/popen-gw9/label_selection0/countries', 'LSMS_DATA_DIR': '/tmp/pytest-of-ligon/pytest-14/popen-gw9/label_selection0/data'}

    def _run(script: str, env_extra: dict) -> str:
        env = dict(os.environ, **env_extra)
        env.pop("LSMS_NO_CACHE", None)
        r = subprocess.run([sys.executable, "-c",
                            "import warnings; warnings.simplefilter('ignore')\n" +
                            textwrap.dedent(script)],
                           env=env, capture_output=True, text=True)
>       assert r.returncode == 0, f"stdout:\n{r.stdout}\nstderr:\n{r.stderr}"
E       AssertionError: stdout:
E         
E         stderr:
E         Traceback (most recent call last):
E           File "<string>", line 3, in <module>
E           File "/global/scratch/fsa/fc_jevons/ligon/mirrors/LSMS_Library/lsms_library/__init__.py", line 252, in <module>
E             _refresh_s3()
E           File "/global/scratch/fsa/fc_jevons/ligon/mirrors/LSMS_Library/lsms_library/local_tools.py", line 222, in refresh_s3_credentials
E             if DVCFS.repo.config.get("remote", {}).get(
E                ^^^^^^^^^^
E           File "/global/software/rocky-8.x86_64/python-3.11.6/._python-3.11.6/zxbhdko4pyfbffp3rebfywqstwyqctut/python/3.11.6-gcc/lib/python3.11/functools.py", line 1001, in __get__
E             val = self.func(instance)
E                   ^^^^^^^^^^^^^^^^^^^
E           File "/global/scratch/fsa/fc_jevons/ligon/mirrors/LSMS_Library/.venv/lib/python3.11/site-packages/dvc/fs/dvc.py", line 213, in repo
E             repo = self._make_repo(**self._repo_kwargs)
E                    ^^^^^^^^^^^^^^^^^^^^^^^^^^^^^^^^^^^^
E           File "/global/scratch/fsa/fc_jevons/ligon/mirrors/LSMS_Library/.venv/lib/python3.11/site-packages/dvc/fs/dvc.py", line 290, in _make_repo
E             with Repo.open(uninitialized=True, **kwargs) as repo:
E                  ^^^^^^^^^^^^^^^^^^^^^^^^^^^^^^^^^^^^^^^
E           File "/global/scratch/fsa/fc_jevons/ligon/mirrors/LSMS_Library/.venv/lib/python3.11/site-packages/dvc/repo/__init__.py", line 306, in open
E             return open_repo(url, *args, **kwargs)
E                    ^^^^^^^^^^^^^^^^^^^^^^^^^^^^^^^
E           File "/global/scratch/fsa/fc_jevons/ligon/mirrors/LSMS_Library/.venv/lib/python3.11/site-packages/dvc/repo/open_repo.py", line 56, in open_repo
E             return Repo(url, *args, **kwargs)
E                    ^^^^^^^^^^^^^^^^^^^^^^^^^^
E           File "/global/scratch/fsa/fc_jevons/ligon/mirrors/LSMS_Library/.venv/lib/python3.11/site-packages/dvc/repo/__init__.py", line 199, in __init__
E             self.cache = CacheManager(self)
E                          ^^^^^^^^^^^^^^^^^^
E           File "/global/scratch/fsa/fc_jevons/ligon/mirrors/LSMS_Library/.venv/lib/python3.11/site-packages/dvc/cachemgr.py", line 43, in __init__
E             self.config = config = repo.config["cache"]
E                                    ^^^^^^^^^^^
E           File "/global/scratch/fsa/fc_jevons/ligon/mirrors/LSMS_Library/.venv/lib/python3.11/site-packages/funcy/objects.py", line 25, in __get__
E             res = instance.__dict__[self.fget.__name__] = self.fget(instance)
E                                                           ^^^^^^^^^^^^^^^^^^^
E           File "/global/scratch/fsa/fc_jevons/ligon/mirrors/LSMS_Library/.venv/lib/python3.11/site-packages/dvc/repo/__init__.py", line 247, in config
E             return Config(
E                    ^^^^^^^
E           File "/global/scratch/fsa/fc_jevons/ligon/mirrors/LSMS_Library/.venv/lib/python3.11/site-packages/dvc/config.py", line 105, in __init__
E             self.load(
E           File "/global/scratch/fsa/fc_jevons/ligon/mirrors/LSMS_Library/.venv/lib/python3.11/site-packages/dvc/config.py", line 182, in load
E             conf = self.validate(conf)
E                    ^^^^^^^^^^^^^^^^^^^
E           File "/global/scratch/fsa/fc_jevons/ligon/mirrors/LSMS_Library/.venv/lib/python3.11/site-packages/dvc/config.py", line 390, in validate
E             raise ConfigError(str(exc)) from None
E         dvc.config.ConfigError: config file error: expected 'url' for dictionary value @ data['remote']['ligonresearch_s3']
E         
E       assert 1 == 0
E        +  where 1 = CompletedProcess(args=['/global/scratch/fsa/fc_jevons/ligon/mirrors/LSMS_Library/.venv/bin/python', '-c', "import warn...nfig.ConfigError: config file error: expected \'url\' for dictionary value @ data[\'remote\'][\'ligonresearch_s3\']\n').returncode

tests/test_label_selection.py:652: AssertionError
______________ test_legacy_country_parquet_is_trust_once_stamped _______________
[gw5] linux -- Python 3.11.6 /global/scratch/fsa/fc_jevons/ligon/mirrors/LSMS_Library/.venv/bin/python

temp_data_dir = PosixPath('/tmp/lsms_hashtest_fjchi0zk')
monkeypatch = <_pytest.monkeypatch.MonkeyPatch object at 0x154b291a1590>

    def test_legacy_country_parquet_is_trust_once_stamped(temp_data_dir, monkeypatch):
        """A pre-hash L2-country parquet is read (not rebuilt) and stamped so
        the next read is guarded."""
        # The v-join is a read-time transform unrelated to the cache-hash
        # behavior under test; stub it so the test doesn't try to materialize
        # `sample` (which hits S3 in a no-credentials CI environment).
        import lsms_library.country as country_mod
        monkeypatch.setattr(country_mod.Country, "_join_v_from_sample",
                            lambda self, df: df)
        c = _make_country()
        waves = c.waves
        expected = c._table_cache_hash("housing", waves)
    
        # Seed a synthetic legacy var/ parquet (no embedded hash).
        var_p = temp_data_dir / c.name / "var" / "housing.parquet"
        var_p.parent.mkdir(parents=True, exist_ok=True)
        sentinel = pd.DataFrame(
            {"i": ["h1", "h2"], "t": [waves[0], waves[0]],
             "v": ["c1", "c2"], "Roof": ["Grass", "Iron Sheets"]}
        ).set_index(["i", "t", "v"])
        lt.to_parquet(sentinel, var_p, absolute_path=True)  # legacy: no hash
        assert lt.read_parquet_cache_hash(var_p) is None
    
        df = c.housing()
        # The fast path served our seeded data (proves no rebuild from source).
>       assert "Roof" in df.columns
E       AssertionError: assert 'Roof' in Index(['Walls', 'Toilet', 'Tenure', 'Rooms'], dtype='str')
E        +  where Index(['Walls', 'Toilet', 'Tenure', 'Rooms'], dtype='str') =                      Walls  ... Rooms\ni     t                     ...      \n1-1   2005  Bricks, stones  ...   2.0\n1-3 ...stones  ...   4.0\n60304 2012  Bricks, stones  ...   3.0\n61102 2012  Bricks, stones  ...   5.0\n\n[14110 rows x 4 columns].columns

tests/test_cache_hash_invalidation.py:246: AssertionError
________________________ test_end_to_end_cold_then_warm ________________________
[gw18] linux -- Python 3.11.6 /global/scratch/fsa/fc_jevons/ligon/mirrors/LSMS_Library/.venv/bin/python

synthetic_tree = {'LSMS_COUNTRIES_ROOT': '/tmp/pytest-of-ligon/pytest-14/popen-gw18/label_selection0/countries', 'LSMS_DATA_DIR': '/tmp/pytest-of-ligon/pytest-14/popen-gw18/label_selection0/data'}

    def test_end_to_end_cold_then_warm(synthetic_tree):
        """Cold build, then a warm read off the L2-country parquet: same answer.
    
        Also asserts what "post-read" MEANS: the cached parquet holds the RAW codes,
        so both the canonical and the selected vocabulary are produced on read from
        the same bytes.
        """
>       out = _run(f"""
            from pathlib import Path
            import pandas as pd
            from lsms_library import Country
            from lsms_library.paths import data_root
            LADDER = {LADDER!r}
            BINARY = {BINARY!r}
            assert list(Country('Fixtureland').sample()['Rural']) == BINARY
            p = data_root('Fixtureland') / 'var' / 'sample.parquet'
            assert p.exists(), p
            raw = pd.read_parquet(p)
            assert sorted(set(raw['Rural'].astype(str))) == list('1234567'), sorted(set(raw['Rural']))
            # warm reads, both vocabularies, from the same cached bytes
            assert list(Country('Fixtureland').sample()['Rural']) == BINARY
            assert list(Country('Fixtureland').sample(labels={{'Rural': 'Settlement'}})['Rural']) == LADDER
            print('COLD_WARM_OK')
            """, synthetic_tree)

tests/test_label_selection.py:668: 
_ _ _ _ _ _ _ _ _ _ _ _ _ _ _ _ _ _ _ _ _ _ _ _ _ _ _ _ _ _ _ _ _ _ _ _ _ _ _ _ 

script = "\n        from pathlib import Path\n        import pandas as pd\n        from lsms_library import Country\n        fr...try('Fixtureland').sample(labels={'Rural': 'Settlement'})['Rural']) == LADDER\n        print('COLD_WARM_OK')\n        "
env_extra = {'LSMS_COUNTRIES_ROOT': '/tmp/pytest-of-ligon/pytest-14/popen-gw18/label_selection0/countries', 'LSMS_DATA_DIR': '/tmp/pytest-of-ligon/pytest-14/popen-gw18/label_selection0/data'}

    def _run(script: str, env_extra: dict) -> str:
        env = dict(os.environ, **env_extra)
        env.pop("LSMS_NO_CACHE", None)
        r = subprocess.run([sys.executable, "-c",
                            "import warnings; warnings.simplefilter('ignore')\n" +
                            textwrap.dedent(script)],
                           env=env, capture_output=True, text=True)
>       assert r.returncode == 0, f"stdout:\n{r.stdout}\nstderr:\n{r.stderr}"
E       AssertionError: stdout:
E         
E         stderr:
E         Traceback (most recent call last):
E           File "<string>", line 5, in <module>
E           File "/global/scratch/fsa/fc_jevons/ligon/mirrors/LSMS_Library/lsms_library/__init__.py", line 252, in <module>
E             _refresh_s3()
E           File "/global/scratch/fsa/fc_jevons/ligon/mirrors/LSMS_Library/lsms_library/local_tools.py", line 222, in refresh_s3_credentials
E             if DVCFS.repo.config.get("remote", {}).get(
E                ^^^^^^^^^^
E           File "/global/software/rocky-8.x86_64/python-3.11.6/._python-3.11.6/zxbhdko4pyfbffp3rebfywqstwyqctut/python/3.11.6-gcc/lib/python3.11/functools.py", line 1001, in __get__
E             val = self.func(instance)
E                   ^^^^^^^^^^^^^^^^^^^
E           File "/global/scratch/fsa/fc_jevons/ligon/mirrors/LSMS_Library/.venv/lib/python3.11/site-packages/dvc/fs/dvc.py", line 213, in repo
E             repo = self._make_repo(**self._repo_kwargs)
E                    ^^^^^^^^^^^^^^^^^^^^^^^^^^^^^^^^^^^^
E           File "/global/scratch/fsa/fc_jevons/ligon/mirrors/LSMS_Library/.venv/lib/python3.11/site-packages/dvc/fs/dvc.py", line 290, in _make_repo
E             with Repo.open(uninitialized=True, **kwargs) as repo:
E                  ^^^^^^^^^^^^^^^^^^^^^^^^^^^^^^^^^^^^^^^
E           File "/global/scratch/fsa/fc_jevons/ligon/mirrors/LSMS_Library/.venv/lib/python3.11/site-packages/dvc/repo/__init__.py", line 306, in open
E             return open_repo(url, *args, **kwargs)
E                    ^^^^^^^^^^^^^^^^^^^^^^^^^^^^^^^
E           File "/global/scratch/fsa/fc_jevons/ligon/mirrors/LSMS_Library/.venv/lib/python3.11/site-packages/dvc/repo/open_repo.py", line 56, in open_repo
E             return Repo(url, *args, **kwargs)
E                    ^^^^^^^^^^^^^^^^^^^^^^^^^^
E           File "/global/scratch/fsa/fc_jevons/ligon/mirrors/LSMS_Library/.venv/lib/python3.11/site-packages/dvc/repo/__init__.py", line 199, in __init__
E             self.cache = CacheManager(self)
E                          ^^^^^^^^^^^^^^^^^^
E           File "/global/scratch/fsa/fc_jevons/ligon/mirrors/LSMS_Library/.venv/lib/python3.11/site-packages/dvc/cachemgr.py", line 43, in __init__
E             self.config = config = repo.config["cache"]
E                                    ^^^^^^^^^^^
E           File "/global/scratch/fsa/fc_jevons/ligon/mirrors/LSMS_Library/.venv/lib/python3.11/site-packages/funcy/objects.py", line 25, in __get__
E             res = instance.__dict__[self.fget.__name__] = self.fget(instance)
E                                                           ^^^^^^^^^^^^^^^^^^^
E           File "/global/scratch/fsa/fc_jevons/ligon/mirrors/LSMS_Library/.venv/lib/python3.11/site-packages/dvc/repo/__init__.py", line 247, in config
E             return Config(
E                    ^^^^^^^
E           File "/global/scratch/fsa/fc_jevons/ligon/mirrors/LSMS_Library/.venv/lib/python3.11/site-packages/dvc/config.py", line 105, in __init__
E             self.load(
E           File "/global/scratch/fsa/fc_jevons/ligon/mirrors/LSMS_Library/.venv/lib/python3.11/site-packages/dvc/config.py", line 182, in load
E             conf = self.validate(conf)
E                    ^^^^^^^^^^^^^^^^^^^
E           File "/global/scratch/fsa/fc_jevons/ligon/mirrors/LSMS_Library/.venv/lib/python3.11/site-packages/dvc/config.py", line 390, in validate
E             raise ConfigError(str(exc)) from None
E         dvc.config.ConfigError: config file error: expected 'url' for dictionary value @ data['remote']['ligonresearch_s3']
E         
E       assert 1 == 0
E        +  where 1 = CompletedProcess(args=['/global/scratch/fsa/fc_jevons/ligon/mirrors/LSMS_Library/.venv/bin/python', '-c', "import warn...nfig.ConfigError: config file error: expected \'url\' for dictionary value @ data[\'remote\'][\'ligonresearch_s3\']\n').returncode

tests/test_label_selection.py:652: AssertionError
___________ test_end_to_end_cache_hash_is_unchanged_by_the_selection ___________
[gw18] linux -- Python 3.11.6 /global/scratch/fsa/fc_jevons/ligon/mirrors/LSMS_Library/.venv/bin/python

synthetic_tree = {'LSMS_COUNTRIES_ROOT': '/tmp/pytest-of-ligon/pytest-14/popen-gw18/label_selection0/countries', 'LSMS_DATA_DIR': '/tmp/pytest-of-ligon/pytest-14/popen-gw18/label_selection0/data'}

    def test_end_to_end_cache_hash_is_unchanged_by_the_selection(synthetic_tree):
        """The embedded ``lsms_cache_hash`` is identical before and after a
        ``labels=`` read, and the parquet is not rewritten."""
>       out = _run("""
            import pyarrow.parquet as pq
            from lsms_library import Country
            from lsms_library.paths import data_root
            p = data_root('Fixtureland') / 'var' / 'sample.parquet'
            Country('Fixtureland').sample()
            before = (pq.read_schema(p).metadata or {}).get(b'lsms_cache_hash')
            mtime_before = p.stat().st_mtime_ns
            assert before is not None
            Country('Fixtureland').sample(labels={'Rural': 'Settlement'})
            after = (pq.read_schema(p).metadata or {}).get(b'lsms_cache_hash')
            assert after == before, (before, after)
            assert p.stat().st_mtime_ns == mtime_before, 'parquet was rewritten'
            print('HASH_STABLE_OK')
            """, synthetic_tree)

tests/test_label_selection.py:691: 
_ _ _ _ _ _ _ _ _ _ _ _ _ _ _ _ _ _ _ _ _ _ _ _ _ _ _ _ _ _ _ _ _ _ _ _ _ _ _ _ 

script = "\n        import pyarrow.parquet as pq\n        from lsms_library import Country\n        from lsms_library.paths imp...       assert p.stat().st_mtime_ns == mtime_before, 'parquet was rewritten'\n        print('HASH_STABLE_OK')\n        "
env_extra = {'LSMS_COUNTRIES_ROOT': '/tmp/pytest-of-ligon/pytest-14/popen-gw18/label_selection0/countries', 'LSMS_DATA_DIR': '/tmp/pytest-of-ligon/pytest-14/popen-gw18/label_selection0/data'}

    def _run(script: str, env_extra: dict) -> str:
        env = dict(os.environ, **env_extra)
        env.pop("LSMS_NO_CACHE", None)
        r = subprocess.run([sys.executable, "-c",
                            "import warnings; warnings.simplefilter('ignore')\n" +
                            textwrap.dedent(script)],
                           env=env, capture_output=True, text=True)
>       assert r.returncode == 0, f"stdout:\n{r.stdout}\nstderr:\n{r.stderr}"
E       AssertionError: stdout:
E         
E         stderr:
E         Traceback (most recent call last):
E           File "<string>", line 4, in <module>
E           File "/global/scratch/fsa/fc_jevons/ligon/mirrors/LSMS_Library/lsms_library/__init__.py", line 252, in <module>
E             _refresh_s3()
E           File "/global/scratch/fsa/fc_jevons/ligon/mirrors/LSMS_Library/lsms_library/local_tools.py", line 222, in refresh_s3_credentials
E             if DVCFS.repo.config.get("remote", {}).get(
E                ^^^^^^^^^^
E           File "/global/software/rocky-8.x86_64/python-3.11.6/._python-3.11.6/zxbhdko4pyfbffp3rebfywqstwyqctut/python/3.11.6-gcc/lib/python3.11/functools.py", line 1001, in __get__
E             val = self.func(instance)
E                   ^^^^^^^^^^^^^^^^^^^
E           File "/global/scratch/fsa/fc_jevons/ligon/mirrors/LSMS_Library/.venv/lib/python3.11/site-packages/dvc/fs/dvc.py", line 213, in repo
E             repo = self._make_repo(**self._repo_kwargs)
E                    ^^^^^^^^^^^^^^^^^^^^^^^^^^^^^^^^^^^^
E           File "/global/scratch/fsa/fc_jevons/ligon/mirrors/LSMS_Library/.venv/lib/python3.11/site-packages/dvc/fs/dvc.py", line 290, in _make_repo
E             with Repo.open(uninitialized=True, **kwargs) as repo:
E                  ^^^^^^^^^^^^^^^^^^^^^^^^^^^^^^^^^^^^^^^
E           File "/global/scratch/fsa/fc_jevons/ligon/mirrors/LSMS_Library/.venv/lib/python3.11/site-packages/dvc/repo/__init__.py", line 306, in open
E             return open_repo(url, *args, **kwargs)
E                    ^^^^^^^^^^^^^^^^^^^^^^^^^^^^^^^
E           File "/global/scratch/fsa/fc_jevons/ligon/mirrors/LSMS_Library/.venv/lib/python3.11/site-packages/dvc/repo/open_repo.py", line 56, in open_repo
E             return Repo(url, *args, **kwargs)
E                    ^^^^^^^^^^^^^^^^^^^^^^^^^^
E           File "/global/scratch/fsa/fc_jevons/ligon/mirrors/LSMS_Library/.venv/lib/python3.11/site-packages/dvc/repo/__init__.py", line 199, in __init__
E             self.cache = CacheManager(self)
E                          ^^^^^^^^^^^^^^^^^^
E           File "/global/scratch/fsa/fc_jevons/ligon/mirrors/LSMS_Library/.venv/lib/python3.11/site-packages/dvc/cachemgr.py", line 43, in __init__
E             self.config = config = repo.config["cache"]
E                                    ^^^^^^^^^^^
E           File "/global/scratch/fsa/fc_jevons/ligon/mirrors/LSMS_Library/.venv/lib/python3.11/site-packages/funcy/objects.py", line 25, in __get__
E             res = instance.__dict__[self.fget.__name__] = self.fget(instance)
E                                                           ^^^^^^^^^^^^^^^^^^^
E           File "/global/scratch/fsa/fc_jevons/ligon/mirrors/LSMS_Library/.venv/lib/python3.11/site-packages/dvc/repo/__init__.py", line 247, in config
E             return Config(
E                    ^^^^^^^
E           File "/global/scratch/fsa/fc_jevons/ligon/mirrors/LSMS_Library/.venv/lib/python3.11/site-packages/dvc/config.py", line 105, in __init__
E             self.load(
E           File "/global/scratch/fsa/fc_jevons/ligon/mirrors/LSMS_Library/.venv/lib/python3.11/site-packages/dvc/config.py", line 182, in load
E             conf = self.validate(conf)
E                    ^^^^^^^^^^^^^^^^^^^
E           File "/global/scratch/fsa/fc_jevons/ligon/mirrors/LSMS_Library/.venv/lib/python3.11/site-packages/dvc/config.py", line 390, in validate
E             raise ConfigError(str(exc)) from None
E         dvc.config.ConfigError: config file error: expected 'url' for dictionary value @ data['remote']['ligonresearch_s3']
E         
E       assert 1 == 0
E        +  where 1 = CompletedProcess(args=['/global/scratch/fsa/fc_jevons/ligon/mirrors/LSMS_Library/.venv/bin/python', '-c', "import warn...nfig.ConfigError: config file error: expected \'url\' for dictionary value @ data[\'remote\'][\'ligonresearch_s3\']\n').returncode

tests/test_label_selection.py:652: AssertionError
________________________ test_end_to_end_error_taxonomy ________________________
[gw18] linux -- Python 3.11.6 /global/scratch/fsa/fc_jevons/ligon/mirrors/LSMS_Library/.venv/bin/python

synthetic_tree = {'LSMS_COUNTRIES_ROOT': '/tmp/pytest-of-ligon/pytest-14/popen-gw18/label_selection0/countries', 'LSMS_DATA_DIR': '/tmp/pytest-of-ligon/pytest-14/popen-gw18/label_selection0/data'}

    def test_end_to_end_error_taxonomy(synthetic_tree):
>       out = _run("""
            from lsms_library import Country
            from lsms_library.errors import LabelUnavailableError
    
            # (a) country curates no such table -> degradable
            try:
                Country('Otherland').sample(labels={'Rural': 'Settlement'})
            except LabelUnavailableError:
                print('OTHERLAND_LABEL_UNAVAILABLE')
    
            # (b) malformed table -> plain KeyError, loud
            try:
                Country('Malformedland').sample(labels={'Rural': 'Settlement'})
            except LabelUnavailableError:
                raise AssertionError('malformed table degraded instead of raising')
            except KeyError:
                print('MALFORMED_PLAIN_KEYERROR')
    
            # (c) target not in the frame -> degrade, same as (a)
            try:
                Country('Fixtureland').sample(labels={'Roof': 'Detail'})
            except LabelUnavailableError:
                print('ABSENT_TARGET_LABEL_UNAVAILABLE')
    
            # (d) bad type
            try:
                Country('Fixtureland').sample(labels=['Settlement'])
            except TypeError:
                print('BAD_TYPE_TYPEERROR')
            """, synthetic_tree)

tests/test_label_selection.py:710: 
_ _ _ _ _ _ _ _ _ _ _ _ _ _ _ _ _ _ _ _ _ _ _ _ _ _ _ _ _ _ _ _ _ _ _ _ _ _ _ _ 

script = "\n        from lsms_library import Country\n        from lsms_library.errors import LabelUnavailableError\n\n        ...tureland').sample(labels=['Settlement'])\n        except TypeError:\n            print('BAD_TYPE_TYPEERROR')\n        "
env_extra = {'LSMS_COUNTRIES_ROOT': '/tmp/pytest-of-ligon/pytest-14/popen-gw18/label_selection0/countries', 'LSMS_DATA_DIR': '/tmp/pytest-of-ligon/pytest-14/popen-gw18/label_selection0/data'}

    def _run(script: str, env_extra: dict) -> str:
        env = dict(os.environ, **env_extra)
        env.pop("LSMS_NO_CACHE", None)
        r = subprocess.run([sys.executable, "-c",
                            "import warnings; warnings.simplefilter('ignore')\n" +
                            textwrap.dedent(script)],
                           env=env, capture_output=True, text=True)
>       assert r.returncode == 0, f"stdout:\n{r.stdout}\nstderr:\n{r.stderr}"
E       AssertionError: stdout:
E         
E         stderr:
E         Traceback (most recent call last):
E           File "<string>", line 3, in <module>
E           File "/global/scratch/fsa/fc_jevons/ligon/mirrors/LSMS_Library/lsms_library/__init__.py", line 252, in <module>
E             _refresh_s3()
E           File "/global/scratch/fsa/fc_jevons/ligon/mirrors/LSMS_Library/lsms_library/local_tools.py", line 222, in refresh_s3_credentials
E             if DVCFS.repo.config.get("remote", {}).get(
E                ^^^^^^^^^^
E           File "/global/software/rocky-8.x86_64/python-3.11.6/._python-3.11.6/zxbhdko4pyfbffp3rebfywqstwyqctut/python/3.11.6-gcc/lib/python3.11/functools.py", line 1001, in __get__
E             val = self.func(instance)
E                   ^^^^^^^^^^^^^^^^^^^
E           File "/global/scratch/fsa/fc_jevons/ligon/mirrors/LSMS_Library/.venv/lib/python3.11/site-packages/dvc/fs/dvc.py", line 213, in repo
E             repo = self._make_repo(**self._repo_kwargs)
E                    ^^^^^^^^^^^^^^^^^^^^^^^^^^^^^^^^^^^^
E           File "/global/scratch/fsa/fc_jevons/ligon/mirrors/LSMS_Library/.venv/lib/python3.11/site-packages/dvc/fs/dvc.py", line 290, in _make_repo
E             with Repo.open(uninitialized=True, **kwargs) as repo:
E                  ^^^^^^^^^^^^^^^^^^^^^^^^^^^^^^^^^^^^^^^
E           File "/global/scratch/fsa/fc_jevons/ligon/mirrors/LSMS_Library/.venv/lib/python3.11/site-packages/dvc/repo/__init__.py", line 306, in open
E             return open_repo(url, *args, **kwargs)
E                    ^^^^^^^^^^^^^^^^^^^^^^^^^^^^^^^
E           File "/global/scratch/fsa/fc_jevons/ligon/mirrors/LSMS_Library/.venv/lib/python3.11/site-packages/dvc/repo/open_repo.py", line 56, in open_repo
E             return Repo(url, *args, **kwargs)
E                    ^^^^^^^^^^^^^^^^^^^^^^^^^^
E           File "/global/scratch/fsa/fc_jevons/ligon/mirrors/LSMS_Library/.venv/lib/python3.11/site-packages/dvc/repo/__init__.py", line 199, in __init__
E             self.cache = CacheManager(self)
E                          ^^^^^^^^^^^^^^^^^^
E           File "/global/scratch/fsa/fc_jevons/ligon/mirrors/LSMS_Library/.venv/lib/python3.11/site-packages/dvc/cachemgr.py", line 43, in __init__
E             self.config = config = repo.config["cache"]
E                                    ^^^^^^^^^^^
E           File "/global/scratch/fsa/fc_jevons/ligon/mirrors/LSMS_Library/.venv/lib/python3.11/site-packages/funcy/objects.py", line 25, in __get__
E             res = instance.__dict__[self.fget.__name__] = self.fget(instance)
E                                                           ^^^^^^^^^^^^^^^^^^^
E           File "/global/scratch/fsa/fc_jevons/ligon/mirrors/LSMS_Library/.venv/lib/python3.11/site-packages/dvc/repo/__init__.py", line 247, in config
E             return Config(
E                    ^^^^^^^
E           File "/global/scratch/fsa/fc_jevons/ligon/mirrors/LSMS_Library/.venv/lib/python3.11/site-packages/dvc/config.py", line 105, in __init__
E             self.load(
E           File "/global/scratch/fsa/fc_jevons/ligon/mirrors/LSMS_Library/.venv/lib/python3.11/site-packages/dvc/config.py", line 182, in load
E             conf = self.validate(conf)
E                    ^^^^^^^^^^^^^^^^^^^
E           File "/global/scratch/fsa/fc_jevons/ligon/mirrors/LSMS_Library/.venv/lib/python3.11/site-packages/dvc/config.py", line 390, in validate
E             raise ConfigError(str(exc)) from None
E         dvc.config.ConfigError: config file error: expected 'url' for dictionary value @ data['remote']['ligonresearch_s3']
E         
E       assert 1 == 0
E        +  where 1 = CompletedProcess(args=['/global/scratch/fsa/fc_jevons/ligon/mirrors/LSMS_Library/.venv/bin/python', '-c', "import warn...nfig.ConfigError: config file error: expected \'url\' for dictionary value @ data[\'remote\'][\'ligonresearch_s3\']\n').returncode

tests/test_label_selection.py:652: AssertionError
__________________ test_scalar_labels_never_touches_a_column ___________________
[gw18] linux -- Python 3.11.6 /global/scratch/fsa/fc_jevons/ligon/mirrors/LSMS_Library/.venv/bin/python

synthetic_tree = {'LSMS_COUNTRIES_ROOT': '/tmp/pytest-of-ligon/pytest-14/popen-gw18/label_selection0/countries', 'LSMS_DATA_DIR': '/tmp/pytest-of-ligon/pytest-14/popen-gw18/label_selection0/data'}

    def test_scalar_labels_never_touches_a_column(synthetic_tree):
        """Back-compat: a scalar targets ``j`` and only ``j``.
    
        ``sample`` has no ``j`` level and a mapped ``Rural`` column; a scalar must
        leave ``Rural`` canonical.  (On a registered table with no ``j`` level the
        scalar is a silent no-op — pre-existing behaviour, deliberately untouched;
        the DICT form is the loud one.)
        """
>       out = _run(f"""
            from lsms_library import Country
            assert list(Country('Fixtureland').sample(labels='Settlement')['Rural']) == {BINARY!r}
            assert list(Country('Fixtureland').sample(labels='Preferred')['Rural']) == {BINARY!r}
            assert list(Country('Fixtureland').sample()['Rural']) == {BINARY!r}
            print('SCALAR_IS_J_ONLY_OK')
            """, synthetic_tree)

tests/test_label_selection.py:753: 
_ _ _ _ _ _ _ _ _ _ _ _ _ _ _ _ _ _ _ _ _ _ _ _ _ _ _ _ _ _ _ _ _ _ _ _ _ _ _ _ 

script = "\n        from lsms_library import Country\n        assert list(Country('Fixtureland').sample(labels='Settlement')['R...']) == ['Urban', 'Urban', 'Urban', 'Rural', 'Rural', 'Rural', 'Rural']\n        print('SCALAR_IS_J_ONLY_OK')\n        "
env_extra = {'LSMS_COUNTRIES_ROOT': '/tmp/pytest-of-ligon/pytest-14/popen-gw18/label_selection0/countries', 'LSMS_DATA_DIR': '/tmp/pytest-of-ligon/pytest-14/popen-gw18/label_selection0/data'}

    def _run(script: str, env_extra: dict) -> str:
        env = dict(os.environ, **env_extra)
        env.pop("LSMS_NO_CACHE", None)
        r = subprocess.run([sys.executable, "-c",
                            "import warnings; warnings.simplefilter('ignore')\n" +
                            textwrap.dedent(script)],
                           env=env, capture_output=True, text=True)
>       assert r.returncode == 0, f"stdout:\n{r.stdout}\nstderr:\n{r.stderr}"
E       AssertionError: stdout:
E         
E         stderr:
E         Traceback (most recent call last):
E           File "<string>", line 3, in <module>
E           File "/global/scratch/fsa/fc_jevons/ligon/mirrors/LSMS_Library/lsms_library/__init__.py", line 252, in <module>
E             _refresh_s3()
E           File "/global/scratch/fsa/fc_jevons/ligon/mirrors/LSMS_Library/lsms_library/local_tools.py", line 222, in refresh_s3_credentials
E             if DVCFS.repo.config.get("remote", {}).get(
E                ^^^^^^^^^^
E           File "/global/software/rocky-8.x86_64/python-3.11.6/._python-3.11.6/zxbhdko4pyfbffp3rebfywqstwyqctut/python/3.11.6-gcc/lib/python3.11/functools.py", line 1001, in __get__
E             val = self.func(instance)
E                   ^^^^^^^^^^^^^^^^^^^
E           File "/global/scratch/fsa/fc_jevons/ligon/mirrors/LSMS_Library/.venv/lib/python3.11/site-packages/dvc/fs/dvc.py", line 213, in repo
E             repo = self._make_repo(**self._repo_kwargs)
E                    ^^^^^^^^^^^^^^^^^^^^^^^^^^^^^^^^^^^^
E           File "/global/scratch/fsa/fc_jevons/ligon/mirrors/LSMS_Library/.venv/lib/python3.11/site-packages/dvc/fs/dvc.py", line 290, in _make_repo
E             with Repo.open(uninitialized=True, **kwargs) as repo:
E                  ^^^^^^^^^^^^^^^^^^^^^^^^^^^^^^^^^^^^^^^
E           File "/global/scratch/fsa/fc_jevons/ligon/mirrors/LSMS_Library/.venv/lib/python3.11/site-packages/dvc/repo/__init__.py", line 306, in open
E             return open_repo(url, *args, **kwargs)
E                    ^^^^^^^^^^^^^^^^^^^^^^^^^^^^^^^
E           File "/global/scratch/fsa/fc_jevons/ligon/mirrors/LSMS_Library/.venv/lib/python3.11/site-packages/dvc/repo/open_repo.py", line 56, in open_repo
E             return Repo(url, *args, **kwargs)
E                    ^^^^^^^^^^^^^^^^^^^^^^^^^^
E           File "/global/scratch/fsa/fc_jevons/ligon/mirrors/LSMS_Library/.venv/lib/python3.11/site-packages/dvc/repo/__init__.py", line 199, in __init__
E             self.cache = CacheManager(self)
E                          ^^^^^^^^^^^^^^^^^^
E           File "/global/scratch/fsa/fc_jevons/ligon/mirrors/LSMS_Library/.venv/lib/python3.11/site-packages/dvc/cachemgr.py", line 43, in __init__
E             self.config = config = repo.config["cache"]
E                                    ^^^^^^^^^^^
E           File "/global/scratch/fsa/fc_jevons/ligon/mirrors/LSMS_Library/.venv/lib/python3.11/site-packages/funcy/objects.py", line 25, in __get__
E             res = instance.__dict__[self.fget.__name__] = self.fget(instance)
E                                                           ^^^^^^^^^^^^^^^^^^^
E           File "/global/scratch/fsa/fc_jevons/ligon/mirrors/LSMS_Library/.venv/lib/python3.11/site-packages/dvc/repo/__init__.py", line 247, in config
E             return Config(
E                    ^^^^^^^
E           File "/global/scratch/fsa/fc_jevons/ligon/mirrors/LSMS_Library/.venv/lib/python3.11/site-packages/dvc/config.py", line 105, in __init__
E             self.load(
E           File "/global/scratch/fsa/fc_jevons/ligon/mirrors/LSMS_Library/.venv/lib/python3.11/site-packages/dvc/config.py", line 182, in load
E             conf = self.validate(conf)
E                    ^^^^^^^^^^^^^^^^^^^
E           File "/global/scratch/fsa/fc_jevons/ligon/mirrors/LSMS_Library/.venv/lib/python3.11/site-packages/dvc/config.py", line 390, in validate
E             raise ConfigError(str(exc)) from None
E         dvc.config.ConfigError: config file error: expected 'url' for dictionary value @ data['remote']['ligonresearch_s3']
E         
E       assert 1 == 0
E        +  where 1 = CompletedProcess(args=['/global/scratch/fsa/fc_jevons/ligon/mirrors/LSMS_Library/.venv/bin/python', '-c', "import warn...nfig.ConfigError: config file error: expected \'url\' for dictionary value @ data[\'remote\'][\'ligonresearch_s3\']\n').returncode

tests/test_label_selection.py:652: AssertionError
________________ test_feature_degrades_for_an_uncurated_country ________________
[gw18] linux -- Python 3.11.6 /global/scratch/fsa/fc_jevons/ligon/mirrors/LSMS_Library/.venv/bin/python

synthetic_tree = {'LSMS_COUNTRIES_ROOT': '/tmp/pytest-of-ligon/pytest-14/popen-gw18/label_selection0/countries', 'LSMS_DATA_DIR': '/tmp/pytest-of-ligon/pytest-14/popen-gw18/label_selection0/data'}

    def test_feature_degrades_for_an_uncurated_country(synthetic_tree):
        """Contract B (feature.py:556): drop, warn once, mark ``attrs``."""
>       out = _run(f"""
            import warnings
            from lsms_library import Feature
            with warnings.catch_warnings(record=True) as w:
                warnings.simplefilter('always')
                df = Feature('sample')(['Fixtureland', 'Otherland'],
                                       labels={{'Rural': 'Settlement'}})
            assert sorted(set(df.index.get_level_values('country'))) == ['Fixtureland'], df.index
            assert list(df['Rural']) == {LADDER!r}, list(df['Rural'])
            assert df.attrs['labels_unavailable'] == ['Otherland'], df.attrs
            msgs = [str(m.message) for m in w]
            assert any('unavailable' in m and 'Otherland' in m for m in msgs), msgs
            assert not any('Failed to load' in m for m in msgs), msgs
            print('FEATURE_DEGRADE_OK')
            """, synthetic_tree)

tests/test_label_selection.py:765: 
_ _ _ _ _ _ _ _ _ _ _ _ _ _ _ _ _ _ _ _ _ _ _ _ _ _ _ _ _ _ _ _ _ _ _ _ _ _ _ _ 

script = "\n        import warnings\n        from lsms_library import Feature\n        with warnings.catch_warnings(record=True...msgs\n        assert not any('Failed to load' in m for m in msgs), msgs\n        print('FEATURE_DEGRADE_OK')\n        "
env_extra = {'LSMS_COUNTRIES_ROOT': '/tmp/pytest-of-ligon/pytest-14/popen-gw18/label_selection0/countries', 'LSMS_DATA_DIR': '/tmp/pytest-of-ligon/pytest-14/popen-gw18/label_selection0/data'}

    def _run(script: str, env_extra: dict) -> str:
        env = dict(os.environ, **env_extra)
        env.pop("LSMS_NO_CACHE", None)
        r = subprocess.run([sys.executable, "-c",
                            "import warnings; warnings.simplefilter('ignore')\n" +
                            textwrap.dedent(script)],
                           env=env, capture_output=True, text=True)
>       assert r.returncode == 0, f"stdout:\n{r.stdout}\nstderr:\n{r.stderr}"
E       AssertionError: stdout:
E         
E         stderr:
E         Traceback (most recent call last):
E           File "<string>", line 4, in <module>
E           File "/global/scratch/fsa/fc_jevons/ligon/mirrors/LSMS_Library/lsms_library/__init__.py", line 252, in <module>
E             _refresh_s3()
E           File "/global/scratch/fsa/fc_jevons/ligon/mirrors/LSMS_Library/lsms_library/local_tools.py", line 222, in refresh_s3_credentials
E             if DVCFS.repo.config.get("remote", {}).get(
E                ^^^^^^^^^^
E           File "/global/software/rocky-8.x86_64/python-3.11.6/._python-3.11.6/zxbhdko4pyfbffp3rebfywqstwyqctut/python/3.11.6-gcc/lib/python3.11/functools.py", line 1001, in __get__
E             val = self.func(instance)
E                   ^^^^^^^^^^^^^^^^^^^
E           File "/global/scratch/fsa/fc_jevons/ligon/mirrors/LSMS_Library/.venv/lib/python3.11/site-packages/dvc/fs/dvc.py", line 213, in repo
E             repo = self._make_repo(**self._repo_kwargs)
E                    ^^^^^^^^^^^^^^^^^^^^^^^^^^^^^^^^^^^^
E           File "/global/scratch/fsa/fc_jevons/ligon/mirrors/LSMS_Library/.venv/lib/python3.11/site-packages/dvc/fs/dvc.py", line 290, in _make_repo
E             with Repo.open(uninitialized=True, **kwargs) as repo:
E                  ^^^^^^^^^^^^^^^^^^^^^^^^^^^^^^^^^^^^^^^
E           File "/global/scratch/fsa/fc_jevons/ligon/mirrors/LSMS_Library/.venv/lib/python3.11/site-packages/dvc/repo/__init__.py", line 306, in open
E             return open_repo(url, *args, **kwargs)
E                    ^^^^^^^^^^^^^^^^^^^^^^^^^^^^^^^
E           File "/global/scratch/fsa/fc_jevons/ligon/mirrors/LSMS_Library/.venv/lib/python3.11/site-packages/dvc/repo/open_repo.py", line 56, in open_repo
E             return Repo(url, *args, **kwargs)
E                    ^^^^^^^^^^^^^^^^^^^^^^^^^^
E           File "/global/scratch/fsa/fc_jevons/ligon/mirrors/LSMS_Library/.venv/lib/python3.11/site-packages/dvc/repo/__init__.py", line 199, in __init__
E             self.cache = CacheManager(self)
E                          ^^^^^^^^^^^^^^^^^^
E           File "/global/scratch/fsa/fc_jevons/ligon/mirrors/LSMS_Library/.venv/lib/python3.11/site-packages/dvc/cachemgr.py", line 43, in __init__
E             self.config = config = repo.config["cache"]
E                                    ^^^^^^^^^^^
E           File "/global/scratch/fsa/fc_jevons/ligon/mirrors/LSMS_Library/.venv/lib/python3.11/site-packages/funcy/objects.py", line 25, in __get__
E             res = instance.__dict__[self.fget.__name__] = self.fget(instance)
E                                                           ^^^^^^^^^^^^^^^^^^^
E           File "/global/scratch/fsa/fc_jevons/ligon/mirrors/LSMS_Library/.venv/lib/python3.11/site-packages/dvc/repo/__init__.py", line 247, in config
E             return Config(
E                    ^^^^^^^
E           File "/global/scratch/fsa/fc_jevons/ligon/mirrors/LSMS_Library/.venv/lib/python3.11/site-packages/dvc/config.py", line 105, in __init__
E             self.load(
E           File "/global/scratch/fsa/fc_jevons/ligon/mirrors/LSMS_Library/.venv/lib/python3.11/site-packages/dvc/config.py", line 182, in load
E             conf = self.validate(conf)
E                    ^^^^^^^^^^^^^^^^^^^
E           File "/global/scratch/fsa/fc_jevons/ligon/mirrors/LSMS_Library/.venv/lib/python3.11/site-packages/dvc/config.py", line 390, in validate
E             raise ConfigError(str(exc)) from None
E         dvc.config.ConfigError: config file error: expected 'url' for dictionary value @ data['remote']['ligonresearch_s3']
E         
E       assert 1 == 0
E        +  where 1 = CompletedProcess(args=['/global/scratch/fsa/fc_jevons/ligon/mirrors/LSMS_Library/.venv/bin/python', '-c', "import warn...nfig.ConfigError: config file error: expected \'url\' for dictionary value @ data[\'remote\'][\'ligonresearch_s3\']\n').returncode

tests/test_label_selection.py:652: AssertionError
___________ test_feature_degrades_for_a_country_with_no_such_column ____________
[gw18] linux -- Python 3.11.6 /global/scratch/fsa/fc_jevons/ligon/mirrors/LSMS_Library/.venv/bin/python

synthetic_tree = {'LSMS_COUNTRIES_ROOT': '/tmp/pytest-of-ligon/pytest-14/popen-gw18/label_selection0/countries', 'LSMS_DATA_DIR': '/tmp/pytest-of-ligon/pytest-14/popen-gw18/label_selection0/data'}

    def test_feature_degrades_for_a_country_with_no_such_column(synthetic_tree):
        """@ligon, PR #697: a country whose frame lacks the target degrades too.
    
        ``Otherland`` HAS ``Rural`` but curates no ``Settlement Label``;
        ``Columnlessland`` curates the ladder but has no ``Rural`` column at all.
        Both are missing curation from the caller's point of view, so both must be
        dropped and reported the same way -- never as "Failed to load".
        """
>       out = _run(f"""
            import warnings
            from lsms_library import Feature
            with warnings.catch_warnings(record=True) as w:
                warnings.simplefilter('always')
                df = Feature('sample')(['Fixtureland', 'Otherland', 'Columnlessland'],
                                       labels={{'Rural': 'Settlement'}})
            assert sorted(set(df.index.get_level_values('country'))) == ['Fixtureland'], df.index
            assert list(df['Rural']) == {LADDER!r}, list(df['Rural'])
            assert sorted(df.attrs['labels_unavailable']) == ['Columnlessland', 'Otherland'], \
                df.attrs
            msgs = [str(m.message) for m in w]
            assert any('unavailable' in m and 'Columnlessland' in m for m in msgs), msgs
            assert not any('Failed to load' in m for m in msgs), msgs
            print('FEATURE_DEGRADE_BOTH_OK')
            """, synthetic_tree)

tests/test_label_selection.py:791: 
_ _ _ _ _ _ _ _ _ _ _ _ _ _ _ _ _ _ _ _ _ _ _ _ _ _ _ _ _ _ _ _ _ _ _ _ _ _ _ _ 

script = "\n        import warnings\n        from lsms_library import Feature\n        with warnings.catch_warnings(record=True...n        assert not any('Failed to load' in m for m in msgs), msgs\n        print('FEATURE_DEGRADE_BOTH_OK')\n        "
env_extra = {'LSMS_COUNTRIES_ROOT': '/tmp/pytest-of-ligon/pytest-14/popen-gw18/label_selection0/countries', 'LSMS_DATA_DIR': '/tmp/pytest-of-ligon/pytest-14/popen-gw18/label_selection0/data'}

    def _run(script: str, env_extra: dict) -> str:
        env = dict(os.environ, **env_extra)
        env.pop("LSMS_NO_CACHE", None)
        r = subprocess.run([sys.executable, "-c",
                            "import warnings; warnings.simplefilter('ignore')\n" +
                            textwrap.dedent(script)],
                           env=env, capture_output=True, text=True)
>       assert r.returncode == 0, f"stdout:\n{r.stdout}\nstderr:\n{r.stderr}"
E       AssertionError: stdout:
E         
E         stderr:
E         Traceback (most recent call last):
E           File "<string>", line 4, in <module>
E           File "/global/scratch/fsa/fc_jevons/ligon/mirrors/LSMS_Library/lsms_library/__init__.py", line 252, in <module>
E             _refresh_s3()
E           File "/global/scratch/fsa/fc_jevons/ligon/mirrors/LSMS_Library/lsms_library/local_tools.py", line 222, in refresh_s3_credentials
E             if DVCFS.repo.config.get("remote", {}).get(
E                ^^^^^^^^^^
E           File "/global/software/rocky-8.x86_64/python-3.11.6/._python-3.11.6/zxbhdko4pyfbffp3rebfywqstwyqctut/python/3.11.6-gcc/lib/python3.11/functools.py", line 1001, in __get__
E             val = self.func(instance)
E                   ^^^^^^^^^^^^^^^^^^^
E           File "/global/scratch/fsa/fc_jevons/ligon/mirrors/LSMS_Library/.venv/lib/python3.11/site-packages/dvc/fs/dvc.py", line 213, in repo
E             repo = self._make_repo(**self._repo_kwargs)
E                    ^^^^^^^^^^^^^^^^^^^^^^^^^^^^^^^^^^^^
E           File "/global/scratch/fsa/fc_jevons/ligon/mirrors/LSMS_Library/.venv/lib/python3.11/site-packages/dvc/fs/dvc.py", line 290, in _make_repo
E             with Repo.open(uninitialized=True, **kwargs) as repo:
E                  ^^^^^^^^^^^^^^^^^^^^^^^^^^^^^^^^^^^^^^^
E           File "/global/scratch/fsa/fc_jevons/ligon/mirrors/LSMS_Library/.venv/lib/python3.11/site-packages/dvc/repo/__init__.py", line 306, in open
E             return open_repo(url, *args, **kwargs)
E                    ^^^^^^^^^^^^^^^^^^^^^^^^^^^^^^^
E           File "/global/scratch/fsa/fc_jevons/ligon/mirrors/LSMS_Library/.venv/lib/python3.11/site-packages/dvc/repo/open_repo.py", line 56, in open_repo
E             return Repo(url, *args, **kwargs)
E                    ^^^^^^^^^^^^^^^^^^^^^^^^^^
E           File "/global/scratch/fsa/fc_jevons/ligon/mirrors/LSMS_Library/.venv/lib/python3.11/site-packages/dvc/repo/__init__.py", line 199, in __init__
E             self.cache = CacheManager(self)
E                          ^^^^^^^^^^^^^^^^^^
E           File "/global/scratch/fsa/fc_jevons/ligon/mirrors/LSMS_Library/.venv/lib/python3.11/site-packages/dvc/cachemgr.py", line 43, in __init__
E             self.config = config = repo.config["cache"]
E                                    ^^^^^^^^^^^
E           File "/global/scratch/fsa/fc_jevons/ligon/mirrors/LSMS_Library/.venv/lib/python3.11/site-packages/funcy/objects.py", line 25, in __get__
E             res = instance.__dict__[self.fget.__name__] = self.fget(instance)
E                                                           ^^^^^^^^^^^^^^^^^^^
E           File "/global/scratch/fsa/fc_jevons/ligon/mirrors/LSMS_Library/.venv/lib/python3.11/site-packages/dvc/repo/__init__.py", line 247, in config
E             return Config(
E                    ^^^^^^^
E           File "/global/scratch/fsa/fc_jevons/ligon/mirrors/LSMS_Library/.venv/lib/python3.11/site-packages/dvc/config.py", line 105, in __init__
E             self.load(
E           File "/global/scratch/fsa/fc_jevons/ligon/mirrors/LSMS_Library/.venv/lib/python3.11/site-packages/dvc/config.py", line 182, in load
E             conf = self.validate(conf)
E                    ^^^^^^^^^^^^^^^^^^^
E           File "/global/scratch/fsa/fc_jevons/ligon/mirrors/LSMS_Library/.venv/lib/python3.11/site-packages/dvc/config.py", line 390, in validate
E             raise ConfigError(str(exc)) from None
E         dvc.config.ConfigError: config file error: expected 'url' for dictionary value @ data['remote']['ligonresearch_s3']
E         
E       assert 1 == 0
E        +  where 1 = CompletedProcess(args=['/global/scratch/fsa/fc_jevons/ligon/mirrors/LSMS_Library/.venv/bin/python', '-c', "import warn...nfig.ConfigError: config file error: expected \'url\' for dictionary value @ data[\'remote\'][\'ligonresearch_s3\']\n').returncode

tests/test_label_selection.py:652: AssertionError
_________________ test_columnless_country_is_otherwise_healthy _________________
[gw18] linux -- Python 3.11.6 /global/scratch/fsa/fc_jevons/ligon/mirrors/LSMS_Library/.venv/bin/python

synthetic_tree = {'LSMS_COUNTRIES_ROOT': '/tmp/pytest-of-ligon/pytest-14/popen-gw18/label_selection0/countries', 'LSMS_DATA_DIR': '/tmp/pytest-of-ligon/pytest-14/popen-gw18/label_selection0/data'}

    def test_columnless_country_is_otherwise_healthy(synthetic_tree):
        """Guard against the fixture proving the wrong thing.
    
        ``Columnlessland`` must build fine WITHOUT a labels= request -- otherwise
        the degradation above could be masking a broken country rather than
        demonstrating the intended behaviour.
        """
>       out = _run("""
            from lsms_library import Country
            df = Country('Columnlessland').sample()
            assert len(df) == 7, len(df)
            assert 'Rural' not in df.columns, df.columns
            # The fixture's raw weights are 1..7 (one wave, mean 4).  sample()
            # rescales each wave's weights to mean 1 at API time, so the served
            # values are 1/4 .. 7/4 -- same relative magnitudes, mean 1.0.
            # See country._normalise_sample_weights.
            assert list(df['weight']) == [0.25, 0.5, 0.75, 1.0, 1.25, 1.5, 1.75], \
                list(df['weight'])
            print('COLUMNLESS_HEALTHY_OK')
            """, synthetic_tree)

tests/test_label_selection.py:817: 
_ _ _ _ _ _ _ _ _ _ _ _ _ _ _ _ _ _ _ _ _ _ _ _ _ _ _ _ _ _ _ _ _ _ _ _ _ _ _ _ 

script = "\n        from lsms_library import Country\n        df = Country('Columnlessland').sample()\n        assert len(df) =...25, 0.5, 0.75, 1.0, 1.25, 1.5, 1.75],             list(df['weight'])\n        print('COLUMNLESS_HEALTHY_OK')\n        "
env_extra = {'LSMS_COUNTRIES_ROOT': '/tmp/pytest-of-ligon/pytest-14/popen-gw18/label_selection0/countries', 'LSMS_DATA_DIR': '/tmp/pytest-of-ligon/pytest-14/popen-gw18/label_selection0/data'}

    def _run(script: str, env_extra: dict) -> str:
        env = dict(os.environ, **env_extra)
        env.pop("LSMS_NO_CACHE", None)
        r = subprocess.run([sys.executable, "-c",
                            "import warnings; warnings.simplefilter('ignore')\n" +
                            textwrap.dedent(script)],
                           env=env, capture_output=True, text=True)
>       assert r.returncode == 0, f"stdout:\n{r.stdout}\nstderr:\n{r.stderr}"
E       AssertionError: stdout:
E         
E         stderr:
E         Traceback (most recent call last):
E           File "<string>", line 3, in <module>
E           File "/global/scratch/fsa/fc_jevons/ligon/mirrors/LSMS_Library/lsms_library/__init__.py", line 252, in <module>
E             _refresh_s3()
E           File "/global/scratch/fsa/fc_jevons/ligon/mirrors/LSMS_Library/lsms_library/local_tools.py", line 222, in refresh_s3_credentials
E             if DVCFS.repo.config.get("remote", {}).get(
E                ^^^^^^^^^^
E           File "/global/software/rocky-8.x86_64/python-3.11.6/._python-3.11.6/zxbhdko4pyfbffp3rebfywqstwyqctut/python/3.11.6-gcc/lib/python3.11/functools.py", line 1001, in __get__
E             val = self.func(instance)
E                   ^^^^^^^^^^^^^^^^^^^
E           File "/global/scratch/fsa/fc_jevons/ligon/mirrors/LSMS_Library/.venv/lib/python3.11/site-packages/dvc/fs/dvc.py", line 213, in repo
E             repo = self._make_repo(**self._repo_kwargs)
E                    ^^^^^^^^^^^^^^^^^^^^^^^^^^^^^^^^^^^^
E           File "/global/scratch/fsa/fc_jevons/ligon/mirrors/LSMS_Library/.venv/lib/python3.11/site-packages/dvc/fs/dvc.py", line 290, in _make_repo
E             with Repo.open(uninitialized=True, **kwargs) as repo:
E                  ^^^^^^^^^^^^^^^^^^^^^^^^^^^^^^^^^^^^^^^
E           File "/global/scratch/fsa/fc_jevons/ligon/mirrors/LSMS_Library/.venv/lib/python3.11/site-packages/dvc/repo/__init__.py", line 306, in open
E             return open_repo(url, *args, **kwargs)
E                    ^^^^^^^^^^^^^^^^^^^^^^^^^^^^^^^
E           File "/global/scratch/fsa/fc_jevons/ligon/mirrors/LSMS_Library/.venv/lib/python3.11/site-packages/dvc/repo/open_repo.py", line 56, in open_repo
E             return Repo(url, *args, **kwargs)
E                    ^^^^^^^^^^^^^^^^^^^^^^^^^^
E           File "/global/scratch/fsa/fc_jevons/ligon/mirrors/LSMS_Library/.venv/lib/python3.11/site-packages/dvc/repo/__init__.py", line 199, in __init__
E             self.cache = CacheManager(self)
E                          ^^^^^^^^^^^^^^^^^^
E           File "/global/scratch/fsa/fc_jevons/ligon/mirrors/LSMS_Library/.venv/lib/python3.11/site-packages/dvc/cachemgr.py", line 43, in __init__
E             self.config = config = repo.config["cache"]
E                                    ^^^^^^^^^^^
E           File "/global/scratch/fsa/fc_jevons/ligon/mirrors/LSMS_Library/.venv/lib/python3.11/site-packages/funcy/objects.py", line 25, in __get__
E             res = instance.__dict__[self.fget.__name__] = self.fget(instance)
E                                                           ^^^^^^^^^^^^^^^^^^^
E           File "/global/scratch/fsa/fc_jevons/ligon/mirrors/LSMS_Library/.venv/lib/python3.11/site-packages/dvc/repo/__init__.py", line 247, in config
E             return Config(
E                    ^^^^^^^
E           File "/global/scratch/fsa/fc_jevons/ligon/mirrors/LSMS_Library/.venv/lib/python3.11/site-packages/dvc/config.py", line 105, in __init__
E             self.load(
E           File "/global/scratch/fsa/fc_jevons/ligon/mirrors/LSMS_Library/.venv/lib/python3.11/site-packages/dvc/config.py", line 182, in load
E             conf = self.validate(conf)
E                    ^^^^^^^^^^^^^^^^^^^
E           File "/global/scratch/fsa/fc_jevons/ligon/mirrors/LSMS_Library/.venv/lib/python3.11/site-packages/dvc/config.py", line 390, in validate
E             raise ConfigError(str(exc)) from None
E         dvc.config.ConfigError: config file error: expected 'url' for dictionary value @ data['remote']['ligonresearch_s3']
E         
E       assert 1 == 0
E        +  where 1 = CompletedProcess(args=['/global/scratch/fsa/fc_jevons/ligon/mirrors/LSMS_Library/.venv/bin/python', '-c', "import warn...nfig.ConfigError: config file error: expected \'url\' for dictionary value @ data[\'remote\'][\'ligonresearch_s3\']\n').returncode

tests/test_label_selection.py:652: AssertionError
________________ test_derived_food_path_propagates_the_degrade _________________
[gw18] linux -- Python 3.11.6 /global/scratch/fsa/fc_jevons/ligon/mirrors/LSMS_Library/.venv/bin/python

synthetic_tree = {'LSMS_COUNTRIES_ROOT': '/tmp/pytest-of-ligon/pytest-14/popen-gw18/label_selection0/countries', 'LSMS_DATA_DIR': '/tmp/pytest-of-ligon/pytest-14/popen-gw18/label_selection0/data'}

    def test_derived_food_path_propagates_the_degrade(synthetic_tree):
        """A labels= error must reach the caller from the derived branch."""
>       out = _run("""
            from lsms_library import Country
            from lsms_library.errors import LabelUnavailableError
            try:
                Country('Foodland').food_expenditures(labels={'Rural': 'Settlement'})
                raise AssertionError('derived path swallowed the degrade')
            except LabelUnavailableError as e:
                assert 'food_expenditures' in str(e), e
                print('DERIVED_DEGRADE_PROPAGATED')
            """, synthetic_tree)

tests/test_label_selection.py:865: 
_ _ _ _ _ _ _ _ _ _ _ _ _ _ _ _ _ _ _ _ _ _ _ _ _ _ _ _ _ _ _ _ _ _ _ _ _ _ _ _ 

script = "\n        from lsms_library import Country\n        from lsms_library.errors import LabelUnavailableError\n        tr... as e:\n            assert 'food_expenditures' in str(e), e\n            print('DERIVED_DEGRADE_PROPAGATED')\n        "
env_extra = {'LSMS_COUNTRIES_ROOT': '/tmp/pytest-of-ligon/pytest-14/popen-gw18/label_selection0/countries', 'LSMS_DATA_DIR': '/tmp/pytest-of-ligon/pytest-14/popen-gw18/label_selection0/data'}

    def _run(script: str, env_extra: dict) -> str:
        env = dict(os.environ, **env_extra)
        env.pop("LSMS_NO_CACHE", None)
        r = subprocess.run([sys.executable, "-c",
                            "import warnings; warnings.simplefilter('ignore')\n" +
                            textwrap.dedent(script)],
                           env=env, capture_output=True, text=True)
>       assert r.returncode == 0, f"stdout:\n{r.stdout}\nstderr:\n{r.stderr}"
E       AssertionError: stdout:
E         
E         stderr:
E         Traceback (most recent call last):
E           File "<string>", line 3, in <module>
E           File "/global/scratch/fsa/fc_jevons/ligon/mirrors/LSMS_Library/lsms_library/__init__.py", line 252, in <module>
E             _refresh_s3()
E           File "/global/scratch/fsa/fc_jevons/ligon/mirrors/LSMS_Library/lsms_library/local_tools.py", line 222, in refresh_s3_credentials
E             if DVCFS.repo.config.get("remote", {}).get(
E                ^^^^^^^^^^
E           File "/global/software/rocky-8.x86_64/python-3.11.6/._python-3.11.6/zxbhdko4pyfbffp3rebfywqstwyqctut/python/3.11.6-gcc/lib/python3.11/functools.py", line 1001, in __get__
E             val = self.func(instance)
E                   ^^^^^^^^^^^^^^^^^^^
E           File "/global/scratch/fsa/fc_jevons/ligon/mirrors/LSMS_Library/.venv/lib/python3.11/site-packages/dvc/fs/dvc.py", line 213, in repo
E             repo = self._make_repo(**self._repo_kwargs)
E                    ^^^^^^^^^^^^^^^^^^^^^^^^^^^^^^^^^^^^
E           File "/global/scratch/fsa/fc_jevons/ligon/mirrors/LSMS_Library/.venv/lib/python3.11/site-packages/dvc/fs/dvc.py", line 290, in _make_repo
E             with Repo.open(uninitialized=True, **kwargs) as repo:
E                  ^^^^^^^^^^^^^^^^^^^^^^^^^^^^^^^^^^^^^^^
E           File "/global/scratch/fsa/fc_jevons/ligon/mirrors/LSMS_Library/.venv/lib/python3.11/site-packages/dvc/repo/__init__.py", line 306, in open
E             return open_repo(url, *args, **kwargs)
E                    ^^^^^^^^^^^^^^^^^^^^^^^^^^^^^^^
E           File "/global/scratch/fsa/fc_jevons/ligon/mirrors/LSMS_Library/.venv/lib/python3.11/site-packages/dvc/repo/open_repo.py", line 56, in open_repo
E             return Repo(url, *args, **kwargs)
E                    ^^^^^^^^^^^^^^^^^^^^^^^^^^
E           File "/global/scratch/fsa/fc_jevons/ligon/mirrors/LSMS_Library/.venv/lib/python3.11/site-packages/dvc/repo/__init__.py", line 199, in __init__
E             self.cache = CacheManager(self)
E                          ^^^^^^^^^^^^^^^^^^
E           File "/global/scratch/fsa/fc_jevons/ligon/mirrors/LSMS_Library/.venv/lib/python3.11/site-packages/dvc/cachemgr.py", line 43, in __init__
E             self.config = config = repo.config["cache"]
E                                    ^^^^^^^^^^^
E           File "/global/scratch/fsa/fc_jevons/ligon/mirrors/LSMS_Library/.venv/lib/python3.11/site-packages/funcy/objects.py", line 25, in __get__
E             res = instance.__dict__[self.fget.__name__] = self.fget(instance)
E                                                           ^^^^^^^^^^^^^^^^^^^
E           File "/global/scratch/fsa/fc_jevons/ligon/mirrors/LSMS_Library/.venv/lib/python3.11/site-packages/dvc/repo/__init__.py", line 247, in config
E             return Config(
E                    ^^^^^^^
E           File "/global/scratch/fsa/fc_jevons/ligon/mirrors/LSMS_Library/.venv/lib/python3.11/site-packages/dvc/config.py", line 105, in __init__
E             self.load(
E           File "/global/scratch/fsa/fc_jevons/ligon/mirrors/LSMS_Library/.venv/lib/python3.11/site-packages/dvc/config.py", line 182, in load
E             conf = self.validate(conf)
E                    ^^^^^^^^^^^^^^^^^^^
E           File "/global/scratch/fsa/fc_jevons/ligon/mirrors/LSMS_Library/.venv/lib/python3.11/site-packages/dvc/config.py", line 390, in validate
E             raise ConfigError(str(exc)) from None
E         dvc.config.ConfigError: config file error: expected 'url' for dictionary value @ data['remote']['ligonresearch_s3']
E         
E       assert 1 == 0
E        +  where 1 = CompletedProcess(args=['/global/scratch/fsa/fc_jevons/ligon/mirrors/LSMS_Library/.venv/bin/python', '-c', "import warn...nfig.ConfigError: config file error: expected \'url\' for dictionary value @ data[\'remote\'][\'ligonresearch_s3\']\n').returncode

tests/test_label_selection.py:652: AssertionError
_________________ test_dict_j_equals_scalar_on_a_derived_table _________________
[gw18] linux -- Python 3.11.6 /global/scratch/fsa/fc_jevons/ligon/mirrors/LSMS_Library/.venv/bin/python

synthetic_tree = {'LSMS_COUNTRIES_ROOT': '/tmp/pytest-of-ligon/pytest-14/popen-gw18/label_selection0/countries', 'LSMS_DATA_DIR': '/tmp/pytest-of-ligon/pytest-14/popen-gw18/label_selection0/data'}

    def test_dict_j_equals_scalar_on_a_derived_table(synthetic_tree):
        """The documented equivalence, on a real derived table.
    
        Also pins `reaggregate`: four items collapse to two aggregates and the
        expenditure total is preserved.
        """
>       out = _run("""
            import pandas as pd
            from lsms_library import Country
            f = Country('Foodland')
            pref = f.food_expenditures()
            scalar = f.food_expenditures(labels='Aggregate')
            dict_j = f.food_expenditures(labels={'j': 'Aggregate'})
            pd.testing.assert_frame_equal(scalar.sort_index(), dict_j.sort_index())
            assert set(pref.index.get_level_values('j')) == {
                'Beans (fresh)', 'Beans (dry)', 'Matoke (bunch)', 'Matoke (heap)'}
            assert set(scalar.index.get_level_values('j')) == {'Beans', 'Matoke'}
            assert pref['Expenditure'].sum() == scalar['Expenditure'].sum() == 150.0
            print('DERIVED_DICT_J_OK')
            """, synthetic_tree)

tests/test_label_selection.py:884: 
_ _ _ _ _ _ _ _ _ _ _ _ _ _ _ _ _ _ _ _ _ _ _ _ _ _ _ _ _ _ _ _ _ _ _ _ _ _ _ _ 

script = "\n        import pandas as pd\n        from lsms_library import Country\n        f = Country('Foodland')\n        pre...assert pref['Expenditure'].sum() == scalar['Expenditure'].sum() == 150.0\n        print('DERIVED_DICT_J_OK')\n        "
env_extra = {'LSMS_COUNTRIES_ROOT': '/tmp/pytest-of-ligon/pytest-14/popen-gw18/label_selection0/countries', 'LSMS_DATA_DIR': '/tmp/pytest-of-ligon/pytest-14/popen-gw18/label_selection0/data'}

    def _run(script: str, env_extra: dict) -> str:
        env = dict(os.environ, **env_extra)
        env.pop("LSMS_NO_CACHE", None)
        r = subprocess.run([sys.executable, "-c",
                            "import warnings; warnings.simplefilter('ignore')\n" +
                            textwrap.dedent(script)],
                           env=env, capture_output=True, text=True)
>       assert r.returncode == 0, f"stdout:\n{r.stdout}\nstderr:\n{r.stderr}"
E       AssertionError: stdout:
E         
E         stderr:
E         Traceback (most recent call last):
E           File "<string>", line 4, in <module>
E           File "/global/scratch/fsa/fc_jevons/ligon/mirrors/LSMS_Library/lsms_library/__init__.py", line 252, in <module>
E             _refresh_s3()
E           File "/global/scratch/fsa/fc_jevons/ligon/mirrors/LSMS_Library/lsms_library/local_tools.py", line 222, in refresh_s3_credentials
E             if DVCFS.repo.config.get("remote", {}).get(
E                ^^^^^^^^^^
E           File "/global/software/rocky-8.x86_64/python-3.11.6/._python-3.11.6/zxbhdko4pyfbffp3rebfywqstwyqctut/python/3.11.6-gcc/lib/python3.11/functools.py", line 1001, in __get__
E             val = self.func(instance)
E                   ^^^^^^^^^^^^^^^^^^^
E           File "/global/scratch/fsa/fc_jevons/ligon/mirrors/LSMS_Library/.venv/lib/python3.11/site-packages/dvc/fs/dvc.py", line 213, in repo
E             repo = self._make_repo(**self._repo_kwargs)
E                    ^^^^^^^^^^^^^^^^^^^^^^^^^^^^^^^^^^^^
E           File "/global/scratch/fsa/fc_jevons/ligon/mirrors/LSMS_Library/.venv/lib/python3.11/site-packages/dvc/fs/dvc.py", line 290, in _make_repo
E             with Repo.open(uninitialized=True, **kwargs) as repo:
E                  ^^^^^^^^^^^^^^^^^^^^^^^^^^^^^^^^^^^^^^^
E           File "/global/scratch/fsa/fc_jevons/ligon/mirrors/LSMS_Library/.venv/lib/python3.11/site-packages/dvc/repo/__init__.py", line 306, in open
E             return open_repo(url, *args, **kwargs)
E                    ^^^^^^^^^^^^^^^^^^^^^^^^^^^^^^^
E           File "/global/scratch/fsa/fc_jevons/ligon/mirrors/LSMS_Library/.venv/lib/python3.11/site-packages/dvc/repo/open_repo.py", line 56, in open_repo
E             return Repo(url, *args, **kwargs)
E                    ^^^^^^^^^^^^^^^^^^^^^^^^^^
E           File "/global/scratch/fsa/fc_jevons/ligon/mirrors/LSMS_Library/.venv/lib/python3.11/site-packages/dvc/repo/__init__.py", line 199, in __init__
E             self.cache = CacheManager(self)
E                          ^^^^^^^^^^^^^^^^^^
E           File "/global/scratch/fsa/fc_jevons/ligon/mirrors/LSMS_Library/.venv/lib/python3.11/site-packages/dvc/cachemgr.py", line 43, in __init__
E             self.config = config = repo.config["cache"]
E                                    ^^^^^^^^^^^
E           File "/global/scratch/fsa/fc_jevons/ligon/mirrors/LSMS_Library/.venv/lib/python3.11/site-packages/funcy/objects.py", line 25, in __get__
E             res = instance.__dict__[self.fget.__name__] = self.fget(instance)
E                                                           ^^^^^^^^^^^^^^^^^^^
E           File "/global/scratch/fsa/fc_jevons/ligon/mirrors/LSMS_Library/.venv/lib/python3.11/site-packages/dvc/repo/__init__.py", line 247, in config
E             return Config(
E                    ^^^^^^^
E           File "/global/scratch/fsa/fc_jevons/ligon/mirrors/LSMS_Library/.venv/lib/python3.11/site-packages/dvc/config.py", line 105, in __init__
E             self.load(
E           File "/global/scratch/fsa/fc_jevons/ligon/mirrors/LSMS_Library/.venv/lib/python3.11/site-packages/dvc/config.py", line 182, in load
E             conf = self.validate(conf)
E                    ^^^^^^^^^^^^^^^^^^^
E           File "/global/scratch/fsa/fc_jevons/ligon/mirrors/LSMS_Library/.venv/lib/python3.11/site-packages/dvc/config.py", line 390, in validate
E             raise ConfigError(str(exc)) from None
E         dvc.config.ConfigError: config file error: expected 'url' for dictionary value @ data['remote']['ligonresearch_s3']
E         
E       assert 1 == 0
E        +  where 1 = CompletedProcess(args=['/global/scratch/fsa/fc_jevons/ligon/mirrors/LSMS_Library/.venv/bin/python', '-c', "import warn...nfig.ConfigError: config file error: expected \'url\' for dictionary value @ data[\'remote\'][\'ligonresearch_s3\']\n').returncode

tests/test_label_selection.py:652: AssertionError
___________ TestCountryApi.test_attrs_survive_a_labels_reaggregation ___________
[gw10] linux -- Python 3.11.6 /global/scratch/fsa/fc_jevons/ligon/mirrors/LSMS_Library/.venv/bin/python

self = <LSMS_Library.tests.test_own_production_valuation.TestCountryApi object at 0x149459eaac90>

    def test_attrs_survive_a_labels_reaggregation(self):
        ll = pytest.importorskip('lsms_library')
        c = ll.Country('Uganda')
        with warnings.catch_warnings():
            warnings.simplefilter('ignore')
>           out = c.food_expenditures(basis='total', valuation='own_price',
                                      labels='Aggregate')

tests/test_own_production_valuation.py:511: 
_ _ _ _ _ _ _ _ _ _ _ _ _ _ _ _ _ _ _ _ _ _ _ _ _ _ _ _ _ _ _ _ _ _ _ _ _ _ _ _ 
lsms_library/country.py:4542: in method
    fa = self._aggregate_wave_data(waves, 'food_acquired')
         ^^^^^^^^^^^^^^^^^^^^^^^^^^^^^^^^^^^^^^^^^^^^^^^^^
lsms_library/country.py:4102: in _aggregate_wave_data
    df = load_with_dvc_cache(method_name)
         ^^^^^^^^^^^^^^^^^^^^^^^^^^^^^^^^
lsms_library/country.py:4085: in load_with_dvc_cache
    return load_dataframe_with_dvc(method_name)
           ^^^^^^^^^^^^^^^^^^^^^^^^^^^^^^^^^^^^
lsms_library/country.py:3912: in load_dataframe_with_dvc
    df = load_from_waves(waves)
         ^^^^^^^^^^^^^^^^^^^^^^
lsms_library/country.py:3683: in load_from_waves
    prebuilt = _parallel_waves.prebuild(
lsms_library/_parallel_waves.py:580: in prebuild
    futures = [(group, pool.submit(_run_group, group, make_jobs)) for group in groups]
              ^^^^^^^^^^^^^^^^^^^^^^^^^^^^^^^^^^^^^^^^^^^^^^^^^^^^^^^^^^^^^^^^^^^^^^^^
lsms_library/_parallel_waves.py:580: in <listcomp>
    futures = [(group, pool.submit(_run_group, group, make_jobs)) for group in groups]
                       ^^^^^^^^^^^^^^^^^^^^^^^^^^^^^^^^^^^^^^^^^
/global/software/rocky-8.x86_64/python-3.11.6/._python-3.11.6/zxbhdko4pyfbffp3rebfywqstwyqctut/python/3.11.6-gcc/lib/python3.11/concurrent/futures/process.py:809: in submit
    self._start_executor_manager_thread()
/global/software/rocky-8.x86_64/python-3.11.6/._python-3.11.6/zxbhdko4pyfbffp3rebfywqstwyqctut/python/3.11.6-gcc/lib/python3.11/concurrent/futures/process.py:748: in _start_executor_manager_thread
    self._launch_processes()
/global/software/rocky-8.x86_64/python-3.11.6/._python-3.11.6/zxbhdko4pyfbffp3rebfywqstwyqctut/python/3.11.6-gcc/lib/python3.11/concurrent/futures/process.py:775: in _launch_processes
    self._spawn_process()
/global/software/rocky-8.x86_64/python-3.11.6/._python-3.11.6/zxbhdko4pyfbffp3rebfywqstwyqctut/python/3.11.6-gcc/lib/python3.11/concurrent/futures/process.py:785: in _spawn_process
    p.start()
/global/software/rocky-8.x86_64/python-3.11.6/._python-3.11.6/zxbhdko4pyfbffp3rebfywqstwyqctut/python/3.11.6-gcc/lib/python3.11/multiprocessing/process.py:121: in start
    self._popen = self._Popen(self)
                  ^^^^^^^^^^^^^^^^^
/global/software/rocky-8.x86_64/python-3.11.6/._python-3.11.6/zxbhdko4pyfbffp3rebfywqstwyqctut/python/3.11.6-gcc/lib/python3.11/multiprocessing/context.py:281: in _Popen
    return Popen(process_obj)
           ^^^^^^^^^^^^^^^^^^
/global/software/rocky-8.x86_64/python-3.11.6/._python-3.11.6/zxbhdko4pyfbffp3rebfywqstwyqctut/python/3.11.6-gcc/lib/python3.11/multiprocessing/popen_fork.py:19: in __init__
    self._launch(process_obj)
_ _ _ _ _ _ _ _ _ _ _ _ _ _ _ _ _ _ _ _ _ _ _ _ _ _ _ _ _ _ _ _ _ _ _ _ _ _ _ _ 

self = <multiprocessing.popen_fork.Popen object at 0x1494fca29690>
process_obj = <ForkProcess name='ForkProcess-82' parent=675580 initial>

    def _launch(self, process_obj):
        code = 1
        parent_r, child_w = os.pipe()
        child_r, parent_w = os.pipe()
>       self.pid = os.fork()
                   ^^^^^^^^^
E       BlockingIOError: [Errno 11] Resource temporarily unavailable

/global/software/rocky-8.x86_64/python-3.11.6/._python-3.11.6/zxbhdko4pyfbffp3rebfywqstwyqctut/python/3.11.6-gcc/lib/python3.11/multiprocessing/popen_fork.py:66: BlockingIOError
__________________ TestSample.test_covers_all_waves[Albania] ___________________
[gw7] linux -- Python 3.11.6 /global/scratch/fsa/fc_jevons/ligon/mirrors/LSMS_Library/.venv/bin/python

self = <LSMS_Library.tests.test_sample.TestSample object at 0x1498e071ec10>
country_name = 'Albania'
sample_df =               v    weight  panel_weight   strata  Rural
i     t                                                
1-2   ....443016      0.443016  Coastal  Rural
83409 2012  834  1.032805      1.032805  Coastal  Rural

[19593 rows x 5 columns]

    def test_covers_all_waves(self, country_name, sample_df):
        """sample() should cover all waves the country declares."""
        c = ll.Country(country_name)
        expected_waves = set(c.waves)
        actual_waves = set(sample_df.index.get_level_values("t").unique())
        missing = expected_waves - actual_waves
>       assert not missing, (
            f"{country_name} sample missing waves: {sorted(missing)}"
        )
E       AssertionError: Albania sample missing waves: ['2003']
E       assert not {'2003'}

tests/test_sample.py:205: AssertionError
---------------------------- Captured stderr setup -----------------------------
Traceback (most recent call last):
  File "/global/scratch/fsa/fc_jevons/ligon/mirrors/LSMS_Library/.venv/lib/python3.11/site-packages/git/__init__.py", line 296, in <module>
    refresh()
  File "/global/scratch/fsa/fc_jevons/ligon/mirrors/LSMS_Library/.venv/lib/python3.11/site-packages/git/__init__.py", line 287, in refresh
    if not Git.refresh(path=path):
           ^^^^^^^^^^^^^^^^^^^^^^
  File "/global/scratch/fsa/fc_jevons/ligon/mirrors/LSMS_Library/.venv/lib/python3.11/site-packages/git/cmd.py", line 788, in refresh
    cls().version()
  File "/global/scratch/fsa/fc_jevons/ligon/mirrors/LSMS_Library/.venv/lib/python3.11/site-packages/git/cmd.py", line 1003, in <lambda>
    return lambda *args, **kwargs: self._call_process(name, *args, **kwargs)
                                   ^^^^^^^^^^^^^^^^^^^^^^^^^^^^^^^^^^^^^^^^^
  File "/global/scratch/fsa/fc_jevons/ligon/mirrors/LSMS_Library/.venv/lib/python3.11/site-packages/git/cmd.py", line 1616, in _call_process
    return self.execute(call, **exec_kwargs)
           ^^^^^^^^^^^^^^^^^^^^^^^^^^^^^^^^^
  File "/global/scratch/fsa/fc_jevons/ligon/mirrors/LSMS_Library/.venv/lib/python3.11/site-packages/git/cmd.py", line 1279, in execute
    proc = safer_popen(
           ^^^^^^^^^^^^
  File "/global/software/rocky-8.x86_64/python-3.11.6/._python-3.11.6/zxbhdko4pyfbffp3rebfywqstwyqctut/python/3.11.6-gcc/lib/python3.11/subprocess.py", line 1026, in __init__
    self._execute_child(args, executable, preexec_fn, close_fds,
  File "/global/software/rocky-8.x86_64/python-3.11.6/._python-3.11.6/zxbhdko4pyfbffp3rebfywqstwyqctut/python/3.11.6-gcc/lib/python3.11/subprocess.py", line 1883, in _execute_child
    self.pid = _fork_exec(
               ^^^^^^^^^^^
BlockingIOError: [Errno 11] Resource temporarily unavailable

The above exception was the direct cause of the following exception:

Traceback (most recent call last):
  File "/global/scratch/fsa/fc_jevons/ligon/mirrors/LSMS_Library/lsms_library/countries/Albania/2003/_/sample.py", line 8, in <module>
    from lsms_library.local_tools import get_dataframe, format_id, to_parquet
  File "/global/home/users/ligon/mirrors/LSMS_Library/lsms_library/__init__.py", line 151, in <module>
    from .dvc_permissions import authenticate
  File "/global/home/users/ligon/mirrors/LSMS_Library/lsms_library/dvc_permissions.py", line 25, in <module>
    import git
  File "/global/scratch/fsa/fc_jevons/ligon/mirrors/LSMS_Library/.venv/lib/python3.11/site-packages/git/__init__.py", line 298, in <module>
    raise ImportError("Failed to initialize: {0}".format(_exc)) from _exc
ImportError: Failed to initialize: [Errno 11] Resource temporarily unavailable
_________ TestCountryApi.test_single_country_feature_keeps_the_tallies _________
[gw10] linux -- Python 3.11.6 /global/scratch/fsa/fc_jevons/ligon/mirrors/LSMS_Library/.venv/bin/python

self = <LSMS_Library.tests.test_own_production_valuation.TestCountryApi object at 0x149459e8d510>

    def test_single_country_feature_keeps_the_tallies(self):
        """One country is a concat of one frame -- nothing to disagree with."""
        ll = pytest.importorskip('lsms_library')
        try:
            with warnings.catch_warnings():
                warnings.simplefilter('ignore')
                one = ll.Feature('food_expenditures')(
                    ['Uganda'], basis='total', valuation='own_price')
        except Exception as exc:                      # pragma: no cover
            pytest.skip(f'Feature unavailable: {exc!r}')
>       assert 'valuation_sources' in one.attrs
E       AssertionError: assert 'valuation_sources' in {}
E        +  where {} = Empty DataFrame\nColumns: []\nIndex: [].attrs

tests/test_own_production_valuation.py:525: AssertionError
----------------------------- Captured stdout call -----------------------------
{800.0, 801.0, 802.0, 996.0, 997.0, 998.0, 999.0}
{996.0, 997.0, 998.0, 999.0}
----------------------------- Captured stderr call -----------------------------
/global/scratch/fsa/fc_jevons/ligon/mirrors/LSMS_Library/lsms_library/countries/Uganda/2019-20/_/../../_/uganda.py:400: UserWarning: Dropping some unknown unit codes!
  warnings.warn("Dropping some unknown unit codes!")
/global/scratch/fsa/fc_jevons/ligon/mirrors/LSMS_Library/lsms_library/countries/Uganda/2018-19/_/../../_/uganda.py:400: UserWarning: Dropping some unknown unit codes!
  warnings.warn("Dropping some unknown unit codes!")
terminate called after throwing an instance of 'std::system_error'
  what():  Resource temporarily unavailable
terminate called after throwing an instance of 'std::system_error'
  what():  Resource temporarily unavailable
__________________ test_subprocess_override_routes_all_layers __________________
[gw11] linux -- Python 3.11.6 /global/scratch/fsa/fc_jevons/ligon/mirrors/LSMS_Library/.venv/bin/python

tmp_path = PosixPath('/tmp/pytest-of-ligon/pytest-14/popen-gw11/test_subprocess_override_route0')

    def test_subprocess_override_routes_all_layers(tmp_path):
        """Env set before import => every countries-tree resolver honors it."""
        ov = tmp_path / "countries"
        ov.mkdir()
        script = textwrap.dedent(
            f"""
            import warnings; warnings.simplefilter("ignore")
            from pathlib import Path
            OV = Path({str(ov)!r})
            from lsms_library.paths import countries_root
            import lsms_library.data_access as da
            import lsms_library.local_tools as lt
            import lsms_library as ll
            assert countries_root() == OV, countries_root()
            assert da._COUNTRIES_DIR == OV, da._COUNTRIES_DIR
            assert lt._COUNTRIES_DIR == OV, lt._COUNTRIES_DIR
            assert ll.Country("Uganda").file_path == OV / "Uganda"
            print("OVERRIDE_OK")
            """
        )
        env = dict(os.environ, LSMS_COUNTRIES_ROOT=str(ov))
        r = subprocess.run(
            [sys.executable, "-c", script], env=env, capture_output=True, text=True
        )
>       assert r.returncode == 0, f"stderr:\n{r.stderr}"
E       AssertionError: stderr:
E         Traceback (most recent call last):
E           File "<string>", line 5, in <module>
E           File "/global/scratch/fsa/fc_jevons/ligon/mirrors/LSMS_Library/lsms_library/__init__.py", line 252, in <module>
E             _refresh_s3()
E           File "/global/scratch/fsa/fc_jevons/ligon/mirrors/LSMS_Library/lsms_library/local_tools.py", line 222, in refresh_s3_credentials
E             if DVCFS.repo.config.get("remote", {}).get(
E                ^^^^^^^^^^
E           File "/global/software/rocky-8.x86_64/python-3.11.6/._python-3.11.6/zxbhdko4pyfbffp3rebfywqstwyqctut/python/3.11.6-gcc/lib/python3.11/functools.py", line 1001, in __get__
E             val = self.func(instance)
E                   ^^^^^^^^^^^^^^^^^^^
E           File "/global/scratch/fsa/fc_jevons/ligon/mirrors/LSMS_Library/.venv/lib/python3.11/site-packages/dvc/fs/dvc.py", line 213, in repo
E             repo = self._make_repo(**self._repo_kwargs)
E                    ^^^^^^^^^^^^^^^^^^^^^^^^^^^^^^^^^^^^
E           File "/global/scratch/fsa/fc_jevons/ligon/mirrors/LSMS_Library/.venv/lib/python3.11/site-packages/dvc/fs/dvc.py", line 290, in _make_repo
E             with Repo.open(uninitialized=True, **kwargs) as repo:
E                  ^^^^^^^^^^^^^^^^^^^^^^^^^^^^^^^^^^^^^^^
E           File "/global/scratch/fsa/fc_jevons/ligon/mirrors/LSMS_Library/.venv/lib/python3.11/site-packages/dvc/repo/__init__.py", line 306, in open
E             return open_repo(url, *args, **kwargs)
E                    ^^^^^^^^^^^^^^^^^^^^^^^^^^^^^^^
E           File "/global/scratch/fsa/fc_jevons/ligon/mirrors/LSMS_Library/.venv/lib/python3.11/site-packages/dvc/repo/open_repo.py", line 56, in open_repo
E             return Repo(url, *args, **kwargs)
E                    ^^^^^^^^^^^^^^^^^^^^^^^^^^
E           File "/global/scratch/fsa/fc_jevons/ligon/mirrors/LSMS_Library/.venv/lib/python3.11/site-packages/dvc/repo/__init__.py", line 199, in __init__
E             self.cache = CacheManager(self)
E                          ^^^^^^^^^^^^^^^^^^
E           File "/global/scratch/fsa/fc_jevons/ligon/mirrors/LSMS_Library/.venv/lib/python3.11/site-packages/dvc/cachemgr.py", line 43, in __init__
E             self.config = config = repo.config["cache"]
E                                    ^^^^^^^^^^^
E           File "/global/scratch/fsa/fc_jevons/ligon/mirrors/LSMS_Library/.venv/lib/python3.11/site-packages/funcy/objects.py", line 25, in __get__
E             res = instance.__dict__[self.fget.__name__] = self.fget(instance)
E                                                           ^^^^^^^^^^^^^^^^^^^
E           File "/global/scratch/fsa/fc_jevons/ligon/mirrors/LSMS_Library/.venv/lib/python3.11/site-packages/dvc/repo/__init__.py", line 247, in config
E             return Config(
E                    ^^^^^^^
E           File "/global/scratch/fsa/fc_jevons/ligon/mirrors/LSMS_Library/.venv/lib/python3.11/site-packages/dvc/config.py", line 105, in __init__
E             self.load(
E           File "/global/scratch/fsa/fc_jevons/ligon/mirrors/LSMS_Library/.venv/lib/python3.11/site-packages/dvc/config.py", line 182, in load
E             conf = self.validate(conf)
E                    ^^^^^^^^^^^^^^^^^^^
E           File "/global/scratch/fsa/fc_jevons/ligon/mirrors/LSMS_Library/.venv/lib/python3.11/site-packages/dvc/config.py", line 390, in validate
E             raise ConfigError(str(exc)) from None
E         dvc.config.ConfigError: config file error: expected 'url' for dictionary value @ data['remote']['ligonresearch_s3']
E         
E       assert 1 == 0
E        +  where 1 = CompletedProcess(args=['/global/scratch/fsa/fc_jevons/ligon/mirrors/LSMS_Library/.venv/bin/python', '-c', '\nimport wa...nfig.ConfigError: config file error: expected \'url\' for dictionary value @ data[\'remote\'][\'ligonresearch_s3\']\n').returncode

tests/test_countries_root_override.py:74: AssertionError
___________ TestHousingVDtype.test_to_parquet_succeeds[Timor-Leste] ____________
[gw20] linux -- Python 3.11.6 /global/scratch/fsa/fc_jevons/ligon/mirrors/LSMS_Library/.venv/bin/python

self = <LSMS_Library.tests.test_table_structure.TestHousingVDtype object at 0x14f327f41a50>
country_name = 'Timor-Leste'
housing_df =                          Walls         Roof  Floor  Rooms
i        t       v                                       
00...    Other       Thatch  Earth    3.0
50035616 2007-08 500     Other       Thatch  Earth    2.0

[6277 rows x 4 columns]

    def test_to_parquet_succeeds(self, country_name, housing_df):
        """housing() result must be serialisable by pyarrow.to_parquet().
    
        Mixed-dtype MultiIndex levels cause ArrowInvalid — this is the exact
        failure reported in GH #142.
        """
        import io
        buf = io.BytesIO()
>       housing_df.to_parquet(buf)  # raises ArrowInvalid if v is mixed
        ^^^^^^^^^^^^^^^^^^^^^^^^^^

tests/test_table_structure.py:375: 
_ _ _ _ _ _ _ _ _ _ _ _ _ _ _ _ _ _ _ _ _ _ _ _ _ _ _ _ _ _ _ _ _ _ _ _ _ _ _ _ 
.venv/lib/python3.11/site-packages/pandas/core/frame.py:3135: in to_parquet
    return to_parquet(
.venv/lib/python3.11/site-packages/pandas/io/parquet.py:490: in to_parquet
    impl.write(
.venv/lib/python3.11/site-packages/pandas/io/parquet.py:191: in write
    table = self.api.Table.from_pandas(df, **from_pandas_kwargs)
            ^^^^^^^^^^^^^^^^^^^^^^^^^^^^^^^^^^^^^^^^^^^^^^^^^^^^
pyarrow/table.pxi:4796: in pyarrow.lib.Table.from_pandas
    ???
.venv/lib/python3.11/site-packages/pyarrow/pandas_compat.py:660: in dataframe_to_arrays
    arrays.append(executor.submit(convert_column, c, f))
                  ^^^^^^^^^^^^^^^^^^^^^^^^^^^^^^^^^^^^^
/global/software/rocky-8.x86_64/python-3.11.6/._python-3.11.6/zxbhdko4pyfbffp3rebfywqstwyqctut/python/3.11.6-gcc/lib/python3.11/concurrent/futures/thread.py:176: in submit
    self._adjust_thread_count()
/global/software/rocky-8.x86_64/python-3.11.6/._python-3.11.6/zxbhdko4pyfbffp3rebfywqstwyqctut/python/3.11.6-gcc/lib/python3.11/concurrent/futures/thread.py:199: in _adjust_thread_count
    t.start()
_ _ _ _ _ _ _ _ _ _ _ _ _ _ _ _ _ _ _ _ _ _ _ _ _ _ _ _ _ _ _ _ _ _ _ _ _ _ _ _ 

self = <Thread(ThreadPoolExecutor-45_1, initial)>

    def start(self):
        """Start the thread's activity.
    
        It must be called at most once per thread object. It arranges for the
        object's run() method to be invoked in a separate thread of control.
    
        This method will raise a RuntimeError if called more than once on the
        same thread object.
    
        """
        if not self._initialized:
            raise RuntimeError("thread.__init__() not called")
    
        if self._started.is_set():
            raise RuntimeError("threads can only be started once")
    
        with _active_limbo_lock:
            _limbo[self] = self
        try:
>           _start_new_thread(self._bootstrap, ())
E           RuntimeError: can't start new thread

/global/software/rocky-8.x86_64/python-3.11.6/._python-3.11.6/zxbhdko4pyfbffp3rebfywqstwyqctut/python/3.11.6-gcc/lib/python3.11/threading.py:964: RuntimeError
=========================== short test summary info ============================
FAILED tests/test_api_discoverability.py::test_dispatcher_kwargs_are_discoverable
FAILED tests/test_label_selection.py::test_feature_default_is_unaffected - As...
FAILED tests/test_cache_hash_invalidation.py::test_legacy_country_parquet_is_trust_once_stamped
FAILED tests/test_label_selection.py::test_end_to_end_cold_then_warm - Assert...
FAILED tests/test_label_selection.py::test_end_to_end_cache_hash_is_unchanged_by_the_selection
FAILED tests/test_label_selection.py::test_end_to_end_error_taxonomy - Assert...
FAILED tests/test_label_selection.py::test_scalar_labels_never_touches_a_column
FAILED tests/test_label_selection.py::test_feature_degrades_for_an_uncurated_country
FAILED tests/test_label_selection.py::test_feature_degrades_for_a_country_with_no_such_column
FAILED tests/test_label_selection.py::test_columnless_country_is_otherwise_healthy
FAILED tests/test_label_selection.py::test_derived_food_path_propagates_the_degrade
FAILED tests/test_label_selection.py::test_dict_j_equals_scalar_on_a_derived_table
FAILED tests/test_own_production_valuation.py::TestCountryApi::test_attrs_survive_a_labels_reaggregation
FAILED tests/test_sample.py::TestSample::test_covers_all_waves[Albania] - Ass...
FAILED tests/test_own_production_valuation.py::TestCountryApi::test_single_country_feature_keeps_the_tallies
FAILED tests/test_countries_root_override.py::test_subprocess_override_routes_all_layers
FAILED tests/test_table_structure.py::TestHousingVDtype::test_to_parquet_succeeds[Timor-Leste]
ERROR tests/test_gh842_uganda_harvest_unit.py::test_2018_19_season_B_serves_a_real_unit
ERROR tests/test_gh842_uganda_harvest_unit.py::test_2018_19_B_unit_vocabulary_is_canonical
ERROR tests/test_gh842_uganda_harvest_unit.py::test_kg_factor_is_carried_for_2018_19
ERROR tests/test_gh842_uganda_harvest_unit.py::test_wired_unit_agrees_with_the_reported_kg_factor
ERROR tests/test_gh637_tanzania_shocks_household_id.py::test_shocks_i_is_not_a_bare_line_index[2008-09]
ERROR tests/test_gh637_tanzania_shocks_household_id.py::test_shocks_i_is_not_a_bare_line_index[2010-11]
ERROR tests/test_gh637_tanzania_shocks_household_id.py::test_shocks_i_is_not_a_bare_line_index[2012-13]
ERROR tests/test_gh637_tanzania_shocks_household_id.py::test_shocks_i_is_not_a_bare_line_index[2014-15]
ERROR tests/test_gh637_tanzania_shocks_household_id.py::test_shocks_per_wave_row_counts
ERROR tests/test_gh637_tanzania_shocks_household_id.py::test_a_replicated_household_reports_each_shock_once
ERROR tests/test_gh637_tanzania_shocks_household_id.py::test_household_ids_are_shared_across_shocks_and_roster
17 failed, 3226 passed, 189 skipped, 3 xfailed, 1 xpassed, 11 errors in 1087.60s (0:18:07)
