wave,basis,preferred,n_sample,n_positive_sample,n_positive_all,sample_prevalence,weighted_prevalence,expenditure_sample,expenditure_outside_sample,food_analysis
1987-88,purchased,Avocado,3147,262,263,0.08325389259612329,0.08325389259612329,22795.0,40.0,True
1987-88,purchased,Banana,3147,811,811,0.257705751509374,0.257705751509374,78780.0,0.0,True
1987-88,purchased,Beef,3147,944,945,0.299968223705116,0.299968223705116,325422.0,100.0,True
1987-88,purchased,Biscuit,3147,527,528,0.1674610740387671,0.1674610740387671,83327.0,200.0,True
1987-88,purchased,Cabbage,3147,55,56,0.01747696218620909,0.01747696218620909,7640.0,40.0,True
1987-88,purchased,Cassava,3147,1141,1142,0.36256752462662856,0.36256752462662856,636542.0,200.0,True
1987-88,purchased,Cassava (dough),3147,530,531,0.16841436288528758,0.16841436288528758,197280.0,300.0,True
1987-88,purchased,Chicken,3147,159,159,0.05052430886558627,0.05052430886558627,120040.0,0.0,True
1987-88,purchased,Coconut (fresh),3147,505,506,0.16047028916428344,0.16047028916428344,33015.0,20.0,True
1987-88,purchased,Cocoyam,3147,477,478,0.1515729265967588,0.1515729265967588,134940.0,100.0,True
1987-88,purchased,Condiment,3147,1079,1081,0.3428662217985383,0.3428662217985383,88660.0,150.0,True
1987-88,purchased,Dove/Pigeon,3147,3,3,0.0009532888465204957,0.0009532888465204957,1200.0,0.0,True
1987-88,purchased,Duck,3147,14,14,0.0044486812837623135,0.0044486812837623135,8130.0,0.0,True
1987-88,purchased,Egg,3147,895,896,0.2843978392119479,0.2843978392119479,188855.0,200.0,True
1987-88,purchased,Eggplant,3147,1507,1508,0.478868763902129,0.478868763902129,224765.0,20.0,True
1987-88,purchased,Emotuo,3147,408,408,0.12964728312678742,0.12964728312678742,87058.0,0.0,True
1987-88,purchased,Fish (fresh and frozen),3147,2856,2858,0.9075309818875119,0.9075309818875119,3095887.0,820.0,True
1987-88,purchased,Gari,3147,1231,1232,0.3911661900222434,0.3911661900222434,330557.0,100.0,True
1987-88,purchased,Groundnut,3147,1667,1669,0.5297108357165554,0.5297108357165554,271958.0,220.0,True
1987-88,purchased,Kenkey/Banku,3147,2192,2194,0.6965363838576422,0.6965363838576422,890390.0,160.0,True
1987-88,purchased,Macaroni/Spaghetti,3147,77,79,0.024467747060692723,0.024467747060692723,11858.0,300.0,True
1987-88,purchased,Maize,3147,857,859,0.2723228471560216,0.2723228471560216,588650.0,250.0,True
1987-88,purchased,Mango,3147,213,214,0.06768350810295519,0.06768350810295519,18925.0,20.0,True
1987-88,purchased,Margarine/Butter,3147,274,275,0.08706704798220527,0.08706704798220527,46815.0,140.0,True
1987-88,purchased,Milk (fresh),3147,932,933,0.296155068319034,0.296155068319034,236843.0,300.0,True
1987-88,purchased,Millet/Sorghum,3147,83,83,0.026374324753733715,0.026374324753733715,101930.0,0.0,True
1987-88,purchased,Mutton,3147,392,392,0.12456307594534477,0.12456307594534477,152640.0,0.0,True
1987-88,purchased,Oil (palm)/Shea Butter,3147,1674,1675,0.5319351763584366,0.5319351763584366,305659.0,300.0,True
1987-88,purchased,Okra,3147,1324,1325,0.42071814426437876,0.42071814426437876,161079.0,180.0,True
1987-88,purchased,Onion,3147,2652,2654,0.8427073403241182,0.8427073403241182,328526.0,250.0,True
1987-88,purchased,Orange,3147,1081,1083,0.3435017476962186,0.3435017476962186,114185.0,600.0,True
1987-88,purchased,Other Alcoholic Beverages,3147,1040,1040,0.3304734667937718,0.3304734667937718,509144.0,0.0,True
1987-88,purchased,Other Beverages,3147,423,423,0.1344137273593899,0.1344137273593899,108175.0,0.0,True
1987-88,purchased,Other Fruits,3147,42,43,0.01334604385128694,0.01334604385128694,7265.0,40.0,True
1987-88,purchased,Other Leafy Vegetables,3147,117,117,0.037178265014299335,0.037178265014299335,11160.0,0.0,True
1987-88,purchased,Other Meat,3147,649,649,0.20622815379726725,0.20622815379726725,264300.0,0.0,True
1987-88,purchased,Other Milk Products,3147,77,77,0.024467747060692723,0.024467747060692723,11985.0,0.0,True
1987-88,purchased,Other Miscellaneous Food Items,3147,127,127,0.04035589450270099,0.04035589450270099,35510.0,0.0,True
1987-88,purchased,Other Oils,3147,809,811,0.2570702256116937,0.2570702256116937,165445.0,350.0,True
1987-88,purchased,Other Poultry,3147,102,103,0.032411820781696854,0.032411820781696854,33240.0,80.0,True
1987-88,purchased,Other Prepared Meals,3147,901,902,0.28630441690498887,0.28630441690498887,262687.0,100.0,True
1987-88,purchased,Other Pulses,3147,584,586,0.1855735621226565,0.1855735621226565,106570.0,300.0,True
1987-88,purchased,Other Vegetables,3147,1709,1711,0.5430568795678424,0.5430568795678424,270965.0,250.0,True
1987-88,purchased,Palm Nut,3147,1215,1216,0.38608198284080075,0.38608198284080075,273381.0,140.0,True
1987-88,purchased,Pawpaw,3147,46,46,0.0146170956466476,0.0146170956466476,2750.0,0.0,True
1987-88,purchased,Pineapple,3147,314,314,0.09977756593581188,0.09977756593581188,34100.0,0.0,True
1987-88,purchased,Plantain,3147,1170,1171,0.37178265014299333,0.37178265014299333,426740.0,100.0,True
1987-88,purchased,Pork,3147,263,263,0.08357165554496346,0.08357165554496346,60940.0,0.0,True
1987-88,purchased,Rice,3147,1669,1671,0.5303463616142358,0.5303463616142358,744685.0,1040.0,True
1987-88,purchased,Salt,3147,2479,2481,0.7877343501747697,0.7877343501747697,123087.0,60.0,True
1987-88,purchased,Soup,3147,1188,1189,0.3775023832221163,0.3775023832221163,468463.0,80.0,True
1987-88,purchased,Spinach,3147,672,672,0.21353670162059105,0.21353670162059105,61075.0,0.0,True
1987-88,purchased,Sugar,3147,2308,2309,0.7333968859231014,0.7333968859231014,429909.0,140.0,True
1987-88,purchased,Sweet Potato,3147,113,113,0.03590721321893867,0.03590721321893867,15510.0,0.0,True
1987-88,purchased,Tomato (fresh),3147,2398,2400,0.7619955513187162,0.7619955513187162,533503.0,240.0,True
1987-88,purchased,Tomato (paste),3147,355,356,0.11280584683825866,0.11280584683825866,52740.0,40.0,True
1987-88,purchased,Wheat Flour,3147,2215,2216,0.703844931680966,0.703844931680966,653994.0,200.0,True
1987-88,purchased,Yam,3147,969,970,0.30791229742612014,0.30791229742612014,399200.0,200.0,True
1987-88,total,Avocado,3147,561,562,0.1782650142993327,0.1782650142993327,56085.18019242204,40.0,True
1987-88,total,Banana,3147,1326,1326,0.4213536701620591,0.4213536701620591,138947.38260435069,0.0,True
1987-88,total,Beef,3147,949,950,0.3015570384493168,0.3015570384493168,330514.63848834415,100.0,True
1987-88,total,Biscuit,3147,527,528,0.1674610740387671,0.1674610740387671,83327.0,200.0,True
1987-88,total,Cabbage,3147,59,60,0.01874801398156975,0.01874801398156975,9002.017543859649,40.0,True
1987-88,total,Cassava,3147,2513,2514,0.7985382904353352,0.7985382904353352,2489789.8425904578,200.0,True
1987-88,total,Cassava (dough),3147,682,683,0.21671433110899269,0.21671433110899269,405289.7478070175,300.0,True
1987-88,total,Chicken,3147,934,934,0.29679059421671433,0.29679059421671433,212329.8530675925,0.0,True
1987-88,total,Coconut (fresh),3147,619,620,0.19669526533206227,0.19669526533206227,54443.466303373025,20.0,True
1987-88,total,Cocoyam,3147,1462,1463,0.4645694312043216,0.4645694312043216,839734.9490174106,100.0,True
1987-88,total,Condiment,3147,1079,1081,0.3428662217985383,0.3428662217985383,88660.0,150.0,True
1987-88,total,Dove/Pigeon,3147,12,12,0.0038131553860819827,0.0038131553860819827,2468.5596452796835,0.0,True
1987-88,total,Duck,3147,65,65,0.02065459167461074,0.02065459167461074,11944.013704256628,0.0,True
1987-88,total,Egg,3147,1296,1297,0.41182078169685415,0.41182078169685415,259711.44276901142,200.0,True
1987-88,total,Eggplant,3147,1889,1890,0.6002542103590721,0.6002542103590721,299743.20175438595,20.0,True
1987-88,total,Emotuo,3147,408,408,0.12964728312678742,0.12964728312678742,87058.0,0.0,True
1987-88,total,Fish (fresh and frozen),3147,2894,2896,0.9196059739434382,0.9196059739434382,3220417.0132179763,820.0,True
1987-88,total,Gari,3147,1373,1374,0.43628852875754687,0.43628852875754687,392915.8922676351,100.0,True
1987-88,total,Groundnut,3147,1976,1978,0.6278995869081665,0.6278995869081665,388581.03043138667,220.0,True
1987-88,total,Kenkey/Banku,3147,2276,2278,0.7232284715602161,0.7232284715602161,964165.7472087011,160.0,True
1987-88,total,Macaroni/Spaghetti,3147,77,79,0.024467747060692723,0.024467747060692723,11858.0,300.0,True
1987-88,total,Maize,3147,2317,2319,0.7362567524626629,0.7362567524626629,2123192.510165556,250.0,True
1987-88,total,Mango,3147,499,500,0.15856371147124246,0.15856371147124246,55405.89449184296,20.0,True
1987-88,total,Margarine/Butter,3147,274,275,0.08706704798220527,0.08706704798220527,46815.0,140.0,True
1987-88,total,Milk (fresh),3147,938,939,0.29806164601207497,0.29806164601207497,243703.0,300.0,True
1987-88,total,Millet/Sorghum,3147,405,405,0.12869399428026693,0.12869399428026693,1336665.1720758632,0.0,True
1987-88,total,Mutton,3147,464,464,0.14744200826183668,0.14744200826183668,167245.48234361055,0.0,True
1987-88,total,Oil (palm)/Shea Butter,3147,1951,1952,0.6199555131871624,0.6199555131871624,384321.4199912319,300.0,True
1987-88,total,Okra,3147,2059,2060,0.6542739116619002,0.6542739116619002,313491.1605140659,180.0,True
1987-88,total,Onion,3147,2710,2712,0.8611375913568478,0.8611375913568478,342722.17682452296,250.0,True
1987-88,total,Orange,3147,1414,1416,0.44931680965999365,0.44931680965999365,209531.34954891336,600.0,True
1987-88,total,Other Alcoholic Beverages,3147,1079,1079,0.3428662217985383,0.3428662217985383,546268.2375362695,0.0,True
1987-88,total,Other Beverages,3147,443,443,0.1407689863361932,0.1407689863361932,112439.5312082044,0.0,True
1987-88,total,Other Fruits,3147,73,74,0.02319669526533206,0.02319669526533206,10101.954848594087,40.0,True
1987-88,total,Other Leafy Vegetables,3147,222,222,0.07054337464251668,0.07054337464251668,23361.99561403509,0.0,True
1987-88,total,Other Meat,3147,951,951,0.30219256434699715,0.30219256434699715,386746.8517403493,0.0,True
1987-88,total,Other Milk Products,3147,78,78,0.02478551000953289,0.02478551000953289,11985.03196347032,0.0,True
1987-88,total,Other Miscellaneous Food Items,3147,148,148,0.047028916428344454,0.047028916428344454,39580.567652006735,0.0,True
1987-88,total,Other Oils,3147,861,863,0.27359389895138225,0.27359389895138225,176067.09219538572,350.0,True
1987-88,total,Other Poultry,3147,201,202,0.06387035271687322,0.06387035271687322,42447.34777133704,80.0,True
1987-88,total,Other Prepared Meals,3147,901,902,0.28630441690498887,0.28630441690498887,262687.0,100.0,True
1987-88,total,Other Pulses,3147,1213,1215,0.3854464569431204,0.3854464569431204,250447.43995514076,300.0,True
1987-88,total,Other Vegetables,3147,2665,2667,0.8468382586590404,0.8468382586590404,500819.9195826368,250.0,True
1987-88,total,Palm Nut,3147,1885,1886,0.5989831585637114,0.5989831585637114,426181.1001194592,140.0,True
1987-88,total,Pawpaw,3147,602,602,0.19129329520177948,0.19129329520177948,34367.17971063319,0.0,True
1987-88,total,Pineapple,3147,560,560,0.17794725135049252,0.17794725135049252,62666.589618502185,0.0,True
1987-88,total,Plantain,3147,2050,2051,0.6514140451223387,0.6514140451223387,1344052.3761615907,100.0,True
1987-88,total,Pork,3147,279,279,0.0886558627264061,0.0886558627264061,63327.488243595086,0.0,True
1987-88,total,Rice,3147,1848,1850,0.5872259294566253,0.5872259294566253,845847.7664623887,1040.0,True
1987-88,total,Salt,3147,2479,2481,0.7877343501747697,0.7877343501747697,123087.0,60.0,True
1987-88,total,Soup,3147,1188,1189,0.3775023832221163,0.3775023832221163,468463.0,80.0,True
1987-88,total,Spinach,3147,1746,1746,0.5548141086749285,0.5548141086749285,214850.3600118176,0.0,True
1987-88,total,Sugar,3147,2337,2338,0.7426120114394662,0.7426120114394662,458176.7855475451,140.0,True
1987-88,total,Sweet Potato,3147,191,191,0.06069272322847156,0.06069272322847156,28265.385477315966,0.0,True
1987-88,total,Tomato (fresh),3147,2729,2731,0.867175087384811,0.867175087384811,663307.5263157894,240.0,True
1987-88,total,Tomato (paste),3147,355,356,0.11280584683825866,0.11280584683825866,52740.0,40.0,True
1987-88,total,Wheat Flour,3147,2215,2216,0.703844931680966,0.703844931680966,653994.0,200.0,True
1987-88,total,Yam,3147,1766,1767,0.5611693676517318,0.5611693676517318,1072998.3050694289,200.0,True
1988-89,purchased,Avocado,3194,278,278,0.08703819661865998,0.08703819661865998,28904.0,0.0,True
1988-89,purchased,Banana,3194,772,774,0.2417031934877896,0.2417031934877896,73680.0,120.0,True
1988-89,purchased,Beef,3194,864,864,0.27050720100187853,0.27050720100187853,372055.0,0.0,True
1988-89,purchased,Biscuit,3194,517,518,0.16186599874765184,0.16186599874765184,74198.0,280.0,True
1988-89,purchased,Cabbage,3194,54,54,0.016906700062617408,0.016906700062617408,10600.0,0.0,True
1988-89,purchased,Cassava,3194,1072,1072,0.33562930494677523,0.33562930494677523,624160.0,0.0,True
1988-89,purchased,Cassava (dough),3194,473,473,0.14809016906700062,0.14809016906700062,135552.0,0.0,True
1988-89,purchased,Chicken,3194,108,108,0.033813400125234816,0.033813400125234816,126310.0,0.0,True
1988-89,purchased,Coconut (fresh),3194,435,436,0.13619286161552913,0.13619286161552913,32005.0,200.0,True
1988-89,purchased,Cocoyam,3194,395,395,0.12366938008766437,0.12366938008766437,128590.0,0.0,True
1988-89,purchased,Condiment,3194,982,983,0.30745147150907953,0.30745147150907953,89861.0,20.0,True
1988-89,purchased,Dove/Pigeon,3194,1,1,0.00031308703819661864,0.00031308703819661864,200.0,0.0,True
1988-89,purchased,Duck,3194,11,11,0.0034439574201628053,0.0034439574201628053,9750.0,0.0,True
1988-89,purchased,Egg,3194,884,884,0.2767689417658109,0.2767689417658109,232638.0,0.0,True
1988-89,purchased,Eggplant,3194,1538,1538,0.4815278647463995,0.4815278647463995,246696.0,0.0,True
1988-89,purchased,Emotuo,3194,382,382,0.11959924859110833,0.11959924859110833,90680.0,0.0,True
1988-89,purchased,Fish (fresh and frozen),3194,2943,2945,0.9214151534126487,0.9214151534126487,4100970.0,300.0,True
1988-89,purchased,Gari,3194,1333,1335,0.4173450219160927,0.4173450219160927,301515.0,140.0,True
1988-89,purchased,Groundnut,3194,1768,1770,0.5535378835316218,0.5535378835316218,306115.0,60.0,True
1988-89,purchased,Kenkey/Banku,3194,2261,2262,0.7078897933625548,0.7078897933625548,839232.0,360.0,True
1988-89,purchased,Macaroni/Spaghetti,3194,54,54,0.016906700062617408,0.016906700062617408,11520.0,0.0,True
1988-89,purchased,Maize,3194,715,715,0.22385723231058235,0.22385723231058235,475850.0,0.0,True
1988-89,purchased,Mango,3194,256,256,0.08015028177833437,0.08015028177833437,31665.0,0.0,True
1988-89,purchased,Margarine/Butter,3194,217,217,0.06793988728866625,0.06793988728866625,42738.0,0.0,True
1988-89,purchased,Milk (fresh),3194,750,751,0.234815278647464,0.234815278647464,258945.0,300.0,True
1988-89,purchased,Millet/Sorghum,3194,80,80,0.025046963055729492,0.025046963055729492,91500.0,0.0,True
1988-89,purchased,Mutton,3194,234,234,0.07326236693800876,0.07326236693800876,104230.0,0.0,True
1988-89,purchased,Oil (palm)/Shea Butter,3194,1715,1716,0.536944270507201,0.536944270507201,365545.0,100.0,True
1988-89,purchased,Okra,3194,1204,1205,0.3769567939887289,0.3769567939887289,169510.0,60.0,True
1988-89,purchased,Onion,3194,2589,2591,0.8105823418910457,0.8105823418910457,357699.0,60.0,True
1988-89,purchased,Orange,3194,970,972,0.3036944270507201,0.3036944270507201,91765.0,210.0,True
1988-89,purchased,Other Alcoholic Beverages,3194,1077,1077,0.3371947401377583,0.3371947401377583,630527.0,0.0,True
1988-89,purchased,Other Beverages,3194,391,392,0.12241703193487789,0.12241703193487789,139431.0,330.0,True
1988-89,purchased,Other Fruits,3194,36,36,0.011271133375078271,0.011271133375078271,7406.0,0.0,True
1988-89,purchased,Other Leafy Vegetables,3194,116,117,0.036318096430807766,0.036318096430807766,13210.0,60.0,True
1988-89,purchased,Other Meat,3194,530,530,0.1659361302442079,0.1659361302442079,266890.0,0.0,True
1988-89,purchased,Other Milk Products,3194,56,56,0.017532874139010644,0.017532874139010644,9760.0,0.0,True
1988-89,purchased,Other Miscellaneous Food Items,3194,266,266,0.08328115216030056,0.08328115216030056,88410.0,0.0,True
1988-89,purchased,Other Oils,3194,787,788,0.24639949906073888,0.24639949906073888,189045.0,100.0,True
1988-89,purchased,Other Poultry,3194,118,118,0.036944270507201005,0.036944270507201005,55850.0,0.0,True
1988-89,purchased,Other Prepared Meals,3194,1146,1148,0.35879774577332496,0.35879774577332496,326590.0,390.0,True
1988-89,purchased,Other Pulses,3194,453,453,0.14182842830306824,0.14182842830306824,87880.0,0.0,True
1988-89,purchased,Other Vegetables,3194,1710,1712,0.5353788353162179,0.5353788353162179,289510.0,60.0,True
1988-89,purchased,Palm Nut,3194,1122,1122,0.3512836568566061,0.3512836568566061,260370.0,0.0,True
1988-89,purchased,Pawpaw,3194,37,37,0.011584220413274891,0.011584220413274891,3310.0,0.0,True
1988-89,purchased,Pineapple,3194,250,250,0.07827175954915466,0.07827175954915466,30565.0,0.0,True
1988-89,purchased,Plantain,3194,1102,1102,0.34502191609267374,0.34502191609267374,447057.0,0.0,True
1988-89,purchased,Pork,3194,268,268,0.08390732623669381,0.08390732623669381,85110.0,0.0,True
1988-89,purchased,Rice,3194,1375,1375,0.43049467752035064,0.43049467752035064,774018.0,0.0,True
1988-89,purchased,Salt,3194,2358,2359,0.7382592360676268,0.7382592360676268,153330.0,20.0,True
1988-89,purchased,Soup,3194,1395,1395,0.436756418284283,0.436756418284283,565870.0,0.0,True
1988-89,purchased,Spinach,3194,514,514,0.16092673763306198,0.16092673763306198,49430.0,0.0,True
1988-89,purchased,Sugar,3194,2450,2452,0.7670632435817157,0.7670632435817157,458881.0,60.0,True
1988-89,purchased,Sweet Potato,3194,107,107,0.0335003130870382,0.0335003130870382,17320.0,0.0,True
1988-89,purchased,Tomato (fresh),3194,2342,2343,0.7332498434564809,0.7332498434564809,629468.0,60.0,True
1988-89,purchased,Tomato (paste),3194,261,261,0.08171571696931747,0.08171571696931747,49615.0,0.0,True
1988-89,purchased,Wheat Flour,3194,2260,2261,0.7075767063243582,0.7075767063243582,729060.0,100.0,True
1988-89,purchased,Yam,3194,899,899,0.28146524733876016,0.28146524733876016,439340.0,0.0,True
1988-89,total,Avocado,3194,641,641,0.20068879148403257,0.20068879148403257,69577.71316991108,0.0,True
1988-89,total,Banana,3194,1345,1347,0.4211020663744521,0.4211020663744521,129916.13159691264,120.0,True
1988-89,total,Beef,3194,869,869,0.2720726361928616,0.2720726361928616,376354.1732756549,0.0,True
1988-89,total,Biscuit,3194,517,518,0.16186599874765184,0.16186599874765184,74198.0,280.0,True
1988-89,total,Cabbage,3194,58,58,0.018159048215403883,0.018159048215403883,11251.666666666668,0.0,True
1988-89,total,Cassava,3194,2529,2529,0.7917971195992486,0.7917971195992486,2108905.0764049515,0.0,True
1988-89,total,Cassava (dough),3194,890,890,0.27864746399499063,0.27864746399499063,364740.50877192983,0.0,True
1988-89,total,Chicken,3194,1016,1016,0.31809643080776456,0.31809643080776456,263275.40961841727,0.0,True
1988-89,total,Coconut (fresh),3194,558,559,0.17470256731371323,0.17470256731371323,46686.64840455747,200.0,True
1988-89,total,Cocoyam,3194,1523,1523,0.4768315591734502,0.4768315591734502,759014.588442582,0.0,True
1988-89,total,Condiment,3194,982,983,0.30745147150907953,0.30745147150907953,89861.0,20.0,True
1988-89,total,Dove/Pigeon,3194,7,7,0.0021916092673763305,0.0021916092673763305,925.2968036529682,0.0,True
1988-89,total,Duck,3194,74,74,0.023168440826549782,0.023168440826549782,17104.50854081595,0.0,True
1988-89,total,Egg,3194,1416,1416,0.443331246086412,0.443331246086412,305614.7868658583,0.0,True
1988-89,total,Eggplant,3194,1963,1963,0.6145898559799624,0.6145898559799624,320394.3771929825,0.0,True
1988-89,total,Emotuo,3194,382,382,0.11959924859110833,0.11959924859110833,90680.0,0.0,True
1988-89,total,Fish (fresh and frozen),3194,2956,2958,0.9254852849092048,0.9254852849092048,4142317.5396539294,300.0,True
1988-89,total,Gari,3194,1482,1484,0.46399499060738886,0.46399499060738886,335804.3395832132,140.0,True
1988-89,total,Groundnut,3194,2044,2046,0.6399499060738886,0.6399499060738886,395860.4649723624,90.0,True
1988-89,total,Kenkey/Banku,3194,2345,2346,0.7341891045710708,0.7341891045710708,875438.1007754225,360.0,True
1988-89,total,Macaroni/Spaghetti,3194,54,54,0.016906700062617408,0.016906700062617408,11520.0,0.0,True
1988-89,total,Maize,3194,2362,2363,0.7395115842204133,0.7395115842204133,1799524.1069814423,758.3333333333334,True
1988-89,total,Mango,3194,627,627,0.1963055729492799,0.1963055729492799,84691.40350877194,0.0,True
1988-89,total,Margarine/Butter,3194,217,217,0.06793988728866625,0.06793988728866625,42738.0,0.0,True
1988-89,total,Milk (fresh),3194,758,759,0.23731997495303694,0.23731997495303694,263826.6666666667,300.0,True
1988-89,total,Millet/Sorghum,3194,365,366,0.1142767689417658,0.1142767689417658,1166569.866017784,816.6666666666666,True
1988-89,total,Mutton,3194,314,314,0.09830932999373826,0.09830932999373826,138133.34690568,0.0,True
1988-89,total,Oil (palm)/Shea Butter,3194,1970,1971,0.6167814652473388,0.6167814652473388,442663.3708988803,100.0,True
1988-89,total,Okra,3194,2054,2055,0.6430807764558547,0.6430807764558547,291230.1531797045,60.0,True
1988-89,total,Onion,3194,2663,2665,0.8337507827175955,0.8337507827175955,373592.4429824562,60.0,True
1988-89,total,Orange,3194,1344,1346,0.4207889793362555,0.4207889793362555,152172.60964912278,210.0,True
1988-89,total,Other Alcoholic Beverages,3194,1106,1106,0.34627426424546026,0.34627426424546026,652065.4591686534,0.0,True
1988-89,total,Other Beverages,3194,393,394,0.12304320601127114,0.12304320601127114,139569.1103100216,330.0,True
1988-89,total,Other Fruits,3194,56,56,0.017532874139010644,0.017532874139010644,8602.381578947368,0.0,True
1988-89,total,Other Leafy Vegetables,3194,263,264,0.08234189104571071,0.08234189104571071,27657.28070175439,60.0,True
1988-89,total,Other Meat,3194,835,836,0.26142767689417656,0.26142767689417656,386774.268337853,18.42105263157895,True
1988-89,total,Other Milk Products,3194,57,57,0.017845961177207263,0.017845961177207263,10486.666666666668,0.0,True
1988-89,total,Other Miscellaneous Food Items,3194,278,278,0.08703819661865998,0.08703819661865998,89666.51315789473,0.0,True
1988-89,total,Other Oils,3194,828,829,0.25923606762680024,0.25923606762680024,195741.12728310504,100.0,True
1988-89,total,Other Poultry,3194,175,175,0.05479023168440827,0.05479023168440827,62698.60090489769,0.0,True
1988-89,total,Other Prepared Meals,3194,1146,1148,0.35879774577332496,0.35879774577332496,326590.0,390.0,True
1988-89,total,Other Pulses,3194,1267,1268,0.3966812773951158,0.3966812773951158,242693.01198814396,55.26315789473685,True
1988-89,total,Other Vegetables,3194,2801,2803,0.8769567939887288,0.8769567939887288,559588.7039473685,60.0,True
1988-89,total,Palm Nut,3194,1771,1771,0.5544771446462117,0.5544771446462117,389975.1687883803,0.0,True
1988-89,total,Pawpaw,3194,546,546,0.17094552285535378,0.17094552285535378,32799.74050939288,0.0,True
1988-89,total,Pineapple,3194,499,499,0.15623043206011272,0.15623043206011272,51285.3139389504,0.0,True
1988-89,total,Plantain,3194,2040,2040,0.638697557921102,0.638697557921102,1162110.2452794071,0.0,True
1988-89,total,Pork,3194,284,284,0.08891671884783969,0.08891671884783969,89135.29130285315,0.0,True
1988-89,total,Rice,3194,1591,1592,0.4981214777708203,0.4981214777708203,893326.6517664023,93.33333333333333,True
1988-89,total,Salt,3194,2358,2359,0.7382592360676268,0.7382592360676268,153330.0,20.0,True
1988-89,total,Soup,3194,1395,1395,0.436756418284283,0.436756418284283,565870.0,0.0,True
1988-89,total,Spinach,3194,1686,1686,0.5278647463994991,0.5278647463994991,184474.4509317173,0.0,True
1988-89,total,Sugar,3194,2465,2467,0.771759549154665,0.771759549154665,471572.19517543854,60.0,True
1988-89,total,Sweet Potato,3194,239,240,0.07482780212899186,0.07482780212899186,35442.56578947368,20.0,True
1988-89,total,Tomato (fresh),3194,2781,2782,0.8706950532247965,0.8706950532247965,749226.4649122807,60.0,True
1988-89,total,Tomato (paste),3194,261,261,0.08171571696931747,0.08171571696931747,49615.0,0.0,True
1988-89,total,Wheat Flour,3194,2260,2261,0.7075767063243582,0.7075767063243582,729060.0,100.0,True
1988-89,total,Yam,3194,1819,1819,0.5695053224796494,0.5695053224796494,1150883.930436796,0.0,True
1991-92,purchased,Akpeteshie,4523,1384,1384,0.3059915984965731,0.3059915984965731,1485375.0,0.0,True
1991-92,purchased,Animals Fat,4523,164,164,0.03625912005306213,0.03625912005306213,78140.0,0.0,True
1991-92,purchased,Avocado,4523,201,201,0.044439531284545655,0.044439531284545655,36810.0,0.0,True
1991-92,purchased,Baby Milk,4523,47,47,0.010391333185938536,0.010391333185938536,49245.0,0.0,True
1991-92,purchased,Bambara Bean,4523,127,127,0.028078708821578598,0.028078708821578598,100700.0,0.0,True
1991-92,purchased,Banana,4523,846,846,0.18704399734689364,0.18704399734689364,180469.0,0.0,True
1991-92,purchased,Banku,4523,1495,1495,0.33053283219102364,0.33053283219102364,984711.0,0.0,True
1991-92,purchased,Beef,4523,2112,2112,0.4669467167808976,0.4669467167808976,3767081.0,0.0,True
1991-92,purchased,Beef (corned),4523,78,78,0.01724519124474906,0.01724519124474906,66790.0,0.0,True
1991-92,purchased,Beer,4523,445,445,0.09838602697324784,0.09838602697324784,918710.0,0.0,True
1991-92,purchased,Biscuit,4523,589,589,0.13022330311739996,0.13022330311739996,194525.0,0.0,True
1991-92,purchased,Bread,4523,3352,3352,0.7411010391333186,0.7411010391333186,2905962.0,0.0,True
1991-92,purchased,Broad Bean,4523,152,152,0.03360601370771612,0.03360601370771612,23860.0,0.0,True
1991-92,purchased,Cabbage,4523,0,0,0.0,0.0,0.0,0.0,True
1991-92,purchased,Canned Fruits,4523,5,5,0.001105460977227504,0.001105460977227504,3180.0,0.0,True
1991-92,purchased,Carrot,4523,0,0,0.0,0.0,0.0,0.0,True
1991-92,purchased,Cassava,4523,1908,1908,0.4218439089100155,0.4218439089100155,2671242.0,0.0,True
1991-92,purchased,Cassava (dough),4523,783,783,0.1731151890338271,0.1731151890338271,503976.0,0.0,True
1991-92,purchased,Chicken,4523,428,428,0.09462745965067433,0.09462745965067433,696078.0,0.0,True
1991-92,purchased,Chocolate,4523,1299,1299,0.2871987618837055,0.2871987618837055,810629.0,0.0,True
1991-92,purchased,Cigarette,4523,593,593,0.13110767189918196,0.13110767189918196,816110.0,0.0,False
1991-92,purchased,Coconut (fresh),4523,0,0,0.0,0.0,0.0,0.0,True
1991-92,purchased,Cocoyam,4523,872,872,0.19279239442847668,0.19279239442847668,608940.0,0.0,True
1991-92,purchased,Cocoyam Leaves,4523,1046,1046,0.2312624364359938,0.2312624364359938,246000.0,0.0,True
1991-92,purchased,Coffee,4523,214,214,0.047313729825337165,0.047313729825337165,51252.0,0.0,True
1991-92,purchased,Confectionary (not frozen),4523,222,222,0.04908246738890117,0.04908246738890117,41960.0,0.0,True
1991-92,purchased,Cooked Rice and Stew,4523,2653,2653,0.5865575945169136,0.5865575945169136,1975411.0,0.0,True
1991-92,purchased,Cowpea,4523,0,0,0.0,0.0,0.0,0.0,True
1991-92,purchased,Crustacean,4523,368,368,0.08136192792394428,0.08136192792394428,158666.0,0.0,True
1991-92,purchased,Dawadawa,4523,495,495,0.10944063674552289,0.10944063674552289,177473.0,0.0,True
1991-92,purchased,Duck,4523,27,27,0.0059694892770285205,0.0059694892770285205,31650.0,0.0,True
1991-92,purchased,Egg,4523,1404,1404,0.3104134424054831,0.3104134424054831,811339.0,0.0,True
1991-92,purchased,Eggplant,4523,2538,2538,0.561131992040681,0.561131992040681,950235.0,0.0,True
1991-92,purchased,Fish (canned),4523,694,694,0.15343798363917754,0.15343798363917754,397974.0,0.0,True
1991-92,purchased,Fish (dried),4523,2389,2389,0.5281892549193014,0.5281892549193014,1125604.0,0.0,True
1991-92,purchased,Fish (fresh and frozen),4523,1411,1411,0.3119610877736016,0.3119610877736016,1589701.0,0.0,True
1991-92,purchased,Fish (fried),4523,2215,2215,0.4897192129117842,0.4897192129117842,1235946.0,0.0,True
1991-92,purchased,Fish (smoked),4523,4100,4100,0.9064780013265532,0.9064780013265532,9360192.0,0.0,True
1991-92,purchased,Gari,4523,2202,2202,0.4868450143709927,0.4868450143709927,972062.0,0.0,True
1991-92,purchased,Gin,4523,177,177,0.03913331859385364,0.03913331859385364,191715.0,0.0,True
1991-92,purchased,Goat,4523,350,350,0.07738226840592527,0.07738226840592527,194730.0,0.0,True
1991-92,purchased,Groundnut,4523,2302,2302,0.5089542339155427,0.5089542339155427,917829.0,0.0,True
1991-92,purchased,Guinea Corn/Sorghum,4523,196,196,0.04333407030731815,0.04333407030731815,418240.0,0.0,True
1991-92,purchased,Guinea Fowl,4523,112,112,0.024762325889896086,0.024762325889896086,115130.0,0.0,True
1991-92,purchased,Honey,4523,83,83,0.018350652221976564,0.018350652221976564,42310.0,0.0,True
1991-92,purchased,Ice Cream,4523,535,535,0.11828432456334291,0.11828432456334291,131210.0,0.0,True
1991-92,purchased,Jam,4523,9,9,0.001989829759009507,0.001989829759009507,3210.0,0.0,True
1991-92,purchased,Juice,4523,18,18,0.003979659518019014,0.003979659518019014,17410.0,0.0,True
1991-92,purchased,Kenkey/Banku,4523,2900,2900,0.6411673667919523,0.6411673667919523,1955873.0,0.0,True
1991-92,purchased,Koko,4523,1761,1761,0.38934335617952687,0.38934335617952687,657220.0,0.0,True
1991-92,purchased,Kola Nut,4523,707,707,0.15631218217996903,0.15631218217996903,302031.0,0.0,True
1991-92,purchased,Konkonte,4523,718,718,0.15874419632986955,0.15874419632986955,607860.0,0.0,True
1991-92,purchased,Maize,4523,1070,1070,0.23656864912668582,0.23656864912668582,2188470.0,0.0,True
1991-92,purchased,Maize (cob),4523,0,0,0.0,0.0,0.0,0.0,True
1991-92,purchased,Maize (flour/dough),4523,918,918,0.20296263541896972,0.20296263541896972,757233.0,0.0,True
1991-92,purchased,Mango,4523,297,297,0.06566438204731373,0.06566438204731373,62669.0,0.0,True
1991-92,purchased,Margarine,4523,335,335,0.07406588547424275,0.07406588547424275,113925.0,0.0,True
1991-92,purchased,Milk (fresh),4523,173,173,0.038248949812071636,0.038248949812071636,52210.0,0.0,True
1991-92,purchased,Milk (powder),4523,183,183,0.04045987176652664,0.04045987176652664,110750.0,0.0,True
1991-92,purchased,"Milk (tinned, condensed/unsweetened)",4523,1222,1222,0.27017466283440195,0.27017466283440195,1277691.0,0.0,True
1991-92,purchased,Millet,4523,200,200,0.044218439089100156,0.044218439089100156,399204.0,0.0,True
1991-92,purchased,Millet (flour),4523,0,0,0.0,0.0,0.0,0.0,True
1991-92,purchased,Mutton,4523,268,268,0.059252708379394205,0.059252708379394205,302760.0,0.0,True
1991-92,purchased,Oil (coconut),4523,858,858,0.18969710369223966,0.18969710369223966,347281.0,0.0,True
1991-92,purchased,Oil (groundnut),4523,521,521,0.11518903382710591,0.11518903382710591,298975.0,0.0,True
1991-92,purchased,Oil (palm kernel),4523,767,767,0.1695777139066991,0.1695777139066991,223400.0,0.0,True
1991-92,purchased,Oil (palm),4523,2602,2602,0.575281892549193,0.575281892549193,1526199.0,0.0,True
1991-92,purchased,Okra,4523,2013,2013,0.44505858943179305,0.44505858943179305,695898.0,0.0,True
1991-92,purchased,Onion,4523,3842,3842,0.849436214901614,0.849436214901614,1560556.0,0.0,True
1991-92,purchased,Orange,4523,1000,1000,0.22109219544550077,0.22109219544550077,222397.0,0.0,True
1991-92,purchased,Other Alcoholic Beverages,4523,48,48,0.010612425381384037,0.010612425381384037,64070.0,0.0,True
1991-92,purchased,Other Beverages,4523,0,0,0.0,0.0,0.0,0.0,True
1991-92,purchased,Other Canned Vegetables,4523,22,22,0.004864028299801017,0.004864028299801017,11680.0,0.0,True
1991-92,purchased,Other Condiments & Spices,4523,1162,1162,0.2569091311076719,0.2569091311076719,288797.0,0.0,True
1991-92,purchased,Other Drinks,4523,81,81,0.017908467831085562,0.017908467831085562,43535.0,0.0,True
1991-92,purchased,Other Eggs,4523,64,64,0.01414990050851205,0.01414990050851205,28660.0,0.0,True
1991-92,purchased,Other Fish,4523,594,594,0.13132876409462746,0.13132876409462746,194955.0,0.0,True
1991-92,purchased,Other Flours,4523,787,787,0.1739995578156091,0.1739995578156091,260403.0,0.0,True
1991-92,purchased,Other Fruits,4523,284,284,0.06279018350652223,0.06279018350652223,64515.0,0.0,True
1991-92,purchased,Other Grains,4523,0,0,0.0,0.0,0.0,0.0,True
1991-92,purchased,Other Meat,4523,891,891,0.1969931461419412,0.1969931461419412,675095.0,0.0,True
1991-92,purchased,Other Milk Products,4523,100,100,0.022109219544550078,0.022109219544550078,54950.0,0.0,True
1991-92,purchased,Other Miscellaneous Food Items,4523,324,324,0.07163387132434225,0.07163387132434225,114310.0,0.0,True
1991-92,purchased,Other Oil Seeds,4523,137,137,0.030289630776033607,0.030289630776033607,83565.0,0.0,True
1991-92,purchased,Other Oils,4523,683,683,0.15100596948927703,0.15100596948927703,508515.0,0.0,True
1991-92,purchased,Other Poultry,4523,75,75,0.016581914658412557,0.016581914658412557,64416.0,0.0,True
1991-92,purchased,Other Prepared Meals,4523,1807,1807,0.3995135971700199,0.3995135971700199,1451621.0,0.0,True
1991-92,purchased,Other Pulses,4523,249,249,0.05505195666592969,0.05505195666592969,64100.0,0.0,True
1991-92,purchased,Other Starchy Products,4523,166,166,0.03670130444395313,0.03670130444395313,78910.0,0.0,True
1991-92,purchased,Other Tobacco,4523,112,112,0.024762325889896086,0.024762325889896086,29270.0,0.0,False
1991-92,purchased,Other Tubers,4523,116,116,0.02564669467167809,0.02564669467167809,30510.0,0.0,True
1991-92,purchased,Other Vegetables,4523,468,468,0.10347114746849437,0.10347114746849437,201040.0,0.0,True
1991-92,purchased,Palm Nut,4523,1708,1708,0.3776254698209153,0.3776254698209153,832752.0,0.0,True
1991-92,purchased,Pawpaw,4523,0,0,0.0,0.0,0.0,0.0,True
1991-92,purchased,Pepper,4523,1670,1670,0.3692239663939863,0.3692239663939863,569901.0,0.0,True
1991-92,purchased,Pepper (dried),4523,2051,2051,0.4534600928587221,0.4534600928587221,987172.0,0.0,True
1991-92,purchased,Pineapple,4523,343,343,0.07583462303780676,0.07583462303780676,89330.0,0.0,True
1991-92,purchased,Pito,4523,504,504,0.1114304665045324,0.1114304665045324,417210.0,0.0,True
1991-92,purchased,Plantain,4523,1932,1932,0.4271501216007075,0.4271501216007075,2131785.0,0.0,True
1991-92,purchased,Pork,4523,362,362,0.08003537475127127,0.08003537475127127,217250.0,0.0,True
1991-92,purchased,Rice,4523,2720,2720,0.6013707716117621,0.6013707716117621,3902092.0,0.0,True
1991-92,purchased,Salt,4523,3717,3717,0.8217996904709264,0.8217996904709264,706490.0,0.0,True
1991-92,purchased,Shea Butter,4523,1457,1457,0.3221313287640946,0.3221313287640946,297165.0,0.0,True
1991-92,purchased,Small Bean,4523,1156,1156,0.2555825779349989,0.2555825779349989,610753.0,0.0,True
1991-92,purchased,Snail,4523,267,267,0.059031616183948706,0.059031616183948706,143420.0,0.0,True
1991-92,purchased,Soft Drinks,4523,656,656,0.14503648021224852,0.14503648021224852,560743.0,0.0,True
1991-92,purchased,Soup,4523,1233,1233,0.27260667698430247,0.27260667698430247,1262176.0,0.0,True
1991-92,purchased,Spinach,4523,0,0,0.0,0.0,0.0,0.0,True
1991-92,purchased,Sugar,4523,3433,3433,0.7590095069644042,0.7590095069644042,1504043.0,0.0,True
1991-92,purchased,Sweet Potato,4523,0,0,0.0,0.0,0.0,0.0,True
1991-92,purchased,Tea,4523,736,736,0.16272385584788857,0.16272385584788857,259857.0,0.0,True
1991-92,purchased,Tobacco,4523,270,270,0.05969489277028521,0.05969489277028521,106735.0,0.0,False
1991-92,purchased,Tomato (fresh),4523,3647,3647,0.8063232367897413,0.8063232367897413,2759089.0,0.0,True
1991-92,purchased,Tomato (paste),4523,456,456,0.10081804112314835,0.10081804112314835,135130.0,0.0,True
1991-92,purchased,Watermelon,4523,0,0,0.0,0.0,0.0,0.0,True
1991-92,purchased,Wine,4523,385,385,0.0851204952465178,0.0851204952465178,170525.0,0.0,True
1991-92,purchased,Yam,4523,1953,1953,0.431793057705063,0.431793057705063,2911020.0,0.0,True
1991-92,total,Akpeteshie,4523,1384,1384,0.3059915984965731,0.3059915984965731,1485375.0,0.0,True
1991-92,total,Animals Fat,4523,164,164,0.03625912005306213,0.03625912005306213,78140.0,0.0,True
1991-92,total,Avocado,4523,201,201,0.044439531284545655,0.044439531284545655,36810.0,0.0,True
1991-92,total,Baby Milk,4523,47,47,0.010391333185938536,0.010391333185938536,49245.0,0.0,True
1991-92,total,Bambara Bean,4523,127,127,0.028078708821578598,0.028078708821578598,100700.0,0.0,True
1991-92,total,Banana,4523,846,846,0.18704399734689364,0.18704399734689364,180469.0,0.0,True
1991-92,total,Banku,4523,1495,1495,0.33053283219102364,0.33053283219102364,984711.0,0.0,True
1991-92,total,Beef,4523,2112,2112,0.4669467167808976,0.4669467167808976,3767081.0,0.0,True
1991-92,total,Beef (corned),4523,78,78,0.01724519124474906,0.01724519124474906,66790.0,0.0,True
1991-92,total,Beer,4523,445,445,0.09838602697324784,0.09838602697324784,918710.0,0.0,True
1991-92,total,Biscuit,4523,589,589,0.13022330311739996,0.13022330311739996,194525.0,0.0,True
1991-92,total,Bread,4523,3352,3352,0.7411010391333186,0.7411010391333186,2905962.0,0.0,True
1991-92,total,Broad Bean,4523,152,152,0.03360601370771612,0.03360601370771612,23860.0,0.0,True
1991-92,total,Cabbage,4523,0,0,0.0,0.0,0.0,0.0,True
1991-92,total,Canned Fruits,4523,5,5,0.001105460977227504,0.001105460977227504,3180.0,0.0,True
1991-92,total,Carrot,4523,0,0,0.0,0.0,0.0,0.0,True
1991-92,total,Cassava,4523,1908,1908,0.4218439089100155,0.4218439089100155,2671242.0,0.0,True
1991-92,total,Cassava (dough),4523,783,783,0.1731151890338271,0.1731151890338271,503976.0,0.0,True
1991-92,total,Chicken,4523,428,428,0.09462745965067433,0.09462745965067433,696078.0,0.0,True
1991-92,total,Chocolate,4523,1299,1299,0.2871987618837055,0.2871987618837055,810629.0,0.0,True
1991-92,total,Cigarette,4523,593,593,0.13110767189918196,0.13110767189918196,816110.0,0.0,False
1991-92,total,Coconut (fresh),4523,0,0,0.0,0.0,0.0,0.0,True
1991-92,total,Cocoyam,4523,872,872,0.19279239442847668,0.19279239442847668,608940.0,0.0,True
1991-92,total,Cocoyam Leaves,4523,1046,1046,0.2312624364359938,0.2312624364359938,246000.0,0.0,True
1991-92,total,Coffee,4523,214,214,0.047313729825337165,0.047313729825337165,51252.0,0.0,True
1991-92,total,Confectionary (not frozen),4523,222,222,0.04908246738890117,0.04908246738890117,41960.0,0.0,True
1991-92,total,Cooked Rice and Stew,4523,2653,2653,0.5865575945169136,0.5865575945169136,1975411.0,0.0,True
1991-92,total,Cowpea,4523,0,0,0.0,0.0,0.0,0.0,True
1991-92,total,Crustacean,4523,368,368,0.08136192792394428,0.08136192792394428,158666.0,0.0,True
1991-92,total,Dawadawa,4523,495,495,0.10944063674552289,0.10944063674552289,177473.0,0.0,True
1991-92,total,Duck,4523,27,27,0.0059694892770285205,0.0059694892770285205,31650.0,0.0,True
1991-92,total,Egg,4523,1404,1404,0.3104134424054831,0.3104134424054831,811339.0,0.0,True
1991-92,total,Eggplant,4523,2538,2538,0.561131992040681,0.561131992040681,950235.0,0.0,True
1991-92,total,Fish (canned),4523,694,694,0.15343798363917754,0.15343798363917754,397974.0,0.0,True
1991-92,total,Fish (dried),4523,2389,2389,0.5281892549193014,0.5281892549193014,1125604.0,0.0,True
1991-92,total,Fish (fresh and frozen),4523,1411,1411,0.3119610877736016,0.3119610877736016,1589701.0,0.0,True
1991-92,total,Fish (fried),4523,2215,2215,0.4897192129117842,0.4897192129117842,1235946.0,0.0,True
1991-92,total,Fish (smoked),4523,4100,4100,0.9064780013265532,0.9064780013265532,9360192.0,0.0,True
1991-92,total,Gari,4523,2202,2202,0.4868450143709927,0.4868450143709927,972062.0,0.0,True
1991-92,total,Gin,4523,177,177,0.03913331859385364,0.03913331859385364,191715.0,0.0,True
1991-92,total,Goat,4523,350,350,0.07738226840592527,0.07738226840592527,194730.0,0.0,True
1991-92,total,Groundnut,4523,2302,2302,0.5089542339155427,0.5089542339155427,917829.0,0.0,True
1991-92,total,Guinea Corn/Sorghum,4523,196,196,0.04333407030731815,0.04333407030731815,418240.0,0.0,True
1991-92,total,Guinea Fowl,4523,112,112,0.024762325889896086,0.024762325889896086,115130.0,0.0,True
1991-92,total,Honey,4523,83,83,0.018350652221976564,0.018350652221976564,42310.0,0.0,True
1991-92,total,Ice Cream,4523,535,535,0.11828432456334291,0.11828432456334291,131210.0,0.0,True
1991-92,total,Jam,4523,9,9,0.001989829759009507,0.001989829759009507,3210.0,0.0,True
1991-92,total,Juice,4523,18,18,0.003979659518019014,0.003979659518019014,17410.0,0.0,True
1991-92,total,Kenkey/Banku,4523,2900,2900,0.6411673667919523,0.6411673667919523,1955873.0,0.0,True
1991-92,total,Koko,4523,1761,1761,0.38934335617952687,0.38934335617952687,657220.0,0.0,True
1991-92,total,Kola Nut,4523,707,707,0.15631218217996903,0.15631218217996903,302031.0,0.0,True
1991-92,total,Konkonte,4523,718,718,0.15874419632986955,0.15874419632986955,607860.0,0.0,True
1991-92,total,Maize,4523,1070,1070,0.23656864912668582,0.23656864912668582,2188470.0,0.0,True
1991-92,total,Maize (cob),4523,0,0,0.0,0.0,0.0,0.0,True
1991-92,total,Maize (flour/dough),4523,918,918,0.20296263541896972,0.20296263541896972,757233.0,0.0,True
1991-92,total,Mango,4523,297,297,0.06566438204731373,0.06566438204731373,62669.0,0.0,True
1991-92,total,Margarine,4523,335,335,0.07406588547424275,0.07406588547424275,113925.0,0.0,True
1991-92,total,Milk (fresh),4523,173,173,0.038248949812071636,0.038248949812071636,52210.0,0.0,True
1991-92,total,Milk (powder),4523,183,183,0.04045987176652664,0.04045987176652664,110750.0,0.0,True
1991-92,total,"Milk (tinned, condensed/unsweetened)",4523,1222,1222,0.27017466283440195,0.27017466283440195,1277691.0,0.0,True
1991-92,total,Millet,4523,200,200,0.044218439089100156,0.044218439089100156,399204.0,0.0,True
1991-92,total,Millet (flour),4523,0,0,0.0,0.0,0.0,0.0,True
1991-92,total,Mutton,4523,268,268,0.059252708379394205,0.059252708379394205,302760.0,0.0,True
1991-92,total,Oil (coconut),4523,858,858,0.18969710369223966,0.18969710369223966,347281.0,0.0,True
1991-92,total,Oil (groundnut),4523,521,521,0.11518903382710591,0.11518903382710591,298975.0,0.0,True
1991-92,total,Oil (palm kernel),4523,767,767,0.1695777139066991,0.1695777139066991,223400.0,0.0,True
1991-92,total,Oil (palm),4523,2602,2602,0.575281892549193,0.575281892549193,1526199.0,0.0,True
1991-92,total,Okra,4523,2013,2013,0.44505858943179305,0.44505858943179305,695898.0,0.0,True
1991-92,total,Onion,4523,3842,3842,0.849436214901614,0.849436214901614,1560556.0,0.0,True
1991-92,total,Orange,4523,1000,1000,0.22109219544550077,0.22109219544550077,222397.0,0.0,True
1991-92,total,Other Alcoholic Beverages,4523,48,48,0.010612425381384037,0.010612425381384037,64070.0,0.0,True
1991-92,total,Other Beverages,4523,0,0,0.0,0.0,0.0,0.0,True
1991-92,total,Other Canned Vegetables,4523,22,22,0.004864028299801017,0.004864028299801017,11680.0,0.0,True
1991-92,total,Other Condiments & Spices,4523,1162,1162,0.2569091311076719,0.2569091311076719,288797.0,0.0,True
1991-92,total,Other Drinks,4523,81,81,0.017908467831085562,0.017908467831085562,43535.0,0.0,True
1991-92,total,Other Eggs,4523,64,64,0.01414990050851205,0.01414990050851205,28660.0,0.0,True
1991-92,total,Other Fish,4523,594,594,0.13132876409462746,0.13132876409462746,194955.0,0.0,True
1991-92,total,Other Flours,4523,787,787,0.1739995578156091,0.1739995578156091,260403.0,0.0,True
1991-92,total,Other Fruits,4523,284,284,0.06279018350652223,0.06279018350652223,64515.0,0.0,True
1991-92,total,Other Grains,4523,0,0,0.0,0.0,0.0,0.0,True
1991-92,total,Other Meat,4523,891,891,0.1969931461419412,0.1969931461419412,675095.0,0.0,True
1991-92,total,Other Milk Products,4523,100,100,0.022109219544550078,0.022109219544550078,54950.0,0.0,True
1991-92,total,Other Miscellaneous Food Items,4523,324,324,0.07163387132434225,0.07163387132434225,114310.0,0.0,True
1991-92,total,Other Oil Seeds,4523,137,137,0.030289630776033607,0.030289630776033607,83565.0,0.0,True
1991-92,total,Other Oils,4523,683,683,0.15100596948927703,0.15100596948927703,508515.0,0.0,True
1991-92,total,Other Poultry,4523,75,75,0.016581914658412557,0.016581914658412557,64416.0,0.0,True
1991-92,total,Other Prepared Meals,4523,1807,1807,0.3995135971700199,0.3995135971700199,1451621.0,0.0,True
1991-92,total,Other Pulses,4523,249,249,0.05505195666592969,0.05505195666592969,64100.0,0.0,True
1991-92,total,Other Starchy Products,4523,166,166,0.03670130444395313,0.03670130444395313,78910.0,0.0,True
1991-92,total,Other Tobacco,4523,112,112,0.024762325889896086,0.024762325889896086,29270.0,0.0,False
1991-92,total,Other Tubers,4523,116,116,0.02564669467167809,0.02564669467167809,30510.0,0.0,True
1991-92,total,Other Vegetables,4523,468,468,0.10347114746849437,0.10347114746849437,201040.0,0.0,True
1991-92,total,Palm Nut,4523,1708,1708,0.3776254698209153,0.3776254698209153,832752.0,0.0,True
1991-92,total,Pawpaw,4523,0,0,0.0,0.0,0.0,0.0,True
1991-92,total,Pepper,4523,1670,1670,0.3692239663939863,0.3692239663939863,569901.0,0.0,True
1991-92,total,Pepper (dried),4523,2051,2051,0.4534600928587221,0.4534600928587221,987172.0,0.0,True
1991-92,total,Pineapple,4523,343,343,0.07583462303780676,0.07583462303780676,89330.0,0.0,True
1991-92,total,Pito,4523,504,504,0.1114304665045324,0.1114304665045324,417210.0,0.0,True
1991-92,total,Plantain,4523,1932,1932,0.4271501216007075,0.4271501216007075,2131785.0,0.0,True
1991-92,total,Pork,4523,362,362,0.08003537475127127,0.08003537475127127,217250.0,0.0,True
1991-92,total,Rice,4523,2720,2720,0.6013707716117621,0.6013707716117621,3902092.0,0.0,True
1991-92,total,Salt,4523,3717,3717,0.8217996904709264,0.8217996904709264,706490.0,0.0,True
1991-92,total,Shea Butter,4523,1457,1457,0.3221313287640946,0.3221313287640946,297165.0,0.0,True
1991-92,total,Small Bean,4523,1156,1156,0.2555825779349989,0.2555825779349989,610753.0,0.0,True
1991-92,total,Snail,4523,267,267,0.059031616183948706,0.059031616183948706,143420.0,0.0,True
1991-92,total,Soft Drinks,4523,656,656,0.14503648021224852,0.14503648021224852,560743.0,0.0,True
1991-92,total,Soup,4523,1233,1233,0.27260667698430247,0.27260667698430247,1262176.0,0.0,True
1991-92,total,Spinach,4523,0,0,0.0,0.0,0.0,0.0,True
1991-92,total,Sugar,4523,3433,3433,0.7590095069644042,0.7590095069644042,1504043.0,0.0,True
1991-92,total,Sweet Potato,4523,0,0,0.0,0.0,0.0,0.0,True
1991-92,total,Tea,4523,736,736,0.16272385584788857,0.16272385584788857,259857.0,0.0,True
1991-92,total,Tobacco,4523,270,270,0.05969489277028521,0.05969489277028521,106735.0,0.0,False
1991-92,total,Tomato (fresh),4523,3647,3647,0.8063232367897413,0.8063232367897413,2759089.0,0.0,True
1991-92,total,Tomato (paste),4523,456,456,0.10081804112314835,0.10081804112314835,135130.0,0.0,True
1991-92,total,Watermelon,4523,0,0,0.0,0.0,0.0,0.0,True
1991-92,total,Wine,4523,385,385,0.0851204952465178,0.0851204952465178,170525.0,0.0,True
1991-92,total,Yam,4523,1953,1953,0.431793057705063,0.431793057705063,2911020.0,0.0,True
1998-99,purchased,Akpeteshie,5998,690,690,0.1150383461153718,0.12426727075323507,4744580.0,0.0,True
1998-99,purchased,Animals Fat,5998,104,104,0.017339113037679228,0.016049442895153886,270204.0,0.0,True
1998-99,purchased,Avocado,5998,636,636,0.10603534511503834,0.1054690348898136,1298242.0,0.0,True
1998-99,purchased,Baby Milk,5998,81,81,0.013504501500500166,0.01151152478079894,610555.0,0.0,True
1998-99,purchased,Bambara Bean,5998,78,78,0.01300433477825942,0.01587112094835322,347200.0,0.0,True
1998-99,purchased,Banana,5998,1208,1208,0.20140046682227408,0.2173483928696815,2462370.0,0.0,True
1998-99,purchased,Banku,5998,805,805,0.1342114038012671,0.13184795314682723,4311521.0,0.0,True
1998-99,purchased,Beef,5998,0,0,0.0,0.0,0.0,0.0,True
1998-99,purchased,Beer,5998,1926,1926,0.3211070356785595,0.35003537479703223,14085271.0,0.0,True
1998-99,purchased,Biscuit,5998,1907,1907,0.3179393131043681,0.3275440407532622,9469609.0,0.0,True
1998-99,purchased,Bread,5998,5142,5142,0.8572857619206402,0.8553643825449845,42687880.0,0.0,True
1998-99,purchased,Broad Bean,5998,282,282,0.04701567189063021,0.050634331915501846,368290.0,0.0,True
1998-99,purchased,Cabbage,5998,0,0,0.0,0.0,0.0,0.0,True
1998-99,purchased,Canned Fruits,5998,62,62,0.010336778926308769,0.010172088279171486,130550.0,0.0,True
1998-99,purchased,Carrot,5998,0,0,0.0,0.0,0.0,0.0,True
1998-99,purchased,Cassava,5998,2812,2812,0.4688229409803268,0.48067605673192537,35590433.0,0.0,True
1998-99,purchased,Cassava (dough),5998,1367,1367,0.2279093031010337,0.2397030233108733,7405536.0,0.0,True
1998-99,purchased,Chicken,5998,1089,1089,0.18156052017339114,0.20623616734325384,13880590.0,0.0,True
1998-99,purchased,Chocolate,5998,195,195,0.03251083694564855,0.03236409842055938,346910.0,0.0,True
1998-99,purchased,Cigarette,5998,114,114,0.019006335445148383,0.021435747806192215,643766.0,0.0,False
1998-99,purchased,Coconut (fresh),5998,0,0,0.0,0.0,0.0,0.0,True
1998-99,purchased,Cocoyam,5998,1002,1002,0.16705568522840947,0.16303541810915714,4704720.0,0.0,True
1998-99,purchased,Coffee,5998,2573,2573,0.4289763254418139,0.44458842835766993,4852015.0,0.0,True
1998-99,purchased,Confectionary (not frozen),5998,166,166,0.027675891963987995,0.02978202555458833,563450.0,0.0,True
1998-99,purchased,Cooked Rice and Stew,5998,227,227,0.03784594864954985,0.034000941688171415,782459.0,0.0,True
1998-99,purchased,Cowpea,5998,0,0,0.0,0.0,0.0,0.0,True
1998-99,purchased,Crustacean,5998,5070,5070,0.8452817605868623,0.838755077304935,112103965.0,0.0,True
1998-99,purchased,Dawadawa,5998,755,755,0.12587529176392132,0.13979941233609516,1816790.0,0.0,True
1998-99,purchased,Duck,5998,53,53,0.008836278759586529,0.01032818931687162,470247.0,0.0,True
1998-99,purchased,Egg,5998,2766,2766,0.46115371790596865,0.47723710135035363,21787493.0,0.0,True
1998-99,purchased,Eggplant,5998,0,0,0.0,0.0,0.0,0.0,True
1998-99,purchased,Fish (canned),5998,4129,4129,0.6883961320440146,0.6784154977701271,29438315.0,0.0,True
1998-99,purchased,Fish (dried),5998,2964,2964,0.49416472157385793,0.49176489439974325,26916731.0,0.0,True
1998-99,purchased,Fish (fresh and frozen),5998,614,614,0.1023674558186062,0.10465703598348688,1991798.0,0.0,True
1998-99,purchased,Fish (fried),5998,3706,3706,0.6178726242080693,0.6037450028068816,20534211.0,0.0,True
1998-99,purchased,Fish (smoked),5998,176,176,0.029343114371457153,0.022692009626415988,2507404.0,0.0,True
1998-99,purchased,Gari,5998,3654,3654,0.6092030676892297,0.613072742633886,14080473.0,0.0,True
1998-99,purchased,Gin,5998,1687,1687,0.2812604201400467,0.280057548952804,15452380.0,0.0,True
1998-99,purchased,Goat,5998,0,0,0.0,0.0,0.0,0.0,True
1998-99,purchased,Groundnut,5998,3952,3952,0.6588862954318107,0.6510775696007498,15145293.0,0.0,True
1998-99,purchased,Guinea Corn/Sorghum,5998,175,175,0.029176392130710237,0.03337721043215477,1625070.0,0.0,True
1998-99,purchased,Guinea Fowl,5998,99,99,0.016505501833944648,0.01661668514676505,581646.0,0.0,True
1998-99,purchased,Honey,5998,26,26,0.004334778259419807,0.004076245606512565,101511.0,0.0,True
1998-99,purchased,Ice Cream,5998,335,335,0.05585195065021674,0.05993876312432532,465290.0,0.0,True
1998-99,purchased,Jam,5998,3097,3097,0.5163387795931977,0.5128493478840911,22321430.0,0.0,True
1998-99,purchased,Juice,5998,171,171,0.028509503167722574,0.03142526684286034,733900.0,0.0,True
1998-99,purchased,Kenkey/Banku,5998,2710,2710,0.4518172724241414,0.4443295638088377,19209390.0,0.0,True
1998-99,purchased,Koko,5998,4628,4628,0.7715905301767255,0.7607691552815228,26171119.0,0.0,True
1998-99,purchased,Kola Nut,5998,680,680,0.11337112370790263,0.12092838466604475,2701300.0,0.0,True
1998-99,purchased,Konkonte,5998,901,901,0.150216738912971,0.1589310387209081,6067890.0,0.0,True
1998-99,purchased,Maize,5998,1868,1868,0.3114371457152384,0.33125647297527233,23903763.0,0.0,True
1998-99,purchased,Maize (cob),5998,0,0,0.0,0.0,0.0,0.0,True
1998-99,purchased,Maize (flour/dough),5998,1589,1589,0.26492164054684897,0.27280942229312666,9949442.0,0.0,True
1998-99,purchased,Mango,5998,527,527,0.08786262087362454,0.0834618099286008,741240.0,0.0,True
1998-99,purchased,Margarine,5998,482,482,0.08036012004001333,0.0843459874421088,900140.0,0.0,True
1998-99,purchased,Milk (fresh),5998,178,178,0.029676558852950983,0.03190492780447264,430510.0,0.0,True
1998-99,purchased,Milk (powder),5998,913,913,0.152217405801934,0.15228582189374446,2413692.0,0.0,True
1998-99,purchased,"Milk (tinned, condensed/unsweetened)",5998,1856,1856,0.30943647882627545,0.3238678726209924,14625740.0,0.0,True
1998-99,purchased,Millet,5998,210,210,0.03501167055685228,0.04407297472008622,2389150.0,0.0,True
1998-99,purchased,Millet (flour),5998,0,0,0.0,0.0,0.0,0.0,True
1998-99,purchased,Mutton,5998,0,0,0.0,0.0,0.0,0.0,True
1998-99,purchased,Oil (coconut),5998,1460,1460,0.24341447149049683,0.23666283306338295,4375240.0,0.0,True
1998-99,purchased,Oil (groundnut),5998,575,575,0.09586528842947649,0.10880755480099182,2105550.0,0.0,True
1998-99,purchased,Oil (palm kernel),5998,1098,1098,0.18306102034011337,0.17171263728758274,2674010.0,0.0,True
1998-99,purchased,Oil (palm),5998,4112,4112,0.6855618539513171,0.676776198017323,19513726.0,0.0,True
1998-99,purchased,Okra,5998,0,0,0.0,0.0,0.0,0.0,True
1998-99,purchased,Onion,5998,0,0,0.0,0.0,0.0,0.0,True
1998-99,purchased,Orange,5998,1916,1916,0.3194398132710904,0.33890634517412616,4033259.0,0.0,True
1998-99,purchased,Other Alcoholic Beverages,5998,288,288,0.0480160053351117,0.05101568207193243,2256393.0,0.0,True
1998-99,purchased,Other Beverages,5998,0,0,0.0,0.0,0.0,0.0,True
1998-99,purchased,Other Condiments & Spices,5998,5075,5075,0.8461153717905968,0.8489862325690357,7749123.0,0.0,True
1998-99,purchased,Other Drinks,5998,834,834,0.13904634878292765,0.1445918700620521,2440683.0,0.0,True
1998-99,purchased,Other Eggs,5998,117,117,0.01950650216738913,0.021397222728159738,313870.0,0.0,True
1998-99,purchased,Other Fish,5998,985,985,0.1642214071357119,0.1735682400668517,4454526.0,0.0,True
1998-99,purchased,Other Flours,5998,1378,1378,0.22974324774924976,0.23285073729915218,2876711.0,0.0,True
1998-99,purchased,Other Fruits,5998,606,606,0.10103367789263087,0.10483043397227258,1052680.0,0.0,True
1998-99,purchased,Other Grains,5998,0,0,0.0,0.0,0.0,0.0,True
1998-99,purchased,Other Meat,5998,0,0,0.0,0.0,0.0,0.0,True
1998-99,purchased,Other Milk Products,5998,231,231,0.038512837612537515,0.037245698762727285,1472540.0,0.0,True
1998-99,purchased,Other Miscellaneous Food Items,5998,1152,1152,0.1920640213404468,0.20035781254118226,2869840.0,0.0,True
1998-99,purchased,Other Oil Seeds,5998,143,143,0.023841280426808935,0.022548259681115363,157810.0,0.0,True
1998-99,purchased,Other Oils,5998,1833,1833,0.3056018672890964,0.31323606225594375,11078540.0,0.0,True
1998-99,purchased,Other Poultry,5998,82,82,0.013671223741247083,0.012066037997228088,423100.0,0.0,True
1998-99,purchased,Other Prepared Meals,5998,3406,3406,0.5678559519839946,0.5800636538333045,9867801.0,0.0,True
1998-99,purchased,Other Pulses,5998,450,450,0.07502500833611203,0.08061203123487513,999873.0,0.0,True
1998-99,purchased,Other Starchy Products,5998,300,300,0.050016672224074694,0.04920639446928258,913580.0,0.0,True
1998-99,purchased,Other Tobacco,5998,119,119,0.019839946648882962,0.021311426840002312,510351.0,0.0,False
1998-99,purchased,Other Tubers,5998,368,368,0.06135378459486496,0.06472780674587317,973510.0,0.0,True
1998-99,purchased,Other Vegetables,5998,0,0,0.0,0.0,0.0,0.0,True
1998-99,purchased,Palm Nut,5998,2717,2717,0.4529843281093698,0.44138870853573653,10824002.0,0.0,True
1998-99,purchased,Pawpaw,5998,0,0,0.0,0.0,0.0,0.0,True
1998-99,purchased,Pepper,5998,0,0,0.0,0.0,0.0,0.0,True
1998-99,purchased,Pepper (dried),5998,5271,5271,0.8787929309769923,0.8841844174304565,24507735.0,0.0,True
1998-99,purchased,Pineapple,5998,726,726,0.12104034678226075,0.12351012095472001,1467920.0,0.0,True
1998-99,purchased,Pito,5998,314,314,0.05235078359453151,0.04951663575502337,1140210.0,0.0,True
1998-99,purchased,Plantain,5998,2687,2687,0.4479826608869623,0.4479777435872433,25855211.0,0.0,True
1998-99,purchased,Pork,5998,0,0,0.0,0.0,0.0,0.0,True
1998-99,purchased,Rice,5998,4628,4628,0.7715905301767255,0.7716238806957078,63093677.0,0.0,True
1998-99,purchased,Salt,5998,3112,3112,0.5188396132044014,0.520996848363505,10516300.0,0.0,True
1998-99,purchased,Shea Butter,5998,2011,2011,0.33527842614204734,0.33344811783793005,2821250.0,0.0,True
1998-99,purchased,Small Bean,5998,2047,2047,0.34128042680893633,0.3521087462770912,8186375.0,0.0,True
1998-99,purchased,Soft Drinks,5998,474,474,0.07902634211403801,0.07110574552631715,1365451.0,0.0,True
1998-99,purchased,Soup,5998,3779,3779,0.6300433477825942,0.6557563092684601,40620945.0,0.0,True
1998-99,purchased,Spinach,5998,0,0,0.0,0.0,0.0,0.0,True
1998-99,purchased,Sugar,5998,1305,1305,0.21757252417472492,0.21167280049350443,4399000.0,0.0,True
1998-99,purchased,Sweet Potato,5998,0,0,0.0,0.0,0.0,0.0,True
1998-99,purchased,Tea,5998,2441,2441,0.4069689896632211,0.41099550962320286,10534991.0,0.0,True
1998-99,purchased,Tobacco,5998,455,455,0.07585861953984661,0.07671982463924665,6017070.0,0.0,False
1998-99,purchased,Tomato (fresh),5998,0,0,0.0,0.0,0.0,0.0,True
1998-99,purchased,Watermelon,5998,0,0,0.0,0.0,0.0,0.0,True
1998-99,purchased,Wine,5998,711,711,0.11853951317105701,0.12442229013223899,8238027.0,0.0,True
1998-99,purchased,Yam,5998,3086,3086,0.5145048349449817,0.5265120208588596,32884960.0,0.0,True
1998-99,total,Akpeteshie,5998,690,690,0.1150383461153718,0.12426727075323507,4744580.0,0.0,True
1998-99,total,Animals Fat,5998,104,104,0.017339113037679228,0.016049442895153886,270204.0,0.0,True
1998-99,total,Avocado,5998,930,930,0.15505168389463153,0.15286528997029264,2689372.0,0.0,True
1998-99,total,Baby Milk,5998,81,81,0.013504501500500166,0.01151152478079894,610555.0,0.0,True
1998-99,total,Bambara Bean,5998,202,202,0.033677892630876956,0.03736296680277134,1651030.0,0.0,True
1998-99,total,Banana,5998,1482,1482,0.24708236078692897,0.25564205914507243,4093300.0,0.0,True
1998-99,total,Banku,5998,805,805,0.1342114038012671,0.13184795314682723,4311521.0,0.0,True
1998-99,total,Beef,5998,4,4,0.0006668889629876625,0.000535028179306523,16664.0,0.0,True
1998-99,total,Beer,5998,1926,1926,0.3211070356785595,0.35003537479703223,14085271.0,0.0,True
1998-99,total,Biscuit,5998,1907,1907,0.3179393131043681,0.3275440407532622,9469609.0,0.0,True
1998-99,total,Bread,5998,5142,5142,0.8572857619206402,0.8553643825449845,42687880.0,0.0,True
1998-99,total,Broad Bean,5998,282,282,0.04701567189063021,0.050634331915501846,368290.0,0.0,True
1998-99,total,Cabbage,5998,11,11,0.001833944648216072,0.001436876607389307,48175.0,0.0,True
1998-99,total,Canned Fruits,5998,62,62,0.010336778926308769,0.010172088279171486,130550.0,0.0,True
1998-99,total,Carrot,5998,7,7,0.0011670556852284096,0.0007909535859748048,25875.0,0.0,True
1998-99,total,Cassava,5998,4505,4505,0.7510836945648549,0.7269161132091966,117641121.0,0.0,True
1998-99,total,Cassava (dough),5998,1894,1894,0.3157719239746582,0.32043849360953736,17638156.0,0.0,True
1998-99,total,Chicken,5998,1706,1706,0.28442814271423805,0.3032909466667322,24538194.03,0.0,True
1998-99,total,Chocolate,5998,195,195,0.03251083694564855,0.03236409842055938,346910.0,0.0,True
1998-99,total,Cigarette,5998,114,114,0.019006335445148383,0.021435747806192215,643766.0,0.0,False
1998-99,total,Coconut (fresh),5998,180,180,0.030010003334444816,0.028420070526678966,585460.0,0.0,True
1998-99,total,Cocoyam,5998,1969,1969,0.32827609203067687,0.3098437910577229,32759969.0,0.0,True
1998-99,total,Coffee,5998,2573,2573,0.4289763254418139,0.44458842835766993,4852015.0,0.0,True
1998-99,total,Confectionary (not frozen),5998,166,166,0.027675891963987995,0.02978202555458833,563450.0,0.0,True
1998-99,total,Cooked Rice and Stew,5998,227,227,0.03784594864954985,0.034000941688171415,782459.0,0.0,True
1998-99,total,Cowpea,5998,183,183,0.030510170056685562,0.03296690695263669,1914112.0,0.0,True
1998-99,total,Crustacean,5998,5070,5070,0.8452817605868623,0.838755077304935,112103965.0,0.0,True
1998-99,total,Dawadawa,5998,755,755,0.12587529176392132,0.13979941233609516,1816790.0,0.0,True
1998-99,total,Duck,5998,53,53,0.008836278759586529,0.01032818931687162,470247.0,0.0,True
1998-99,total,Egg,5998,3338,3338,0.5565188396132044,0.5649830599194585,25567943.0,0.0,True
1998-99,total,Eggplant,5998,554,554,0.09236412137379127,0.07980144368817457,2875550.75,0.0,True
1998-99,total,Fish (canned),5998,4129,4129,0.6883961320440146,0.6784154977701271,29438315.0,0.0,True
1998-99,total,Fish (dried),5998,2964,2964,0.49416472157385793,0.49176489439974325,26916731.0,0.0,True
1998-99,total,Fish (fresh and frozen),5998,728,728,0.12137379126375458,0.12577964538093256,10498013.0,0.0,True
1998-99,total,Fish (fried),5998,3706,3706,0.6178726242080693,0.6037450028068816,20534211.0,0.0,True
1998-99,total,Fish (smoked),5998,176,176,0.029343114371457153,0.022692009626415988,2507404.0,0.0,True
1998-99,total,Gari,5998,3784,3784,0.6308769589863288,0.6367866130295488,15541705.0,0.0,True
1998-99,total,Gin,5998,1687,1687,0.2812604201400467,0.280057548952804,15452380.0,0.0,True
1998-99,total,Goat,5998,68,68,0.011337112370790263,0.011202566362454782,4176470.25,0.0,True
1998-99,total,Groundnut,5998,4407,4407,0.7347449149716572,0.7285140856557554,23631944.5,0.0,True
1998-99,total,Guinea Corn/Sorghum,5998,434,434,0.07235745248416138,0.07625200436983615,7357120.0,0.0,True
1998-99,total,Guinea Fowl,5998,99,99,0.016505501833944648,0.01661668514676505,581646.0,0.0,True
1998-99,total,Honey,5998,26,26,0.004334778259419807,0.004076245606512565,101511.0,0.0,True
1998-99,total,Ice Cream,5998,335,335,0.05585195065021674,0.05993876312432532,465290.0,0.0,True
1998-99,total,Jam,5998,3097,3097,0.5163387795931977,0.5128493478840911,22321430.0,0.0,True
1998-99,total,Juice,5998,171,171,0.028509503167722574,0.03142526684286034,733900.0,0.0,True
1998-99,total,Kenkey/Banku,5998,2710,2710,0.4518172724241414,0.4443295638088377,19209390.0,0.0,True
1998-99,total,Koko,5998,4628,4628,0.7715905301767255,0.7607691552815228,26171119.0,0.0,True
1998-99,total,Kola Nut,5998,680,680,0.11337112370790263,0.12092838466604475,2701300.0,0.0,True
1998-99,total,Konkonte,5998,901,901,0.150216738912971,0.1589310387209081,6067890.0,0.0,True
1998-99,total,Maize,5998,1868,1868,0.3114371457152384,0.33125647297527233,23903763.0,0.0,True
1998-99,total,Maize (cob),5998,894,894,0.1490496832277426,0.1414834244558388,9354345.0,0.0,True
1998-99,total,Maize (flour/dough),5998,3403,3403,0.5673557852617539,0.5678701315065474,40180847.0,0.0,True
1998-99,total,Mango,5998,662,662,0.11037012337445816,0.11139505078889309,1830252.0,0.0,True
1998-99,total,Margarine,5998,482,482,0.08036012004001333,0.0843459874421088,900140.0,0.0,True
1998-99,total,Milk (fresh),5998,189,189,0.031510503501167055,0.03398849996732834,481410.0,0.0,True
1998-99,total,Milk (powder),5998,913,913,0.152217405801934,0.15228582189374446,2413692.0,0.0,True
1998-99,total,"Milk (tinned, condensed/unsweetened)",5998,1856,1856,0.30943647882627545,0.3238678726209924,14625740.0,0.0,True
1998-99,total,Millet,5998,300,300,0.050016672224074694,0.06075605623227035,3879005.0,0.0,True
1998-99,total,Millet (flour),5998,267,267,0.044514838279426476,0.04780277888455429,5683280.8,0.0,True
1998-99,total,Mutton,5998,17,17,0.0028342780926975657,0.0028289946924023195,1241317.5,0.0,True
1998-99,total,Oil (coconut),5998,1485,1485,0.24758252750916973,0.2405565309991014,4739880.0,0.0,True
1998-99,total,Oil (groundnut),5998,575,575,0.09586528842947649,0.10880755480099182,2105550.0,0.0,True
1998-99,total,Oil (palm kernel),5998,1411,1411,0.23524508169389796,0.21797407762099819,5033618.0,0.0,True
1998-99,total,Oil (palm),5998,4112,4112,0.6855618539513171,0.676776198017323,19513726.0,0.0,True
1998-99,total,Okra,5998,1261,1261,0.21023674558186062,0.20430343548581398,6453109.0,0.0,True
1998-99,total,Onion,5998,217,217,0.03617872624208069,0.030861754989310656,1166223.0,0.0,True
1998-99,total,Orange,5998,2218,2218,0.3697899299766589,0.3796324556831411,6445879.0,0.0,True
1998-99,total,Other Alcoholic Beverages,5998,408,408,0.06802267422474158,0.0725269752228874,3526468.0,0.0,True
1998-99,total,Other Beverages,5998,2,2,0.00033344448149383126,0.0004500435214388439,3600.0,0.0,True
1998-99,total,Other Condiments & Spices,5998,5075,5075,0.8461153717905968,0.8489862325690357,7749123.0,0.0,True
1998-99,total,Other Drinks,5998,834,834,0.13904634878292765,0.1445918700620521,2440683.0,0.0,True
1998-99,total,Other Eggs,5998,117,117,0.01950650216738913,0.021397222728159738,313870.0,0.0,True
1998-99,total,Other Fish,5998,985,985,0.1642214071357119,0.1735682400668517,4454526.0,0.0,True
1998-99,total,Other Flours,5998,1380,1380,0.2300766922307436,0.23312873387455788,2891711.0,0.0,True
1998-99,total,Other Fruits,5998,654,654,0.10903634544848283,0.11242749033168278,2007760.0,0.0,True
1998-99,total,Other Grains,5998,2,2,0.00033344448149383126,0.00042215077196919147,2400.0,0.0,True
1998-99,total,Other Meat,5998,239,239,0.03984661553851284,0.03561439533615117,3894647.16,0.0,True
1998-99,total,Other Milk Products,5998,231,231,0.038512837612537515,0.037245698762727285,1472540.0,0.0,True
1998-99,total,Other Miscellaneous Food Items,5998,1152,1152,0.1920640213404468,0.20035781254118226,2869840.0,0.0,True
1998-99,total,Other Oil Seeds,5998,175,175,0.029176392130710237,0.026919271621873353,264995.0,0.0,True
1998-99,total,Other Oils,5998,1833,1833,0.3056018672890964,0.31323606225594375,11078540.0,0.0,True
1998-99,total,Other Poultry,5998,228,228,0.038012670890296765,0.03735732932977366,1947456.15,0.0,True
1998-99,total,Other Prepared Meals,5998,3406,3406,0.5678559519839946,0.5800636538333045,9867801.0,0.0,True
1998-99,total,Other Pulses,5998,604,604,0.10070023341113704,0.10223831588992607,2608460.0,0.0,True
1998-99,total,Other Starchy Products,5998,300,300,0.050016672224074694,0.04920639446928258,913580.0,0.0,True
1998-99,total,Other Tobacco,5998,119,119,0.019839946648882962,0.021311426840002312,510351.0,0.0,False
1998-99,total,Other Tubers,5998,451,451,0.07519173057685895,0.07797632660138729,2684520.0,0.0,True
1998-99,total,Other Vegetables,5998,544,544,0.0906968989663221,0.07359079451959301,1014656.0,0.0,True
1998-99,total,Palm Nut,5998,3539,3539,0.5900300100033344,0.5677469186714231,19638669.0,0.0,True
1998-99,total,Pawpaw,5998,664,664,0.11070356785595198,0.09283856238713259,1164930.0,0.0,True
1998-99,total,Pepper,5998,2404,2404,0.4008002667555852,0.3760833239457091,10013176.5,0.0,True
1998-99,total,Pepper (dried),5998,5271,5271,0.8787929309769923,0.8841844174304565,24507735.0,0.0,True
1998-99,total,Pineapple,5998,987,987,0.16455485161720573,0.15781835990139997,2754570.0,0.0,True
1998-99,total,Pito,5998,314,314,0.05235078359453151,0.04951663575502337,1140210.0,0.0,True
1998-99,total,Plantain,5998,3640,3640,0.6068689563187729,0.588176151866938,68178706.0,0.0,True
1998-99,total,Pork,5998,18,18,0.0030010003334444814,0.0036995207923568594,24591490.0,0.0,True
1998-99,total,Rice,5998,4833,4833,0.8057685895298433,0.8039068007268436,68572207.0,0.0,True
1998-99,total,Salt,5998,3112,3112,0.5188396132044014,0.520996848363505,10516300.0,0.0,True
1998-99,total,Shea Butter,5998,2054,2054,0.34244748249416473,0.34470940743008865,3345450.0,0.0,True
1998-99,total,Small Bean,5998,2047,2047,0.34128042680893633,0.3521087462770912,8186375.0,0.0,True
1998-99,total,Soft Drinks,5998,474,474,0.07902634211403801,0.07110574552631715,1365451.0,0.0,True
1998-99,total,Soup,5998,3779,3779,0.6300433477825942,0.6557563092684601,40620945.0,0.0,True
1998-99,total,Spinach,5998,1583,1583,0.26392130710236744,0.22308243033193462,3645805.0,0.0,True
1998-99,total,Sugar,5998,1305,1305,0.21757252417472492,0.21167280049350443,4399000.0,0.0,True
1998-99,total,Sweet Potato,5998,68,68,0.011337112370790263,0.011099081209478657,1040175.0,0.0,True
1998-99,total,Tea,5998,2441,2441,0.4069689896632211,0.41099550962320286,10534991.0,0.0,True
1998-99,total,Tobacco,5998,455,455,0.07585861953984661,0.07671982463924665,6017070.0,0.0,False
1998-99,total,Tomato (fresh),5998,880,880,0.14671557185728576,0.1287146259051249,5681783.0,0.0,True
1998-99,total,Watermelon,5998,4,4,0.0006668889629876625,0.0004195710894383392,21400.0,0.0,True
1998-99,total,Wine,5998,711,711,0.11853951317105701,0.12442229013223899,8238027.0,0.0,True
1998-99,total,Yam,5998,3813,3813,0.6357119039679894,0.6452571747158022,68897272.0,0.0,True
2005-06,purchased,Akpeteshie,8687,1747,1747,0.2011050995740762,0.18995573709699262,61861298.0,0.0,True
2005-06,purchased,Avocado,8687,604,604,0.06952918153562795,0.07690690565410249,4421761.0,0.0,True
2005-06,purchased,Bambara Bean,8687,0,0,0.0,0.0,0.0,0.0,True
2005-06,purchased,Banana,8687,3086,3086,0.3552434672499137,0.38283081464176943,33121268.0,0.0,True
2005-06,purchased,Bean,8687,2494,2494,0.287095660181881,0.2943812081677897,36042598.0,0.0,True
2005-06,purchased,Beef,8687,4126,4126,0.47496258777483596,0.4973080735236928,191634510.0,0.0,True
2005-06,purchased,Beef (corned),8687,508,508,0.05847818579486589,0.06323340786781792,13622415.0,0.0,True
2005-06,purchased,Beer,8687,844,844,0.09715667088753309,0.10076171962441169,44864615.0,0.0,True
2005-06,purchased,Biscuit,8687,3131,3131,0.36042362150339585,0.3903387061922823,40462474.0,0.0,True
2005-06,purchased,Bread,8687,3588,3588,0.4130309658109819,0.460439072575725,169139653.0,0.0,True
2005-06,purchased,Cabbage,8687,0,0,0.0,0.0,0.0,0.0,True
2005-06,purchased,Canned Fruits,8687,220,220,0.025325198572579716,0.02766453101174066,4465060.0,0.0,True
2005-06,purchased,Carrot,8687,776,776,0.08932888223782663,0.09421706700673112,6256092.0,0.0,True
2005-06,purchased,Cassava,8687,3335,3335,0.3839069874525153,0.42142829128551357,106861181.0,0.0,True
2005-06,purchased,Cassava (dough),8687,2514,2514,0.2893979509612064,0.3084026326751402,44989812.0,0.0,True
2005-06,purchased,Cerelac (Baby food),8687,257,257,0.02958443651433176,0.03389040422509278,9418331.0,0.0,True
2005-06,purchased,Chicken,8687,1803,1803,0.2075515137561874,0.2266556663103192,80649371.0,0.0,True
2005-06,purchased,Chilli Powder (black pepper),8687,424,424,0.04880856452169909,0.05161976153925578,1192380.0,0.0,True
2005-06,purchased,Chocolate,8687,438,438,0.05042016806722689,0.05634587046958362,4590308.0,0.0,True
2005-06,purchased,Cigarette,8687,472,472,0.05433406239208012,0.04787956547507496,20193992.0,0.0,False
2005-06,purchased,Cocoa Powder,8687,3518,3518,0.40497294808334294,0.43061007466261775,74117925.0,0.0,True
2005-06,purchased,Coconut (fresh),8687,1398,1398,0.16093012547484747,0.17875162683639137,8419878.0,0.0,True
2005-06,purchased,Cocoyam,8687,846,846,0.09738689996546564,0.10971680512895958,10998280.0,0.0,True
2005-06,purchased,Cocoyam Leaves,8687,2212,2212,0.25463336019339244,0.28015002058259275,17814437.0,0.0,True
2005-06,purchased,Coffee,8687,382,382,0.04397375388511569,0.042745286790364025,3548990.0,0.0,True
2005-06,purchased,Condiment,8687,5648,5648,0.6501669160815011,0.6309221762633543,57229689.0,0.0,True
2005-06,purchased,Cooked Rice and Stew,8687,5169,5169,0.5950270519166571,0.6365782981833008,340495118.0,0.0,True
2005-06,purchased,Cowpea,8687,0,0,0.0,0.0,0.0,0.0,True
2005-06,purchased,Crustacean,8687,965,965,0.11108553010245194,0.12165215244218108,17472164.0,0.0,True
2005-06,purchased,Egg,8687,3975,3975,0.45758029239092896,0.502220474687571,60232473.0,0.0,True
2005-06,purchased,Eggplant,8687,5019,5019,0.5777598710717163,0.6275461982740073,63861543.0,0.0,True
2005-06,purchased,Fast Food,8687,544,544,0.06262230919765166,0.0658170179806019,20199691.0,0.0,True
2005-06,purchased,Fish (canned),8687,1650,1650,0.18993898929434788,0.20585065305692385,2033626132.0,0.0,True
2005-06,purchased,Fish (dried),8687,3320,3320,0.3821802693680212,0.3835741165846951,118943778.0,0.0,True
2005-06,purchased,Fish (fresh and frozen),8687,4072,4072,0.4687464026706573,0.4893781199091021,189380784.0,0.0,True
2005-06,purchased,Fish (fried),8687,4271,4271,0.4916541959249453,0.5519907273846342,82249029.0,0.0,True
2005-06,purchased,Fish (salted),8687,3726,3726,0.4289167721883274,0.47327210455523416,54102127.0,0.0,True
2005-06,purchased,Fish (smoked),8687,6895,6895,0.7937147461724415,0.8200267871490774,532909165.0,0.0,True
2005-06,purchased,Gari,8687,4057,4057,0.4670196845861632,0.4880834147341867,1051711788.0,0.0,True
2005-06,purchased,Ginger,8687,2416,2416,0.2781167261425118,0.2872762666200932,7292431.0,0.0,True
2005-06,purchased,Goat,8687,1437,1437,0.16541959249453206,0.16577552374455132,48322154.0,0.0,True
2005-06,purchased,Groundnut,8687,4179,4179,0.48106365834004833,0.505040693571409,44456512.0,0.0,True
2005-06,purchased,Guinea Corn/Sorghum,8687,407,407,0.04685161735927248,0.030006237411875396,15400934.0,0.0,True
2005-06,purchased,Honey,8687,171,171,0.019684586163232418,0.020826169357923602,3054560.0,0.0,True
2005-06,purchased,Ice Cream,8687,1420,1420,0.16346264533210544,0.18211987711889888,17967870.0,0.0,True
2005-06,purchased,Juice,8687,488,488,0.05617589501554046,0.05965398085227148,10262175.0,0.0,True
2005-06,purchased,Kenkey/Banku,8687,6263,6263,0.720962357545758,0.7616129869748313,2229647512.0,0.0,True
2005-06,purchased,Kola Nut,8687,858,858,0.0987682744330609,0.07822757858152105,12142614.0,0.0,True
2005-06,purchased,Maize (cob),8687,2520,2520,0.290088638195004,0.262363856189354,162915975.0,0.0,True
2005-06,purchased,Maize (flour/dough),8687,2673,2673,0.30770116265684355,0.3315519939122458,64118944.0,0.0,True
2005-06,purchased,Malt Drinks (bottle),8687,2192,2192,0.252331069414067,0.2693692191973714,52350464.0,0.0,True
2005-06,purchased,Mango,8687,588,588,0.06768734891216761,0.06642422661666528,4579323.0,0.0,True
2005-06,purchased,Margarine/Butter,8687,624,624,0.07183147231495338,0.07828675927396413,4559820.0,0.0,True
2005-06,purchased,Milk (evaporated),8687,2984,2984,0.343501784275354,0.3685940307018754,93528307.0,0.0,True
2005-06,purchased,Milk (fresh),8687,393,393,0.04524001381374468,0.03984009335746291,5543429.0,0.0,True
2005-06,purchased,Milk (powder),8687,1950,1950,0.2244733509842293,0.24529377998113813,27320572.0,0.0,True
2005-06,purchased,"Milk (tinned, condensed/unsweetened)",8687,179,179,0.020605502474962588,0.022900732104278537,3594879.0,0.0,True
2005-06,purchased,Millet,8687,465,465,0.05352826061931622,0.034154975422457996,22698947.0,0.0,True
2005-06,purchased,Millet (flour),8687,0,0,0.0,0.0,0.0,0.0,True
2005-06,purchased,Mutton,8687,722,722,0.08311269713364798,0.08717069709847074,29061273.0,0.0,True
2005-06,purchased,Oil (coconut),8687,875,875,0.10072522159548751,0.10859807021124211,9557856.0,0.0,True
2005-06,purchased,Oil (groundnut),8687,1024,1024,0.11787728790146196,0.10045043408841377,18669225.0,0.0,True
2005-06,purchased,Oil (palm kernel),8687,644,644,0.07413376309427881,0.07912691353392842,6001236.0,0.0,True
2005-06,purchased,Oil (palm),8687,5430,5430,0.6250719465868539,0.6644700323754478,96827244.0,0.0,True
2005-06,purchased,Okra,8687,4744,4744,0.5461033728559918,0.541296551110118,57157688.0,0.0,True
2005-06,purchased,Onion,8687,7530,7530,0.8668124784160239,0.8777562560063942,193314008.0,0.0,True
2005-06,purchased,Orange,8687,3670,3670,0.4224703580062162,0.46071675590013855,47122306.0,0.0,True
2005-06,purchased,Other Alcoholic Beverages,8687,0,0,0.0,0.0,0.0,0.0,True
2005-06,purchased,Other Beverages,8687,430,430,0.04949925175549672,0.048956014334932546,5226954.0,0.0,True
2005-06,purchased,Other Cereal,8687,678,678,0.07804765741913204,0.07689529561249796,9931731.0,0.0,True
2005-06,purchased,Other Confectioneries,8687,1145,1145,0.1318061471163808,0.14907355611379222,6479272.0,0.0,True
2005-06,purchased,Other Domestic Poultry,8687,134,134,0.015425348221480372,0.014169247111500586,6369588.0,0.0,True
2005-06,purchased,Other Fish,8687,615,615,0.07079544146425694,0.06881605718327445,108956240.0,0.0,True
2005-06,purchased,Other Flours,8687,240,240,0.027627489351905146,0.027348337261343697,4900364.0,0.0,True
2005-06,purchased,Other Fruits,8687,510,510,0.05870841487279843,0.06402573949529303,4595523.0,0.0,True
2005-06,purchased,Other Grains,8687,0,0,0.0,0.0,0.0,0.0,True
2005-06,purchased,Other Leafy Vegetables,8687,0,0,0.0,0.0,0.0,0.0,True
2005-06,purchased,Other Meat,8687,816,816,0.09393346379647749,0.09808852926060115,29953823.0,0.0,True
2005-06,purchased,Other Milk Products,8687,99,99,0.011396339357660873,0.01230164113429246,1248991.0,0.0,True
2005-06,purchased,Other Oils,8687,3805,3805,0.4380108207666628,0.4745407572600577,145641690.0,0.0,True
2005-06,purchased,Other Prepared Meals,8687,4474,4474,0.5150224473350984,0.5372482923463241,166307948.0,0.0,True
2005-06,purchased,Other Pulses,8687,431,431,0.04961436629446299,0.04946284824495921,2972087.0,0.0,True
2005-06,purchased,Other Spirits,8687,347,347,0.03994474502129619,0.04304512399980076,10580220.0,0.0,True
2005-06,purchased,Other Tobacco,8687,221,221,0.025440313111545987,0.01892802199704157,2680706.0,0.0,False
2005-06,purchased,Other Tubers,8687,310,310,0.03568550707954415,0.0379456011701193,3932491.0,0.0,True
2005-06,purchased,Other Vegetables,8687,1263,1263,0.14538966271440082,0.14078646556997554,12453632.0,0.0,True
2005-06,purchased,Palm Nut,8687,2394,2394,0.2755842062852538,0.297642226735309,26940940.0,0.0,True
2005-06,purchased,Pawpaw,8687,0,0,0.0,0.0,0.0,0.0,True
2005-06,purchased,Pepper,8687,6390,6390,0.7355819039944745,0.7362357948051997,82889165.0,0.0,True
2005-06,purchased,Pineapple,8687,1268,1268,0.14596523540923217,0.16256852784591858,11532767.0,0.0,True
2005-06,purchased,Pito,8687,1121,1121,0.1290433981811903,0.08678496014444131,35289446.0,0.0,True
2005-06,purchased,Plantain,8687,3713,3713,0.42742028318176584,0.4733498367836698,110274483.0,0.0,True
2005-06,purchased,Pork,8687,984,984,0.1132727063428111,0.10834507358749915,1522254563.0,0.0,True
2005-06,purchased,Rice (imported),8687,5012,5012,0.5769540692989524,0.6265212159058552,341350185.0,0.0,True
2005-06,purchased,Rice (local),8687,2198,2198,0.25302175664786464,0.23295255329437714,90341934.0,0.0,True
2005-06,purchased,Salt,8687,7252,7252,0.8348106365834005,0.8204021020336453,36433519.0,0.0,True
2005-06,purchased,Schnapps,8687,102,102,0.011741682974559686,0.013029175937638601,4225351.0,0.0,True
2005-06,purchased,Shea Butter,8687,1968,1968,0.2265454126856222,0.1935820308232548,17647953.0,0.0,True
2005-06,purchased,Snail,8687,0,0,0.0,0.0,0.0,0.0,True
2005-06,purchased,Soft Drinks,8687,2738,2738,0.3151836076896512,0.3425213480149393,96014417.0,0.0,True
2005-06,purchased,Soup,8687,1991,1991,0.22919304708184643,0.24251071530621954,90934919.0,0.0,True
2005-06,purchased,Soybean,8687,0,0,0.0,0.0,0.0,0.0,True
2005-06,purchased,Spinach,8687,0,0,0.0,0.0,0.0,0.0,True
2005-06,purchased,Sugar,8687,6967,6967,0.8020029929780131,0.8148613042333395,1422239607.0,0.0,True
2005-06,purchased,Sugar Bread,8687,5627,5627,0.6477495107632094,0.6697667524518482,170027463.0,0.0,True
2005-06,purchased,Sweet Potato,8687,0,0,0.0,0.0,0.0,0.0,True
2005-06,purchased,Tea,8687,1704,1704,0.19615517439852653,0.19306527362724904,18215532.0,0.0,True
2005-06,purchased,Tobacco,8687,129,129,0.014849775526649015,0.011970659935396071,1195491.0,0.0,False
2005-06,purchased,Tomato (fresh),8687,6975,6975,0.8029239092897433,0.8130981167895168,262629560.0,0.0,True
2005-06,purchased,Tomato (paste),8687,4031,4031,0.4640267065730402,0.499088097537157,600960143.0,0.0,True
2005-06,purchased,Water,8687,2593,2593,0.29849199953954186,0.3296295956304974,78857191.0,0.0,True
2005-06,purchased,Watermelon,8687,823,823,0.0947392655692414,0.09552157465110855,9231581.0,0.0,True
2005-06,purchased,Wheat Flour,8687,176,176,0.020260158858063773,0.02126463511584362,2034278.0,0.0,True
2005-06,purchased,Whisky,8687,272,272,0.03131115459882583,0.03414798310247604,8235341.0,0.0,True
2005-06,purchased,Wine,8687,315,315,0.0362610797743755,0.038029877486503584,6750595.0,0.0,True
2005-06,purchased,Yam,8687,4041,4041,0.4651778519627029,0.494936070245238,168933692.0,0.0,True
2005-06,total,Akpeteshie,8687,1747,1747,0.2011050995740762,0.18995573709699262,61861298.0,0.0,True
2005-06,total,Avocado,8687,855,855,0.09842293081616209,0.10783810799986741,10018161.001192093,0.0,True
2005-06,total,Bambara Bean,8687,286,286,0.03292275814435363,0.019683870371571176,19679350.000473857,0.0,True
2005-06,total,Banana,8687,3573,3573,0.4113042477264879,0.4378796226711846,48383058.00248611,0.0,True
2005-06,total,Bean,8687,2494,2494,0.287095660181881,0.2943812081677897,36042598.0,0.0,True
2005-06,total,Beef,8687,4129,4129,0.4753079313917348,0.4975781508821611,191787510.0,0.0,True
2005-06,total,Beef (corned),8687,508,508,0.05847818579486589,0.06323340786781792,13622415.0,0.0,True
2005-06,total,Beer,8687,844,844,0.09715667088753309,0.10076171962441169,44864615.0,0.0,True
2005-06,total,Biscuit,8687,3131,3131,0.36042362150339585,0.3903387061922823,40462474.0,0.0,True
2005-06,total,Bread,8687,3588,3588,0.4130309658109819,0.460439072575725,169139653.0,0.0,True
2005-06,total,Cabbage,8687,10,10,0.0011511453896627143,0.0013240656177748583,139500.00023841858,0.0,True
2005-06,total,Canned Fruits,8687,220,220,0.025325198572579716,0.02766453101174066,4465060.0,0.0,True
2005-06,total,Carrot,8687,778,778,0.08955911131575918,0.09436916973368416,7532092.0,0.0,True
2005-06,total,Cassava,8687,5298,5298,0.6098768274433061,0.6672553010425786,517628371.3103287,0.0,True
2005-06,total,Cassava (dough),8687,3178,3178,0.36583400483481066,0.38510137847555637,115544262.00906289,0.0,True
2005-06,total,Cerelac (Baby food),8687,257,257,0.02958443651433176,0.03389040422509278,9418331.0,0.0,True
2005-06,total,Chicken,8687,2473,2473,0.2846782548635893,0.2970173269394124,156029370.96281415,0.0,True
2005-06,total,Chilli Powder (black pepper),8687,424,424,0.04880856452169909,0.05161976153925578,1192380.0,0.0,True
2005-06,total,Chocolate,8687,438,438,0.05042016806722689,0.05634587046958362,4590308.0,0.0,True
2005-06,total,Cigarette,8687,472,472,0.05433406239208012,0.04787956547507496,20193992.0,0.0,False
2005-06,total,Cocoa Powder,8687,3518,3518,0.40497294808334294,0.43061007466261775,74117925.0,0.0,True
2005-06,total,Coconut (fresh),8687,1562,1562,0.179808909865316,0.1987591458030928,11455878.0,0.0,True
2005-06,total,Cocoyam,8687,1842,1842,0.212040980775872,0.23557125923187933,94683080.19606799,0.0,True
2005-06,total,Cocoyam Leaves,8687,2212,2212,0.25463336019339244,0.28015002058259275,17814437.0,0.0,True
2005-06,total,Coffee,8687,382,382,0.04397375388511569,0.042745286790364025,3548990.0,0.0,True
2005-06,total,Condiment,8687,5648,5648,0.6501669160815011,0.6309221762633543,57229689.0,0.0,True
2005-06,total,Cooked Rice and Stew,8687,5169,5169,0.5950270519166571,0.6365782981833008,340495118.0,0.0,True
2005-06,total,Cowpea,8687,232,232,0.026706573040174975,0.020383170856338288,22246700.002339482,0.0,True
2005-06,total,Crustacean,8687,965,965,0.11108553010245194,0.12165215244218108,17472164.0,0.0,True
2005-06,total,Egg,8687,4461,4461,0.5135259583285369,0.5546171388576986,71104373.0003159,0.0,True
2005-06,total,Eggplant,8687,5325,5325,0.6129849199953954,0.6651637775941546,76475363.01193956,0.0,True
2005-06,total,Fast Food,8687,544,544,0.06262230919765166,0.0658170179806019,20199691.0,0.0,True
2005-06,total,Fish (canned),8687,1650,1650,0.18993898929434788,0.20585065305692385,2033626132.0,0.0,True
2005-06,total,Fish (dried),8687,3320,3320,0.3821802693680212,0.3835741165846951,118943778.0,0.0,True
2005-06,total,Fish (fresh and frozen),8687,4072,4072,0.4687464026706573,0.4893781199091021,189380784.0,0.0,True
2005-06,total,Fish (fried),8687,4271,4271,0.4916541959249453,0.5519907273846342,82249029.0,0.0,True
2005-06,total,Fish (salted),8687,3726,3726,0.4289167721883274,0.47327210455523416,54102127.0,0.0,True
2005-06,total,Fish (smoked),8687,6895,6895,0.7937147461724415,0.8200267871490774,532909165.0,0.0,True
2005-06,total,Gari,8687,4141,4141,0.47668930585933006,0.49732056599701474,1058266088.0050634,0.0,True
2005-06,total,Ginger,8687,2416,2416,0.2781167261425118,0.2872762666200932,7292431.0,0.0,True
2005-06,total,Goat,8687,1496,1496,0.17221135029354206,0.1716644004837137,69474154.00175834,0.0,True
2005-06,total,Groundnut,8687,4879,4879,0.5616438356164384,0.5632957919006899,207806714.01170784,0.0,True
2005-06,total,Guinea Corn/Sorghum,8687,834,834,0.09600552549787038,0.06520847556876365,85420134.00173151,0.0,True
2005-06,total,Honey,8687,171,171,0.019684586163232418,0.020826169357923602,3054560.0,0.0,True
2005-06,total,Ice Cream,8687,1420,1420,0.16346264533210544,0.18211987711889888,17967870.0,0.0,True
2005-06,total,Juice,8687,488,488,0.05617589501554046,0.05965398085227148,10262175.0,0.0,True
2005-06,total,Kenkey/Banku,8687,6263,6263,0.720962357545758,0.7616129869748313,2229647512.0,0.0,True
2005-06,total,Kola Nut,8687,858,858,0.0987682744330609,0.07822757858152105,12142614.0,0.0,True
2005-06,total,Maize (cob),8687,3239,3239,0.3728559917117532,0.34721113014351185,228275035.00484377,0.0,True
2005-06,total,Maize (flour/dough),8687,4720,4720,0.5433406239208012,0.5580041058655779,395782293.94672114,0.0,True
2005-06,total,Malt Drinks (bottle),8687,2192,2192,0.252331069414067,0.2693692191973714,52350464.0,0.0,True
2005-06,total,Mango,8687,693,693,0.07977437550362611,0.07681899999852579,8839523.0,0.0,True
2005-06,total,Margarine/Butter,8687,624,624,0.07183147231495338,0.07828675927396413,4559820.0,0.0,True
2005-06,total,Milk (evaporated),8687,2984,2984,0.343501784275354,0.3685940307018754,93528307.0,0.0,True
2005-06,total,Milk (fresh),8687,414,414,0.047657419132036374,0.04212554139628367,7823429.0,0.0,True
2005-06,total,Milk (powder),8687,1950,1950,0.2244733509842293,0.24529377998113813,27320572.0,0.0,True
2005-06,total,"Milk (tinned, condensed/unsweetened)",8687,179,179,0.020605502474962588,0.022900732104278537,3594879.0,0.0,True
2005-06,total,Millet,8687,670,670,0.07712674110740186,0.04818402358428368,73393097.0002101,0.0,True
2005-06,total,Millet (flour),8687,318,318,0.03660642339127432,0.021169687721232316,45986900.00015497,0.0,True
2005-06,total,Mutton,8687,741,741,0.08529987337400714,0.08878885362900868,35062773.002235174,0.0,True
2005-06,total,Oil (coconut),8687,885,885,0.10187636698515022,0.10957446257328915,9950056.000286102,0.0,True
2005-06,total,Oil (groundnut),8687,1032,1032,0.11879820421319212,0.10115589974223442,18999325.0,0.0,True
2005-06,total,Oil (palm kernel),8687,696,696,0.08011971912052492,0.08555866168924046,8199536.00063777,0.0,True
2005-06,total,Oil (palm),8687,5767,5767,0.6638655462184874,0.7064645316725731,116982934.01112655,0.0,True
2005-06,total,Okra,8687,5631,5631,0.6482099689190745,0.6258369495212598,277815193.0609137,0.0,True
2005-06,total,Onion,8687,7633,7633,0.8786692759295499,0.8876907361965,211466908.00501275,0.0,True
2005-06,total,Orange,8687,4058,4058,0.4671347991251295,0.5097819899479628,60307456.00131279,0.0,True
2005-06,total,Other Alcoholic Beverages,8687,77,77,0.008863819500402902,0.007201370746557045,8564400.001466274,0.0,True
2005-06,total,Other Beverages,8687,433,433,0.049844595372395537,0.04920894469694631,5253954.0,0.0,True
2005-06,total,Other Cereal,8687,678,678,0.07804765741913204,0.07689529561249796,9931731.0,0.0,True
2005-06,total,Other Confectioneries,8687,1145,1145,0.1318061471163808,0.14907355611379222,6479272.0,0.0,True
2005-06,total,Other Domestic Poultry,8687,237,237,0.02728214573500633,0.023473534602979244,17042088.000037253,0.0,True
2005-06,total,Other Fish,8687,805,805,0.0926672038678485,0.08936915921225999,176109640.14010072,0.0,True
2005-06,total,Other Flours,8687,327,327,0.03764245424197076,0.03688724665699186,9302864.00052154,0.0,True
2005-06,total,Other Fruits,8687,553,553,0.06365834004834811,0.06851606543201677,5416923.0,0.0,True
2005-06,total,Other Grains,8687,14,14,0.0016116035455278,0.0010631073770476756,1235600.0001430511,0.0,True
2005-06,total,Other Leafy Vegetables,8687,486,486,0.05594566593760792,0.03466889834563098,13007250.000369549,0.0,True
2005-06,total,Other Meat,8687,1029,1029,0.11845286059629331,0.12019848518324719,101627823.00405312,0.0,True
2005-06,total,Other Milk Products,8687,99,99,0.011396339357660873,0.01230164113429246,1248991.0,0.0,True
2005-06,total,Other Oils,8687,3807,3807,0.4382410498445954,0.47462951726474406,145657490.0,0.0,True
2005-06,total,Other Prepared Meals,8687,4474,4474,0.5150224473350984,0.5372482923463241,166307948.0,0.0,True
2005-06,total,Other Pulses,8687,620,620,0.0713710141590883,0.06452353514234496,22285987.001488626,0.0,True
2005-06,total,Other Spirits,8687,347,347,0.03994474502129619,0.04304512399980076,10580220.0,0.0,True
2005-06,total,Other Tobacco,8687,221,221,0.025440313111545987,0.01892802199704157,2680706.0,0.0,False
2005-06,total,Other Tubers,8687,369,369,0.04247726487855416,0.04538037571483193,8903391.00024587,0.0,True
2005-06,total,Other Vegetables,8687,1484,1484,0.1708299758259468,0.16279564978996006,26032436.500694394,0.0,True
2005-06,total,Palm Nut,8687,3418,3418,0.3934614941867158,0.42689589192507943,63492690.00747293,0.0,True
2005-06,total,Pawpaw,8687,663,663,0.07632093933463796,0.07631085070108079,9412100.000020862,0.0,True
2005-06,total,Pepper,8687,7735,7735,0.8904109589041096,0.8893774524360052,326212000.0532019,0.0,True
2005-06,total,Pineapple,8687,1546,1546,0.17796707724185565,0.19662841383790033,19854267.00165701,0.0,True
2005-06,total,Pito,8687,1121,1121,0.1290433981811903,0.08678496014444131,35289446.0,0.0,True
2005-06,total,Plantain,8687,5166,5166,0.5946817082997583,0.6558018508016842,354911555.0693159,0.0,True
2005-06,total,Pork,8687,992,992,0.11419362265454126,0.10889658888955138,1524392563.0014157,0.0,True
2005-06,total,Rice (imported),8687,5012,5012,0.5769540692989524,0.6265212159058552,341350185.0,0.0,True
2005-06,total,Rice (local),8687,2447,2447,0.28168527685046624,0.2517674728401219,125733284.00205487,0.0,True
2005-06,total,Salt,8687,7252,7252,0.8348106365834005,0.8204021020336453,36433519.0,0.0,True
2005-06,total,Schnapps,8687,102,102,0.011741682974559686,0.013029175937638601,4225351.0,0.0,True
2005-06,total,Shea Butter,8687,2146,2146,0.2470358006216185,0.2028557446742894,52787603.00031665,0.0,True
2005-06,total,Snail,8687,151,151,0.01738229538390699,0.015353410373817766,7704400.0,0.0,True
2005-06,total,Soft Drinks,8687,2738,2738,0.3151836076896512,0.3425213480149393,96014417.0,0.0,True
2005-06,total,Soup,8687,1991,1991,0.22919304708184643,0.24251071530621954,90934919.0,0.0,True
2005-06,total,Soybean,8687,75,75,0.008633590422470357,0.007204387029403877,5049850.000090897,0.0,True
2005-06,total,Spinach,8687,1646,1646,0.1894785311384828,0.207943525416939,21673970.00050366,0.0,True
2005-06,total,Sugar,8687,6967,6967,0.8020029929780131,0.8148613042333395,1422239607.0,0.0,True
2005-06,total,Sugar Bread,8687,5627,5627,0.6477495107632094,0.6697667524518482,170027463.0,0.0,True
2005-06,total,Sweet Potato,8687,64,64,0.007367330493841372,0.004909814971300686,5402900.0000447035,0.0,True
2005-06,total,Tea,8687,1704,1704,0.19615517439852653,0.19306527362724904,18215532.0,0.0,True
2005-06,total,Tobacco,8687,129,129,0.014849775526649015,0.011970659935396071,1195491.0,0.0,False
2005-06,total,Tomato (fresh),8687,7402,7402,0.8520778174283412,0.8650803467145609,335086310.0168279,0.0,True
2005-06,total,Tomato (paste),8687,4031,4031,0.4640267065730402,0.499088097537157,600960143.0,0.0,True
2005-06,total,Water,8687,2593,2593,0.29849199953954186,0.3296295956304974,78857191.0,0.0,True
2005-06,total,Watermelon,8687,828,828,0.09531483826407275,0.09616594247753395,9812581.0,0.0,True
2005-06,total,Wheat Flour,8687,176,176,0.020260158858063773,0.02126463511584362,2034278.0,0.0,True
2005-06,total,Whisky,8687,272,272,0.03131115459882583,0.03414798310247604,8235341.0,0.0,True
2005-06,total,Wine,8687,315,315,0.0362610797743755,0.038029877486503584,6750595.0,0.0,True
2005-06,total,Yam,8687,5244,5244,0.6036606423391274,0.6254671766280893,464952482.0113666,0.0,True
2012-13,purchased,Akpeteshie,16772,2698,2698,0.16086334366801813,0.13079801139490393,40891.94000689685,0.0,True
2012-13,purchased,Avocado,16772,1543,1543,0.09199856904364417,0.12241878766786128,7292.400001455098,0.0,True
2012-13,purchased,Bambara Bean,16772,0,0,0.0,0.0,0.0,0.0,True
2012-13,purchased,Banana,16772,6064,6064,0.3615549725733365,0.4329528766655493,32418.270006146282,0.0,True
2012-13,purchased,Bean,16772,5110,5110,0.3046744574290484,0.29572422627940803,36585.4800170213,0.0,True
2012-13,purchased,Beef,16772,7341,7341,0.43769377533985215,0.4615719095344434,125824.74000761658,0.0,True
2012-13,purchased,Beef (corned),16772,679,679,0.04048414023372287,0.05717361502741741,9461.880002856255,0.0,True
2012-13,purchased,Beer,16772,1541,1541,0.09187932268065824,0.08949798474569391,68492.85000057518,0.0,True
2012-13,purchased,Biscuit,16772,6625,6625,0.3950035773908896,0.4126914704725796,39609.17003287375,0.0,True
2012-13,purchased,Bread,16772,7527,7527,0.4487836870975435,0.5035701667921304,99622.11002541333,0.0,True
2012-13,purchased,Cabbage,16772,0,0,0.0,0.0,0.0,0.0,True
2012-13,purchased,Canned Fruits,16772,484,484,0.0288576198425948,0.038618694111147045,3689.7600019834936,0.0,True
2012-13,purchased,Carrot,16772,2195,2195,0.130872883377057,0.16950299033813124,9772.480000764132,0.0,True
2012-13,purchased,Cassava,16772,5903,5903,0.3519556403529692,0.4291498117300708,76020.5500009358,0.0,True
2012-13,purchased,Cassava (dough),16772,5682,5682,0.3387789172430241,0.40781915968273585,36410.59998679906,0.0,True
2012-13,purchased,Cerelac (Baby food),16772,810,810,0.04829477700930122,0.058620263756849186,17476.67000001669,0.0,True
2012-13,purchased,Chicken,16772,6937,6937,0.4136060100166945,0.4648859159004509,129603.7499883771,0.0,True
2012-13,purchased,Chilli Powder (black pepper),16772,395,395,0.023551156689720965,0.02904713527540616,1654.7000007405877,0.0,True
2012-13,purchased,Chocolate,16772,486,486,0.02897686620558073,0.03924086969678426,2569.400000870228,0.0,True
2012-13,purchased,Cocoa Powder,16772,6908,6908,0.4118769377533985,0.4641176455756726,57997.17004907876,0.0,True
2012-13,purchased,Coconut (fresh),16772,2848,2848,0.1698068208919628,0.2253433875897211,12551.85002104193,0.0,True
2012-13,purchased,Cocoyam,16772,1498,1498,0.08931552587646077,0.10843161836100423,10771.13000026159,0.0,True
2012-13,purchased,Cocoyam Leaves,16772,3633,3633,0.2166110183639399,0.27220985877185955,13834.10000294447,0.0,True
2012-13,purchased,Coffee,16772,1068,1068,0.06367755783448605,0.060378277656198576,5447.80000243336,0.0,True
2012-13,purchased,Condiment,16772,11240,11240,0.6701645599809206,0.6422822996485605,42007.17008617893,0.0,True
2012-13,purchased,Cooked Rice and Stew,16772,8974,8974,0.5350584307178631,0.5906960811571796,213019.49000141025,0.0,True
2012-13,purchased,Cowpea,16772,0,0,0.0,0.0,0.0,0.0,True
2012-13,purchased,Crustacean,16772,1507,1507,0.08985213450989744,0.10267378767531123,15491.399999767542,0.0,True
2012-13,purchased,Dawadawa,16772,3040,3040,0.18125447173861198,0.12820457771342209,12881.050006739795,0.0,True
2012-13,purchased,Egg,16772,7994,7994,0.4766277128547579,0.5600041694691827,56241.94010192901,0.0,True
2012-13,purchased,Eggplant,16772,9227,9227,0.5501430956355832,0.634711193039606,51536.97002494335,0.0,True
2012-13,purchased,Fast Food,16772,1032,1032,0.06153112330073933,0.07095803011503354,14476.600000485778,0.0,True
2012-13,purchased,Fish (canned),16772,3873,3873,0.23092058192225137,0.29335556835905274,34249.38003316522,0.0,True
2012-13,purchased,Fish (dried),16772,9632,9632,0.5742904841402338,0.5537579461324003,189545.85000196844,0.0,True
2012-13,purchased,Fish (fresh and frozen),16772,6689,6689,0.3988194610064393,0.45870952487700706,141776.3500001952,0.0,True
2012-13,purchased,Fish (fried),16772,6194,6194,0.3693059861674219,0.43867082766587595,57934.16000126302,0.0,True
2012-13,purchased,Fish (salted),16772,6276,6276,0.374195087049845,0.442449915120188,46235.08001475781,0.0,True
2012-13,purchased,Fish (smoked),16772,10476,10476,0.6246124493202957,0.6975804249235099,335383.20000196993,0.0,True
2012-13,purchased,Gari,16772,7912,7912,0.47173861197233485,0.46555774943766887,45252.54003611952,0.0,True
2012-13,purchased,Ginger,16772,5630,5630,0.33567851180538993,0.35486316309808885,11177.65001507476,0.0,True
2012-13,purchased,Goat,16772,2870,2870,0.17111853088480802,0.17203537612802935,47680.60000117868,0.0,True
2012-13,purchased,Groundnut,16772,7146,7146,0.42606725494872405,0.45926703390685636,39933.0400304459,0.0,True
2012-13,purchased,Guinea Corn/Sorghum,16772,525,525,0.031302170283806344,0.01689568247934052,11193.950003027916,0.0,True
2012-13,purchased,Honey,16772,517,517,0.03082518483186263,0.033116162009601186,4602.650002323091,0.0,True
2012-13,purchased,Ice Cream,16772,1945,1945,0.11596708800381589,0.14421765760580818,10045.6200331226,0.0,True
2012-13,purchased,Juice,16772,2084,2084,0.12425471023133794,0.16821548805641773,23172.150004908442,0.0,True
2012-13,purchased,Kenkey/Banku,16772,10987,10987,0.6550798950632005,0.7207779385251026,178397.64006654918,0.0,True
2012-13,purchased,Kola Nut,16772,1254,1254,0.07476746959217744,0.04631370705146591,9338.170002378523,0.0,True
2012-13,purchased,Maize (cob),16772,4569,4569,0.27241831624135465,0.2380398356404901,100792.14001064003,0.0,True
2012-13,purchased,Maize (flour/dough),16772,6203,6203,0.36984259480085857,0.41971044770554944,59146.2200252451,0.0,True
2012-13,purchased,Malt Drinks (bottle),16772,4382,4382,0.2612687813021703,0.3042264981493246,39265.440001413226,0.0,True
2012-13,purchased,Mango,16772,1831,1831,0.10917004531361793,0.11153963046771022,7566.7000028043985,0.0,True
2012-13,purchased,Margarine/Butter,16772,1026,1026,0.06117338421178154,0.0769415499735877,3228.20000372082,0.0,True
2012-13,purchased,Milk (evaporated),16772,5380,5380,0.32077271643214883,0.36356398643406,55162.980056509376,0.0,True
2012-13,purchased,Milk (fresh),16772,916,916,0.05461483424755545,0.045044771719398524,5284.070001922548,0.0,True
2012-13,purchased,Milk (powder),16772,5084,5084,0.30312425471023136,0.3327507636997214,35137.88004250452,0.0,True
2012-13,purchased,"Milk (tinned, condensed/unsweetened)",16772,393,393,0.023431910326735035,0.02219962842102491,3145.5500013530254,0.0,True
2012-13,purchased,Millet,16772,872,872,0.051991414261865015,0.02635245482054427,15464.500001490116,0.0,True
2012-13,purchased,Millet (flour),16772,0,0,0.0,0.0,0.0,0.0,True
2012-13,purchased,Mutton,16772,1267,1267,0.07554257095158598,0.08172270049368488,26471.60000050068,0.0,True
2012-13,purchased,Oil (coconut),16772,1660,1660,0.09897448127832101,0.10443151204123627,11225.200003132224,0.0,True
2012-13,purchased,Oil (groundnut),16772,1980,1980,0.11805389935606964,0.08460054652225038,17372.52005277574,0.0,True
2012-13,purchased,Oil (palm kernel),16772,637,637,0.037979966611018365,0.03904674568668723,3578.5700017660856,0.0,True
2012-13,purchased,Oil (palm),16772,8601,8601,0.5128189840209874,0.5518718126009218,64712.330039568245,0.0,True
2012-13,purchased,Okra,16772,10122,10122,0.6035058430717863,0.5925586463082596,63123.940021291375,0.0,True
2012-13,purchased,Onion,16772,14869,14869,0.8865370856188887,0.8878901536400993,117581.960037034,0.0,True
2012-13,purchased,Orange,16772,7624,7624,0.45456713570236107,0.5189002219470634,30059.35003935173,0.0,True
2012-13,purchased,Other Beverages,16772,1784,1784,0.1063677557834486,0.11962386743315823,12035.55000846833,0.0,True
2012-13,purchased,Other Cereal,16772,5982,5982,0.3566658716909134,0.27667167534828147,71653.72001736984,0.0,True
2012-13,purchased,Other Confectioneries,16772,1089,1089,0.06492964464583831,0.07662952292680297,3070.820006046444,0.0,True
2012-13,purchased,Other Domestic Poultry,16772,276,276,0.016455998092058194,0.012030695310652493,5789.479998465627,0.0,True
2012-13,purchased,Other Fish,16772,1127,1127,0.06719532554257095,0.06793147932470274,11607.950001407415,0.0,True
2012-13,purchased,Other Flours,16772,360,360,0.021464345337467206,0.022795354463324275,1824.7000001817942,0.0,True
2012-13,purchased,Other Fruits,16772,1724,1724,0.10279036489387074,0.1415731929788729,10662.500000171363,0.0,True
2012-13,purchased,Other Grains,16772,0,0,0.0,0.0,0.0,0.0,True
2012-13,purchased,Other Leafy Vegetables,16772,0,0,0.0,0.0,0.0,0.0,True
2012-13,purchased,Other Meat,16772,1319,1319,0.07864297638922013,0.07898104418623735,20504.310000758618,0.0,True
2012-13,purchased,Other Milk Products,16772,348,348,0.020748867159551633,0.024640526811381964,1957.029999256134,0.0,True
2012-13,purchased,Other Nuts/Seeds,16772,0,0,0.0,0.0,0.0,0.0,True
2012-13,purchased,Other Oils,16772,7679,7679,0.4578464106844741,0.4956568396505693,71393.91005210951,0.0,True
2012-13,purchased,Other Prepared Meals,16772,8654,8654,0.5159790126401145,0.5722924220291059,151289.7100170646,0.0,True
2012-13,purchased,Other Pulses,16772,417,417,0.02486286668256618,0.029553693770568608,2060.3000004962087,0.0,True
2012-13,purchased,Other Spirits,16772,686,686,0.040901502504173626,0.041361196338655974,7689.300001293421,0.0,True
2012-13,purchased,Other Tobacco,16772,400,400,0.023849272597185785,0.013010802173139234,2611.400001645088,0.0,False
2012-13,purchased,Other Tubers,16772,542,542,0.03231576436918674,0.0350542159092155,3798.8000004440546,0.0,True
2012-13,purchased,Other Vegetables,16772,3721,3721,0.22185785833532076,0.2198863778864263,21614.95001050085,0.0,True
2012-13,purchased,Palm Nut,16772,3997,3997,0.23831385642737896,0.26480007332215444,18442.050004526973,0.0,True
2012-13,purchased,Pawpaw,16772,0,0,0.0,0.0,0.0,0.0,True
2012-13,purchased,Pepper,16772,12978,12978,0.7737896494156928,0.7814238352413265,73351.89006238431,0.0,True
2012-13,purchased,Pineapple,16772,2290,2290,0.13653708561888864,0.17376289916838045,12820.080001533031,0.0,True
2012-13,purchased,Pito,16772,2190,2190,0.13057476746959218,0.0696421489487666,29780.99001107365,0.0,True
2012-13,purchased,Plantain,16772,6508,6508,0.38802766515621273,0.48371313540613203,87149.10000023991,0.0,True
2012-13,purchased,Pork,16772,1289,1289,0.0768542809444312,0.05548345195171069,15315.200000837445,0.0,True
2012-13,purchased,Rice (imported),16772,8661,8661,0.5163963749105652,0.6049210661917367,257873.09006109834,0.0,True
2012-13,purchased,Rice (local),16772,5281,5281,0.31487002146434534,0.25113524432969375,113998.33002445102,0.0,True
2012-13,purchased,Salt,16772,13247,13247,0.7898282852373003,0.7627114212745336,32929.30005578138,0.0,True
2012-13,purchased,Schnapps,16772,195,195,0.01162652039112807,0.013488889881189119,4702.20000089705,0.0,True
2012-13,purchased,Shea Butter,16772,3464,3464,0.2065347006916289,0.13481352286460227,18050.1900068447,0.0,True
2012-13,purchased,Snail,16772,0,0,0.0,0.0,0.0,0.0,True
2012-13,purchased,Soft Drinks,16772,5155,5155,0.3073575005962318,0.3517897907197903,44519.31010682881,0.0,True
2012-13,purchased,Soup,16772,3710,3710,0.22120200333889817,0.2653555115444921,82798.92000150308,0.0,True
2012-13,purchased,Soybean,16772,0,0,0.0,0.0,0.0,0.0,True
2012-13,purchased,Spinach,16772,0,0,0.0,0.0,0.0,0.0,True
2012-13,purchased,Sugar,16772,12822,12822,0.7644884331027904,0.7436013440168228,57192.500289708376,0.0,True
2012-13,purchased,Sugar Bread,16772,10303,10303,0.6142976389220128,0.6321907814433817,124587.65002638847,0.0,True
2012-13,purchased,Sweet Potato,16772,0,0,0.0,0.0,0.0,0.0,True
2012-13,purchased,Tea,16772,2866,2866,0.17088003815883615,0.15245918463651353,12841.83002075553,0.0,True
2012-13,purchased,Tobacco,16772,866,866,0.05163367517290723,0.03465126389446277,9401.20000602305,0.0,False
2012-13,purchased,Tomato (fresh),16772,13075,13075,0.7795730980205103,0.8030796319067245,140125.67002556473,0.0,True
2012-13,purchased,Tomato (paste),16772,12038,12038,0.7177438588123062,0.74295134210845,90290.3402550146,0.0,True
2012-13,purchased,Water,16772,9355,9355,0.5577748628666825,0.6419581498463303,80101.3901441507,0.0,True
2012-13,purchased,Watermelon,16772,3618,3618,0.21571667064154543,0.26461417967303963,23791.560002606362,0.0,True
2012-13,purchased,Wheat Flour,16772,501,501,0.029871213927975197,0.028342511311790483,3263.5500025823712,0.0,True
2012-13,purchased,Whisky,16772,662,662,0.03947054614834247,0.03218286797654146,8283.63000009954,0.0,True
2012-13,purchased,Wine,16772,486,486,0.02897686620558073,0.030089213376263812,8084.700002357364,0.0,True
2012-13,purchased,Yam,16772,8106,8106,0.48330550918196996,0.5475591206432171,133753.6600004509,0.0,True
2012-13,total,Akpeteshie,16772,2698,2698,0.16086334366801813,0.13079801139490393,40891.94000689685,0.0,True
2012-13,total,Avocado,16772,1922,1922,0.1145957548294777,0.14933277699492328,10753.74001658097,0.0,True
2012-13,total,Bambara Bean,16772,863,863,0.05145480562842833,0.021286818050394455,39522.65502542257,0.0,True
2012-13,total,Banana,16772,6705,6705,0.3997734319103267,0.4751565777564702,44515.170025662184,0.0,True
2012-13,total,Bean,16772,5110,5110,0.3046744574290484,0.29572422627940803,36585.4800170213,0.0,True
2012-13,total,Beef,16772,7353,7353,0.4384092535177677,0.4621616474519027,131753.74000761658,0.0,True
2012-13,total,Beef (corned),16772,679,679,0.04048414023372287,0.05717361502741741,9461.880002856255,0.0,True
2012-13,total,Beer,16772,1541,1541,0.09187932268065824,0.08949798474569391,68492.85000057518,0.0,True
2012-13,total,Biscuit,16772,6625,6625,0.3950035773908896,0.4126914704725796,39609.17003287375,0.0,True
2012-13,total,Bread,16772,7527,7527,0.4487836870975435,0.5035701667921304,99622.11002541333,0.0,True
2012-13,total,Cabbage,16772,43,43,0.0025637968041974718,0.002989200576981326,309.72600085133314,0.0,True
2012-13,total,Canned Fruits,16772,484,484,0.0288576198425948,0.038618694111147045,3689.7600019834936,0.0,True
2012-13,total,Carrot,16772,2207,2207,0.13158836155497258,0.17018480353252802,10059.180001109838,0.0,True
2012-13,total,Cassava,16772,9066,9066,0.5405437634152158,0.624861514769827,324875.0083807699,0.0,True
2012-13,total,Cassava (dough),16772,7028,7028,0.41903171953255425,0.4704122280655264,84772.9899735643,0.0,True
2012-13,total,Cerelac (Baby food),16772,810,810,0.04829477700930122,0.058620263756849186,17476.67000001669,0.0,True
2012-13,total,Chicken,16772,8156,8156,0.48628666825661815,0.5152750934538558,206036.29998297454,0.0,True
2012-13,total,Chilli Powder (black pepper),16772,395,395,0.023551156689720965,0.02904713527540616,1654.7000007405877,0.0,True
2012-13,total,Chocolate,16772,486,486,0.02897686620558073,0.03924086969678426,2569.400000870228,0.0,True
2012-13,total,Cocoa Powder,16772,6908,6908,0.4118769377533985,0.4641176455756726,57997.17004907876,0.0,True
2012-13,total,Coconut (fresh),16772,3006,3006,0.17922728356785117,0.23449373891770972,13998.030030673444,0.0,True
2012-13,total,Cocoyam,16772,2827,2827,0.16855473408061053,0.20105834083391808,54457.22906123771,0.0,True
2012-13,total,Cocoyam Leaves,16772,3633,3633,0.2166110183639399,0.27220985877185955,13834.10000294447,0.0,True
2012-13,total,Coffee,16772,1068,1068,0.06367755783448605,0.060378277656198576,5447.80000243336,0.0,True
2012-13,total,Condiment,16772,11240,11240,0.6701645599809206,0.6422822996485605,42007.17008617893,0.0,True
2012-13,total,Cooked Rice and Stew,16772,8974,8974,0.5350584307178631,0.5906960811571796,213019.49000141025,0.0,True
2012-13,total,Cowpea,16772,570,570,0.033985213450989746,0.014923652454815218,13437.330000523552,0.0,True
2012-13,total,Crustacean,16772,1507,1507,0.08985213450989744,0.10267378767531123,15491.399999767542,0.0,True
2012-13,total,Dawadawa,16772,3040,3040,0.18125447173861198,0.12820457771342209,12881.050006739795,0.0,True
2012-13,total,Egg,16772,8948,8948,0.5335082279990461,0.607353093762422,67446.18021342755,0.0,True
2012-13,total,Eggplant,16772,9741,9741,0.5807894109229669,0.6633992276461258,62065.45204350646,0.0,True
2012-13,total,Fast Food,16772,1032,1032,0.06153112330073933,0.07095803011503354,14476.600000485778,0.0,True
2012-13,total,Fish (canned),16772,3873,3873,0.23092058192225137,0.29335556835905274,34249.38003316522,0.0,True
2012-13,total,Fish (dried),16772,9632,9632,0.5742904841402338,0.5537579461324003,189545.85000196844,0.0,True
2012-13,total,Fish (fresh and frozen),16772,6689,6689,0.3988194610064393,0.45870952487700706,141776.3500001952,0.0,True
2012-13,total,Fish (fried),16772,6194,6194,0.3693059861674219,0.43867082766587595,57934.16000126302,0.0,True
2012-13,total,Fish (salted),16772,6276,6276,0.374195087049845,0.442449915120188,46235.08001475781,0.0,True
2012-13,total,Fish (smoked),16772,10476,10476,0.6246124493202957,0.6975804249235099,335383.20000196993,0.0,True
2012-13,total,Gari,16772,8077,8077,0.48157643691867397,0.4743739583079892,52231.69904275259,0.0,True
2012-13,total,Ginger,16772,5630,5630,0.33567851180538993,0.35486316309808885,11177.65001507476,0.0,True
2012-13,total,Goat,16772,3005,3005,0.17916766038635823,0.17757286721219795,86144.7700003478,0.0,True
2012-13,total,Groundnut,16772,8565,8565,0.5106725494872406,0.5029119804974582,128295.41496830135,0.0,True
2012-13,total,Guinea Corn/Sorghum,16772,1072,1072,0.0639160505604579,0.030053730443133423,34564.37999277026,0.0,True
2012-13,total,Honey,16772,517,517,0.03082518483186263,0.033116162009601186,4602.650002323091,0.0,True
2012-13,total,Ice Cream,16772,1945,1945,0.11596708800381589,0.14421765760580818,10045.6200331226,0.0,True
2012-13,total,Juice,16772,2084,2084,0.12425471023133794,0.16821548805641773,23172.150004908442,0.0,True
2012-13,total,Kenkey/Banku,16772,10987,10987,0.6550798950632005,0.7207779385251026,178397.64006654918,0.0,True
2012-13,total,Kola Nut,16772,1254,1254,0.07476746959217744,0.04631370705146591,9338.170002378523,0.0,True
2012-13,total,Maize (cob),16772,5834,5834,0.34784164082995467,0.29536006249553404,176981.3902880752,0.0,True
2012-13,total,Maize (flour/dough),16772,10611,10611,0.6326615788218459,0.6180921686522548,280025.34745234647,0.0,True
2012-13,total,Malt Drinks (bottle),16772,4382,4382,0.2612687813021703,0.3042264981493246,39265.440001413226,0.0,True
2012-13,total,Mango,16772,2007,2007,0.11966372525637968,0.1221568210997525,16098.630016548037,0.0,True
2012-13,total,Margarine/Butter,16772,1026,1026,0.06117338421178154,0.0769415499735877,3228.20000372082,0.0,True
2012-13,total,Milk (evaporated),16772,5380,5380,0.32077271643214883,0.36356398643406,55162.980056509376,0.0,True
2012-13,total,Milk (fresh),16772,953,953,0.056820891962795134,0.046245768696155626,6266.37000284344,0.0,True
2012-13,total,Milk (powder),16772,5084,5084,0.30312425471023136,0.3327507636997214,35137.88004250452,0.0,True
2012-13,total,"Milk (tinned, condensed/unsweetened)",16772,393,393,0.023431910326735035,0.02219962842102491,3145.5500013530254,0.0,True
2012-13,total,Millet,16772,1384,1384,0.08251848318626281,0.0393718462739703,51220.45000272989,0.0,True
2012-13,total,Millet (flour),16772,793,793,0.04728118292392082,0.018417798895665333,31055.550009106097,0.0,True
2012-13,total,Mutton,16772,1315,1315,0.07840448366324827,0.08401724337418467,33843.60000050068,0.0,True
2012-13,total,Oil (coconut),16772,1669,1669,0.0995110899117577,0.10486130319981668,11322.150004729629,0.0,True
2012-13,total,Oil (groundnut),16772,2015,2015,0.1201407107083234,0.08546732854255658,18848.510053951144,0.0,True
2012-13,total,Oil (palm kernel),16772,682,682,0.04066300977820177,0.04176228676101155,4194.285001861155,0.0,True
2012-13,total,Oil (palm),16772,9166,9166,0.5465060815645123,0.5881558522393192,72213.95005945295,0.0,True
2012-13,total,Okra,16772,11631,11631,0.6934772239446697,0.6604644675260957,132609.8150818804,0.0,True
2012-13,total,Onion,16772,15001,15001,0.8944073455759599,0.894430363459029,122939.61005010083,0.0,True
2012-13,total,Orange,16772,8161,8161,0.486584784164083,0.5538613681159998,41811.261096025046,0.0,True
2012-13,total,Other Beverages,16772,1784,1784,0.1063677557834486,0.11962386743315823,12035.55000846833,0.0,True
2012-13,total,Other Cereal,16772,5982,5982,0.3566658716909134,0.27667167534828147,71653.72001736984,0.0,True
2012-13,total,Other Confectioneries,16772,1089,1089,0.06492964464583831,0.07662952292680297,3070.820006046444,0.0,True
2012-13,total,Other Domestic Poultry,16772,545,545,0.03249463391366563,0.021094212141527516,19218.830000367016,0.0,True
2012-13,total,Other Fish,16772,1409,1409,0.08400906272358694,0.08264072909914548,53060.55002583936,0.0,True
2012-13,total,Other Flours,16772,434,434,0.02587646076794658,0.024324538800762064,3128.3150038576127,0.0,True
2012-13,total,Other Fruits,16772,1755,1755,0.10463868352015264,0.1437903663325159,12193.57000030756,0.0,True
2012-13,total,Other Grains,16772,18,18,0.0010732172668733604,0.0009838195910036925,847.4999998211861,0.0,True
2012-13,total,Other Leafy Vegetables,16772,743,743,0.0443000238492726,0.02807104666351715,8196.665012752786,0.0,True
2012-13,total,Other Meat,16772,1468,1468,0.08752683043167184,0.08676955076067895,31358.775999137848,0.0,True
2012-13,total,Other Milk Products,16772,348,348,0.020748867159551633,0.024640526811381964,1957.029999256134,0.0,True
2012-13,total,Other Nuts/Seeds,16772,34,34,0.002027188170760792,0.0023730593578356446,243.3320009519458,0.0,True
2012-13,total,Other Oils,16772,7727,7727,0.46070832339613643,0.501849059186161,73001.86005517468,0.0,True
2012-13,total,Other Prepared Meals,16772,8654,8654,0.5159790126401145,0.5722924220291059,151289.7100170646,0.0,True
2012-13,total,Other Pulses,16772,505,505,0.030109706653947056,0.03384874620506714,3862.359997651875,0.0,True
2012-13,total,Other Spirits,16772,686,686,0.040901502504173626,0.041361196338655974,7689.300001293421,0.0,True
2012-13,total,Other Tobacco,16772,400,400,0.023849272597185785,0.013010802173139234,2611.400001645088,0.0,False
2012-13,total,Other Tubers,16772,563,563,0.033567851180538996,0.03600869072838526,4072.734000522852,0.0,True
2012-13,total,Other Vegetables,16772,3836,3836,0.2287145242070117,0.2238332815817901,25367.350019671023,0.0,True
2012-13,total,Palm Nut,16772,5364,5364,0.3198187455282614,0.3513550574478009,40897.65702605549,0.0,True
2012-13,total,Pawpaw,16772,637,637,0.037979966611018365,0.04250338051075541,4627.960006489753,0.0,True
2012-13,total,Pepper,16772,14953,14953,0.8915454328642977,0.8849481794098552,131407.46021665813,0.0,True
2012-13,total,Pineapple,16772,2599,2599,0.15496064870021464,0.19678895435123916,16136.980001598597,0.0,True
2012-13,total,Pito,16772,2190,2190,0.13057476746959218,0.0696421489487666,29780.99001107365,0.0,True
2012-13,total,Plantain,16772,8738,8738,0.5209873598855235,0.62753046361704,210358.52703430434,0.0,True
2012-13,total,Pork,16772,1315,1315,0.07840448366324827,0.05669867722857105,19299.900000944734,0.0,True
2012-13,total,Rice (imported),16772,8661,8661,0.5163963749105652,0.6049210661917367,257873.09006109834,0.0,True
2012-13,total,Rice (local),16772,6129,6129,0.3654304793703792,0.28283622200809144,171535.95507261262,0.0,True
2012-13,total,Salt,16772,13247,13247,0.7898282852373003,0.7627114212745336,32929.30005578138,0.0,True
2012-13,total,Schnapps,16772,195,195,0.01162652039112807,0.013488889881189119,4702.20000089705,0.0,True
2012-13,total,Shea Butter,16772,3782,3782,0.2254948724063916,0.14181286316882333,32784.370028878446,0.0,True
2012-13,total,Snail,16772,47,47,0.00280228953016933,0.002914554884083681,1193.2000024318695,0.0,True
2012-13,total,Soft Drinks,16772,5155,5155,0.3073575005962318,0.3517897907197903,44519.31010682881,0.0,True
2012-13,total,Soup,16772,3710,3710,0.22120200333889817,0.2653555115444921,82798.92000150308,0.0,True
2012-13,total,Soybean,16772,484,484,0.0288576198425948,0.012285589044151429,13751.390020336807,0.0,True
2012-13,total,Spinach,16772,1944,1944,0.11590746482232292,0.1319464092174795,11620.01803663832,0.0,True
2012-13,total,Sugar,16772,12822,12822,0.7644884331027904,0.7436013440168228,57192.500289708376,0.0,True
2012-13,total,Sugar Bread,16772,10303,10303,0.6142976389220128,0.6321907814433817,124587.65002638847,0.0,True
2012-13,total,Sweet Potato,16772,118,118,0.007035535416169807,0.005137414421450357,4470.300021119416,0.0,True
2012-13,total,Tea,16772,2866,2866,0.17088003815883615,0.15245918463651353,12841.83002075553,0.0,True
2012-13,total,Tobacco,16772,866,866,0.05163367517290723,0.03465126389446277,9401.20000602305,0.0,False
2012-13,total,Tomato (fresh),16772,13667,13667,0.8148700214643453,0.8349896989308364,173117.7710436804,0.0,True
2012-13,total,Tomato (paste),16772,12038,12038,0.7177438588123062,0.74295134210845,90290.3402550146,0.0,True
2012-13,total,Water,16772,9355,9355,0.5577748628666825,0.6419581498463303,80101.3901441507,0.0,True
2012-13,total,Watermelon,16772,3644,3644,0.21726687336036252,0.2665452504147076,24464.105004082172,0.0,True
2012-13,total,Wheat Flour,16772,501,501,0.029871213927975197,0.028342511311790483,3263.5500025823712,0.0,True
2012-13,total,Whisky,16772,662,662,0.03947054614834247,0.03218286797654146,8283.63000009954,0.0,True
2012-13,total,Wine,16772,486,486,0.02897686620558073,0.030089213376263812,8084.700002357364,0.0,True
2012-13,total,Yam,16772,10477,10477,0.6246720725017887,0.6618484022718621,438951.8290731022,0.0,True
2016-17,purchased,Agushie Seed,14009,965,965,0.06888428867156828,0.08195866033186557,4510.75,0.0,True
2016-17,purchased,Akpeteshie,14009,1244,1244,0.08880005710614605,0.07575770003751496,22881.219999999998,0.0,True
2016-17,purchased,Apple,14009,658,658,0.046969805125276605,0.05945133157457472,5083.5199999999995,0.0,True
2016-17,purchased,Avocado,14009,679,679,0.04846884145906203,0.06462343924284902,4602.6,0.0,True
2016-17,purchased,Bambara Bean,14009,0,0,0.0,0.0,0.0,0.0,True
2016-17,purchased,Banana,14009,3230,3230,0.2305660646727104,0.2866206657186458,20935.6,0.0,True
2016-17,purchased,Beef,14009,4546,4546,0.3245056749232636,0.37147496850992767,129531.97,0.0,True
2016-17,purchased,Beef (corned),14009,275,275,0.01963023770433293,0.02833430842385089,4239.8,0.0,True
2016-17,purchased,Beef (face),14009,118,118,0.008423156542222856,0.011623371847183818,1602.0,0.0,True
2016-17,purchased,Beef (leg),14009,643,643,0.04589906488685845,0.06655800397272343,10370.5,0.0,True
2016-17,purchased,Beef (offal),14009,585,585,0.04175886929830823,0.05820330249658057,6435.39,0.0,True
2016-17,purchased,Beef (steak),14009,2113,2113,0.1508316082518381,0.18182466474445697,32632.9,0.0,True
2016-17,purchased,Beer,14009,903,903,0.06445856235277321,0.06920825446618423,23837.9,0.0,True
2016-17,purchased,Biscuit,14009,4604,4604,0.3286458705118138,0.36560801257630493,38335.939999999995,0.0,True
2016-17,purchased,Bitters,14009,590,590,0.04211578271111428,0.0472521374170758,6029.1,0.0,True
2016-17,purchased,Bread,14009,8786,8786,0.6271682489827968,0.7263779181982658,158183.5,0.0,True
2016-17,purchased,Cabbage,14009,0,0,0.0,0.0,0.0,0.0,True
2016-17,purchased,Canned Fruits,14009,46,46,0.00328360339781569,0.003905520791514667,473.5,0.0,True
2016-17,purchased,Carrot,14009,1400,1400,0.09993575558569491,0.13979593004895022,6776.19,0.0,True
2016-17,purchased,Cashew,14009,34,34,0.0024270112070811623,0.0023087123900521977,80.5,0.0,True
2016-17,purchased,Cassava,14009,4481,4481,0.31986580055678493,0.4191235495417892,71365.5,0.0,True
2016-17,purchased,Cassava (dough),14009,5597,5597,0.39952887429509604,0.5001629338896292,46646.939999999995,0.0,True
2016-17,purchased,Cassava (dried),14009,2039,2039,0.14554928974230852,0.1634809222923646,29346.350000000002,0.0,True
2016-17,purchased,Cerelac (Baby food),14009,664,664,0.04739810122064387,0.06207782340359011,15923.2,0.0,True
2016-17,purchased,Chewing Gum,14009,1430,1430,0.10207723606253123,0.11857660273735429,4077.63,0.0,True
2016-17,purchased,Chicken,14009,267,267,0.019059176243843245,0.021926216105989584,5750.5,0.0,True
2016-17,purchased,Chicken (breast),14009,568,568,0.04054536369476765,0.040629181660875695,7622.6,0.0,True
2016-17,purchased,Chicken (frozen),14009,315,315,0.022485545006781356,0.024220257246312892,3018.7,0.0,True
2016-17,purchased,Chicken (gizzard),14009,115,115,0.008209008494539224,0.011913052874698347,1463.08,0.0,True
2016-17,purchased,Chicken (live),14009,736,736,0.05253765436505104,0.059044970368767165,32323.5,0.0,True
2016-17,purchased,Chicken (thigh),14009,3186,3186,0.22742522664001713,0.27762007848217735,77227.31,0.0,True
2016-17,purchased,Chicken (wing),14009,1106,1106,0.07894924691269897,0.09377429599434217,14751.2,0.0,True
2016-17,purchased,Chilli Powder (black pepper),14009,90,90,0.006424441430508959,0.0060803392306829,154.5,0.0,True
2016-17,purchased,Chocolate,14009,92,92,0.00656720679563138,0.009317047695666842,833.8000000000001,0.0,True
2016-17,purchased,Cigarette,14009,402,402,0.02869583838960668,0.01708384524540212,4749.57,0.0,False
2016-17,purchased,Cocoa (milk powder beverages),14009,5058,5058,0.3610536083946035,0.4214736627338218,54449.170000000006,0.0,True
2016-17,purchased,Cocoa Powder,14009,92,92,0.00656720679563138,0.005669956643835622,976.8000000000001,0.0,True
2016-17,purchased,Coconut (dried),14009,45,45,0.0032122207152544793,0.004043788239699063,118.3,0.0,True
2016-17,purchased,Coconut (fresh),14009,1395,1395,0.09957884217288886,0.13903153936446797,8253.7,0.0,True
2016-17,purchased,Cocoyam,14009,1049,1049,0.07488043400670998,0.09983380767366265,12312.0,0.0,True
2016-17,purchased,Cocoyam Leaves,14009,4287,4287,0.30601756013991005,0.33899050201997455,23023.440000000002,0.0,True
2016-17,purchased,Coffee,14009,233,233,0.01663216503676208,0.01354464684669183,1041.6,0.0,True
2016-17,purchased,Condiment,14009,10001,10001,0.7138982082946678,0.6483365930089868,48018.79,0.0,True
2016-17,purchased,Cooked Rice and Stew,14009,7887,7887,0.5629952173602684,0.6672148329085257,267324.54,0.0,True
2016-17,purchased,Corflake,14009,44,44,0.0031408380326932686,0.004220942787419714,778.0,0.0,True
2016-17,purchased,Couscous,14009,5,5,0.0003569134128060533,0.00031091634295205375,27.5,0.0,True
2016-17,purchased,Cowpea,14009,2747,2747,0.19608822899564565,0.18573936786691495,28851.809999999998,0.0,True
2016-17,purchased,Crab,14009,555,555,0.03961738882147191,0.053149118301182886,3616.2,0.0,True
2016-17,purchased,Curry Power,14009,706,706,0.05039617388821472,0.06659695686054005,1210.3,0.0,True
2016-17,purchased,Dawadawa,14009,2412,2412,0.1721750303376401,0.09717446568453023,15540.900000000001,0.0,True
2016-17,purchased,Egg,14009,5449,5449,0.38896423727603685,0.48500840185534555,50689.770000000004,0.0,True
2016-17,purchased,Eggplant,14009,6965,6965,0.4971803840388322,0.6058141180705431,48993.0,0.0,True
2016-17,purchased,Eggplant Leaf,14009,0,0,0.0,0.0,0.0,0.0,True
2016-17,purchased,Fish (canned),14009,2397,2397,0.17110429009922193,0.2163059285600452,21071.4,0.0,True
2016-17,purchased,Fish (dried),14009,3054,3054,0.21800271254193732,0.26429324316766906,21600.4,0.0,True
2016-17,purchased,Fish (fried),14009,4445,4445,0.31729602398458134,0.3678411127345289,50705.0,0.0,True
2016-17,purchased,Fish (salted),14009,2992,2992,0.21357698622314228,0.2598213737193773,15610.92,0.0,True
2016-17,purchased,"Fish (smoked, river)",14009,5238,5238,0.37390249125562136,0.43456800880931035,151588.57,0.0,True
2016-17,purchased,"Fish (smoked, sea)",14009,4470,4470,0.3190805910486116,0.38258677476438036,145209.0,0.0,True
2016-17,purchased,Fried Plantain and Beans,14009,3334,3334,0.23798986365907632,0.32324919003638786,39875.7,0.0,True
2016-17,purchased,Gari (white),14009,3999,3999,0.2854593475622814,0.30336072150033055,37453.7,0.0,True
2016-17,purchased,Gari (yellow),14009,435,435,0.031051466914126632,0.03421693943808878,3394.76,0.0,True
2016-17,purchased,Garlic,14009,3430,3430,0.24484260118495252,0.28891858278011484,8677.48,0.0,True
2016-17,purchased,Gin,14009,179,179,0.012777500178456707,0.009879341607320164,1085.3000000000002,0.0,True
2016-17,purchased,Ginger,14009,3754,3754,0.26797059033478476,0.3042646065848181,9831.85,0.0,True
2016-17,purchased,Goat,14009,1142,1142,0.08151902348490256,0.09085430330856417,38619.03,0.0,True
2016-17,purchased,Grape,14009,53,53,0.0037832821757441647,0.005533309512497144,633.0,0.0,True
2016-17,purchased,Groundnut,14009,5633,5633,0.40209865086729957,0.41184272455042503,46337.259999999995,0.0,True
2016-17,purchased,Guinea Corn/Sorghum,14009,332,332,0.023699050610321935,0.011113606639490781,9594.6,0.0,True
2016-17,purchased,Guinea Fowl,14009,132,132,0.009422514098079806,0.006827422666052641,5285.0,0.0,True
2016-17,purchased,Herring (smoked),14009,8782,8782,0.6268827182525519,0.5995175359859128,203141.25,0.0,True
2016-17,purchased,Honey,14009,161,161,0.011492611892354915,0.011772620028710486,2876.8,0.0,True
2016-17,purchased,Ice Cream,14009,875,875,0.06245984724105932,0.0844299797425515,3376.8,0.0,True
2016-17,purchased,Instant Noodle,14009,844,844,0.06024698408166179,0.07716718399560271,9061.78,0.0,True
2016-17,purchased,Juice,14009,1598,1598,0.11406952673281462,0.15365264225774736,24783.82,0.0,True
2016-17,purchased,Jute Leaf,14009,0,0,0.0,0.0,0.0,0.0,True
2016-17,purchased,Kapla,14009,3018,3018,0.21543293596973373,0.2611076917784689,52548.3,0.0,True
2016-17,purchased,Kenkey/Banku,14009,8054,8054,0.5749161253479905,0.6907163625306049,221660.93000000002,0.0,True
2016-17,purchased,Khebabs,14009,650,650,0.046398743664786926,0.059352850070472356,9680.5,0.0,True
2016-17,purchased,Kola Nut,14009,881,881,0.06288814333642659,0.032249500197090615,5499.8,0.0,True
2016-17,purchased,Lime,14009,125,125,0.008922835320151331,0.014062611390143387,308.5,0.0,True
2016-17,purchased,Macaroni,14009,334,334,0.023841815975444356,0.0238768277358957,1926.3999999999999,0.0,True
2016-17,purchased,Mackerel (processed),14009,2270,2270,0.16203868941394817,0.20580165153470475,24543.120000000003,0.0,True
2016-17,purchased,Maize (cob),14009,0,0,0.0,0.0,0.0,0.0,True
2016-17,purchased,Maize (flour/dough),14009,6212,6212,0.44342922407024055,0.5433590609988743,80969.92,0.0,True
2016-17,purchased,Maize (grain),14009,3376,3376,0.24098793632664717,0.1889330963122951,122022.3,0.0,True
2016-17,purchased,Maizena,14009,4,4,0.0002855307302448426,0.00028730426325334393,42.0,0.0,True
2016-17,purchased,Malt Drinks (bottle),14009,2363,2363,0.16867727889214076,0.1932442131267137,27741.629999999997,0.0,True
2016-17,purchased,Malt Drinks (canned),14009,1545,1545,0.11028624455707045,0.1260827877322959,18300.0,0.0,True
2016-17,purchased,Mango,14009,888,888,0.06338782211435506,0.07453720734225878,5293.55,0.0,True
2016-17,purchased,Margarine,14009,309,309,0.02205724891141409,0.02577793606064333,1437.8899999999999,0.0,True
2016-17,purchased,Milk (evaporated),14009,3353,3353,0.23934613462773932,0.2940998787535637,46239.1,0.0,True
2016-17,purchased,Milk (fresh),14009,305,305,0.02177171818116925,0.014871687145941264,3372.1,0.0,True
2016-17,purchased,Milk (powder),14009,2944,2944,0.21015061746020416,0.24678485706072845,22334.9,0.0,True
2016-17,purchased,"Milk (tinned, condensed/unsweetened)",14009,55,55,0.003926047540866586,0.00322114057700492,546.9,0.0,True
2016-17,purchased,Millet,14009,433,433,0.03090870154900421,0.013033412422001877,12211.89,0.0,True
2016-17,purchased,Millet (flour),14009,187,187,0.013348561638946392,0.009095218253925971,1753.6,0.0,True
2016-17,purchased,Mutton,14009,250,250,0.017845670640302663,0.017734505458048,6429.0,0.0,True
2016-17,purchased,Oil (coconut),14009,313,313,0.022342779641658934,0.0213847048794838,2114.3,0.0,True
2016-17,purchased,Oil (groundnut),14009,697,697,0.04975372974516382,0.03262606706126538,6823.5,0.0,True
2016-17,purchased,Oil (palm kernel),14009,109,109,0.007780712399171961,0.007509248679920146,534.5,0.0,True
2016-17,purchased,Oil (palm),14009,5497,5497,0.39239060603897497,0.45426598278387864,47761.21,0.0,True
2016-17,purchased,Oil (vegetable),14009,8261,8261,0.5896923406381612,0.611017394613971,118836.57999999999,0.0,True
2016-17,purchased,Okra,14009,8421,8421,0.6011135698479548,0.5992834767769771,67725.98000000001,0.0,True
2016-17,purchased,Onion,14009,12092,12092,0.8631593975301591,0.8634375852950563,126310.62999999999,0.0,True
2016-17,purchased,Orange,14009,3412,3412,0.24355771289885073,0.2944392817339552,12717.65,0.0,True
2016-17,purchased,Other Alcoholic Beverages,14009,0,0,0.0,0.0,0.0,0.0,True
2016-17,purchased,Other Beverages,14009,336,336,0.023984581340566778,0.0207479666897654,2090.15,0.0,True
2016-17,purchased,Other Cereal,14009,69,69,0.0049254050967235345,0.007837538157738716,918.8,0.0,True
2016-17,purchased,Other Domestic Poultry,14009,0,0,0.0,0.0,0.0,0.0,True
2016-17,purchased,Other Fish,14009,1791,1791,0.1278463844671283,0.10988975533591572,33852.3,0.0,True
2016-17,purchased,Other Flours,14009,0,0,0.0,0.0,0.0,0.0,True
2016-17,purchased,Other Fruits,14009,208,208,0.014847597972731816,0.01467197258613858,1135.2,0.0,True
2016-17,purchased,Other Grains,14009,0,0,0.0,0.0,0.0,0.0,True
2016-17,purchased,Other Leafy Vegetables,14009,0,0,0.0,0.0,0.0,0.0,True
2016-17,purchased,Other Meat,14009,434,434,0.03098008423156542,0.028595982160371534,13557.1,0.0,True
2016-17,purchased,Other Milk Products,14009,737,737,0.05260903704761225,0.06989730808988351,3210.7999999999997,0.0,True
2016-17,purchased,Other Nuts/Seeds,14009,0,0,0.0,0.0,0.0,0.0,True
2016-17,purchased,Other Oils,14009,91,91,0.006495824113070169,0.004837585772198051,1656.6,0.0,True
2016-17,purchased,Other Prepared Meals,14009,6480,6480,0.462559782996645,0.5296262918856353,133216.73,0.0,True
2016-17,purchased,Other Pulses,14009,0,0,0.0,0.0,0.0,0.0,True
2016-17,purchased,Other Spices,14009,388,388,0.02769648083374973,0.026995463303386417,1046.5,0.0,True
2016-17,purchased,Other Spirits,14009,97,97,0.006924120208437433,0.005945235409403284,626.49,0.0,True
2016-17,purchased,Other Tobacco,14009,115,115,0.008209008494539224,0.004533961437910389,1088.0,0.0,False
2016-17,purchased,Other Tubers,14009,19,19,0.0013562709686630024,0.001327499765386548,170.0,0.0,True
2016-17,purchased,Other Vegetables,14009,2264,2264,0.1616103933185809,0.13362782029094358,14606.779999999999,0.0,True
2016-17,purchased,Palm Nut,14009,2391,2391,0.17067599400385466,0.20589692557151718,17299.86,0.0,True
2016-17,purchased,Pawpaw,14009,611,611,0.04361481904489971,0.05857234433126082,2675.0,0.0,True
2016-17,purchased,Pepper,14009,9603,9603,0.6854879006353058,0.7368124291684935,68067.21,0.0,True
2016-17,purchased,Pepper (dried),14009,3654,3654,0.2608323220786637,0.18158368170491668,22609.35,0.0,True
2016-17,purchased,Pepper (powder),14009,3413,3413,0.24362909558141194,0.2821994207406322,11078.65,0.0,True
2016-17,purchased,Pineapple,14009,1249,1249,0.0891569705189521,0.1242938657430092,7322.9,0.0,True
2016-17,purchased,Pito,14009,894,894,0.06381611820972233,0.02305506730336936,13497.199999999999,0.0,True
2016-17,purchased,Pizza,14009,44,44,0.0031408380326932686,0.004415699173630892,2111.0,0.0,True
2016-17,purchased,Plantain,14009,5081,5081,0.3626954100935113,0.47530547305092974,91741.9,0.0,True
2016-17,purchased,Pork,14009,562,562,0.04011706759940038,0.02622427049662907,13346.0,0.0,True
2016-17,purchased,Pork (feet),14009,91,91,0.006495824113070169,0.009796906021041472,943.46,0.0,True
2016-17,purchased,Pork (fillet),14009,4,4,0.0002855307302448426,0.00020670845829843642,27.0,0.0,True
2016-17,purchased,Pork (rib),14009,9,9,0.0006424441430508958,0.0005721893029810631,95.0,0.0,True
2016-17,purchased,Pork (shoulder),14009,5,5,0.0003569134128060533,0.00017137350475659758,69.0,0.0,True
2016-17,purchased,Potato,14009,341,341,0.02434149475337283,0.024652097504052027,2424.5,0.0,True
2016-17,purchased,Rice (imported),14009,7054,7054,0.5035334427867799,0.61586274869068,325253.70999999996,0.0,True
2016-17,purchased,Rice (local),14009,4902,4902,0.3499179099150546,0.26644696799897744,129280.26000000001,0.0,True
2016-17,purchased,Salmon (smoked),14009,7259,7259,0.5181668927118281,0.6364076713378776,196258.09999999998,0.0,True
2016-17,purchased,Salt,14009,8591,8591,0.6132486258833607,0.5051376926093107,33231.33,0.0,True
2016-17,purchased,Sausage (beef),14009,68,68,0.004854022414162325,0.005740947263617566,744.0,0.0,True
2016-17,purchased,Sausage (chicken),14009,93,93,0.006638589478192591,0.010883285529009657,1035.2,0.0,True
2016-17,purchased,Sausage (pork),14009,6,6,0.0004282960953672639,0.0005679366891817361,77.0,0.0,True
2016-17,purchased,Schnapps,14009,12,12,0.0008565921907345278,0.0006017172483579432,462.0,0.0,True
2016-17,purchased,Shallot,14009,486,486,0.034691983724748375,0.029501994966079154,2756.3,0.0,True
2016-17,purchased,Shea Butter,14009,1633,1633,0.116567920622457,0.052297389095181,10894.010000000002,0.0,True
2016-17,purchased,Shrimp,14009,218,218,0.015561424798343921,0.020164245784323295,1910.7,0.0,True
2016-17,purchased,Snail,14009,342,342,0.024412877435934042,0.034837429081178026,4520.0,0.0,True
2016-17,purchased,Soft Drinks,14009,2563,2563,0.1829538154043829,0.220206598491525,26348.870000000003,0.0,True
2016-17,purchased,Soup,14009,3109,3109,0.2219287600828039,0.28664435557600754,113558.66,0.0,True
2016-17,purchased,Soybean,14009,0,0,0.0,0.0,0.0,0.0,True
2016-17,purchased,Spaghetti,14009,543,543,0.038760796630737386,0.04508213546645579,3176.2799999999997,0.0,True
2016-17,purchased,Spinach,14009,0,0,0.0,0.0,0.0,0.0,True
2016-17,purchased,Sugar (cubed),14009,300,300,0.021414804768363195,0.020213418467232097,1640.9,0.0,True
2016-17,purchased,Sugar (granulated),14009,7971,7971,0.5689913626954101,0.5348246518312872,51243.48,0.0,True
2016-17,purchased,Sugar Bread,14009,7441,7441,0.5311585409379684,0.5608950521506529,82705.71,0.0,True
2016-17,purchased,Sweet Pepper,14009,807,807,0.057605824826896995,0.08126360092701411,3004.4,0.0,True
2016-17,purchased,Sweet Potato,14009,0,0,0.0,0.0,0.0,0.0,True
2016-17,purchased,Taro,14009,15,15,0.0010707402384181597,0.0019788356539414726,160.0,0.0,True
2016-17,purchased,Tea,14009,1679,1679,0.11985152402027269,0.0984039357172075,9816.099999999999,0.0,True
2016-17,purchased,Tilapia,14009,833,833,0.059461774573488474,0.06800459985545924,21135.5,0.0,True
2016-17,purchased,Tobacco,14009,245,245,0.01748875722749661,0.00829852122462063,1323.6,0.0,False
2016-17,purchased,Tomato (fresh),14009,11143,11143,0.7954172317795702,0.8176660521534697,175393.7,0.0,True
2016-17,purchased,Tomato (paste),14009,9588,9588,0.6844171603968877,0.7287243876659335,110137.43,0.0,True
2016-17,purchased,Tuna (processed),14009,236,236,0.016846313084445712,0.02176729929212025,1742.3999999999999,0.0,True
2016-17,purchased,Tuo Zaafi,14009,1723,1723,0.12299236205296595,0.16530073321118685,36524.5,0.0,True
2016-17,purchased,Vinegar,14009,20,20,0.001427653651224213,0.0012157117012989457,68.8,0.0,True
2016-17,purchased,Water,14009,7826,7826,0.5586408737240346,0.6951316319023518,117781.83000000002,0.0,True
2016-17,purchased,Water Yam,14009,324,324,0.023127989149832252,0.027243649465372385,5853.0,0.0,True
2016-17,purchased,Watermelon,14009,1672,1672,0.11935184524234421,0.15982676088238146,11988.2,0.0,True
2016-17,purchased,Wheat Flour,14009,111,111,0.007923477764294383,0.009141205419500545,1296.3,0.0,True
2016-17,purchased,Whisky,14009,56,56,0.003997430223427797,0.002703515824401973,763.8,0.0,True
2016-17,purchased,White Oat,14009,887,887,0.06331643943179385,0.08671625186861913,9212.900000000001,0.0,True
2016-17,purchased,Wine,14009,201,201,0.01434791919480334,0.011223082596422332,3198.96,0.0,True
2016-17,purchased,Yam,14009,5610,5610,0.40045684916839175,0.49217586946498304,143857.2,0.0,True
2016-17,purchased,Yoghurt,14009,2417,2417,0.17253194375044614,0.22320124235923197,14350.730000000003,0.0,True
2016-17,total,Agushie Seed,14009,965,965,0.06888428867156828,0.08195866033186557,4510.75,0.0,True
2016-17,total,Akpeteshie,14009,1244,1244,0.08880005710614605,0.07575770003751496,22881.219999999998,0.0,True
2016-17,total,Apple,14009,658,658,0.046969805125276605,0.05945133157457472,5083.5199999999995,0.0,True
2016-17,total,Avocado,14009,1060,1060,0.0756656435148833,0.08792852204106003,17340.414497189522,0.0,True
2016-17,total,Bambara Bean,14009,851,851,0.06074666285959026,0.0221811357526354,23709.316667186467,0.0,True
2016-17,total,Banana,14009,3556,3556,0.2538368191876651,0.30786206291009877,26907.908331786093,0.0,True
2016-17,total,Beef,14009,4553,4553,0.3250053537011921,0.3720621584888739,132843.97,0.0,True
2016-17,total,Beef (corned),14009,275,275,0.01963023770433293,0.02833430842385089,4239.8,0.0,True
2016-17,total,Beef (face),14009,118,118,0.008423156542222856,0.011623371847183818,1602.0,0.0,True
2016-17,total,Beef (leg),14009,643,643,0.04589906488685845,0.06655800397272343,10370.5,0.0,True
2016-17,total,Beef (offal),14009,585,585,0.04175886929830823,0.05820330249658057,6435.39,0.0,True
2016-17,total,Beef (steak),14009,2113,2113,0.1508316082518381,0.18182466474445697,32632.9,0.0,True
2016-17,total,Beer,14009,903,903,0.06445856235277321,0.06920825446618423,23837.9,0.0,True
2016-17,total,Biscuit,14009,4604,4604,0.3286458705118138,0.36560801257630493,38335.939999999995,0.0,True
2016-17,total,Bitters,14009,590,590,0.04211578271111428,0.0472521374170758,6029.1,0.0,True
2016-17,total,Bread,14009,8786,8786,0.6271682489827968,0.7263779181982658,158183.5,0.0,True
2016-17,total,Cabbage,14009,45,45,0.0032122207152544793,0.002618780464326197,900.0000000149012,0.0,True
2016-17,total,Canned Fruits,14009,46,46,0.00328360339781569,0.003905520791514667,473.5,0.0,True
2016-17,total,Carrot,14009,1407,1407,0.10043543436362339,0.14023332340692912,6814.19,0.0,True
2016-17,total,Cashew,14009,34,34,0.0024270112070811623,0.0023087123900521977,80.5,0.0,True
2016-17,total,Cassava,14009,6959,6959,0.4967520879434649,0.592939599460106,345908.66269523354,0.0,True
2016-17,total,Cassava (dough),14009,6967,6967,0.4973231494039546,0.5798686744875587,110643.51224123777,0.0,True
2016-17,total,Cassava (dried),14009,2039,2039,0.14554928974230852,0.1634809222923646,29346.350000000002,0.0,True
2016-17,total,Cerelac (Baby food),14009,664,664,0.04739810122064387,0.06207782340359011,15923.2,0.0,True
2016-17,total,Chewing Gum,14009,1430,1430,0.10207723606253123,0.11857660273735429,4077.63,0.0,True
2016-17,total,Chicken,14009,267,267,0.019059176243843245,0.021926216105989584,5750.5,0.0,True
2016-17,total,Chicken (breast),14009,568,568,0.04054536369476765,0.040629181660875695,7622.6,0.0,True
2016-17,total,Chicken (frozen),14009,315,315,0.022485545006781356,0.024220257246312892,3018.7,0.0,True
2016-17,total,Chicken (gizzard),14009,115,115,0.008209008494539224,0.011913052874698347,1463.08,0.0,True
2016-17,total,Chicken (live),14009,1660,1660,0.11849525305160968,0.10148498865638514,88862.17087210715,0.0,True
2016-17,total,Chicken (thigh),14009,3186,3186,0.22742522664001713,0.27762007848217735,77227.31,0.0,True
2016-17,total,Chicken (wing),14009,1106,1106,0.07894924691269897,0.09377429599434217,14751.2,0.0,True
2016-17,total,Chilli Powder (black pepper),14009,90,90,0.006424441430508959,0.0060803392306829,154.5,0.0,True
2016-17,total,Chocolate,14009,92,92,0.00656720679563138,0.009317047695666842,833.8000000000001,0.0,True
2016-17,total,Cigarette,14009,402,402,0.02869583838960668,0.01708384524540212,4749.57,0.0,False
2016-17,total,Cocoa (milk powder beverages),14009,5058,5058,0.3610536083946035,0.4214736627338218,54449.170000000006,0.0,True
2016-17,total,Cocoa Powder,14009,92,92,0.00656720679563138,0.005669956643835622,976.8000000000001,0.0,True
2016-17,total,Coconut (dried),14009,45,45,0.0032122207152544793,0.004043788239699063,118.3,0.0,True
2016-17,total,Coconut (fresh),14009,1643,1643,0.1172817474480691,0.15468003955291193,17273.61444438249,0.0,True
2016-17,total,Cocoyam,14009,2089,2089,0.14911842387036905,0.1744732799223781,76116.98333448172,0.0,True
2016-17,total,Cocoyam Leaves,14009,4287,4287,0.30601756013991005,0.33899050201997455,23023.440000000002,0.0,True
2016-17,total,Coffee,14009,233,233,0.01663216503676208,0.01354464684669183,1041.6,0.0,True
2016-17,total,Condiment,14009,10001,10001,0.7138982082946678,0.6483365930089868,48018.79,0.0,True
2016-17,total,Cooked Rice and Stew,14009,7887,7887,0.5629952173602684,0.6672148329085257,267324.54,0.0,True
2016-17,total,Corflake,14009,44,44,0.0031408380326932686,0.004220942787419714,778.0,0.0,True
2016-17,total,Couscous,14009,5,5,0.0003569134128060533,0.00031091634295205375,27.5,0.0,True
2016-17,total,Cowpea,14009,3616,3616,0.2581197801413377,0.21332057907454216,53523.235001813475,0.0,True
2016-17,total,Crab,14009,555,555,0.03961738882147191,0.053149118301182886,3616.2,0.0,True
2016-17,total,Curry Power,14009,706,706,0.05039617388821472,0.06659695686054005,1210.3,0.0,True
2016-17,total,Dawadawa,14009,3270,3270,0.23342137197515883,0.12194985333046689,31198.400000032037,0.0,True
2016-17,total,Egg,14009,5947,5947,0.42451281319151973,0.5095945186747576,58142.42682910801,0.0,True
2016-17,total,Eggplant,14009,7410,7410,0.5289456777785709,0.6370008572332937,62446.902381575106,0.0,True
2016-17,total,Eggplant Leaf,14009,93,93,0.006638589478192591,0.00499970496217992,416.2000000476837,0.0,True
2016-17,total,Fish (canned),14009,2397,2397,0.17110429009922193,0.2163059285600452,21071.4,0.0,True
2016-17,total,Fish (dried),14009,3054,3054,0.21800271254193732,0.26429324316766906,21600.4,0.0,True
2016-17,total,Fish (fried),14009,4445,4445,0.31729602398458134,0.3678411127345289,50705.0,0.0,True
2016-17,total,Fish (salted),14009,2992,2992,0.21357698622314228,0.2598213737193773,15610.92,0.0,True
2016-17,total,"Fish (smoked, river)",14009,5238,5238,0.37390249125562136,0.43456800880931035,151588.57,0.0,True
2016-17,total,"Fish (smoked, sea)",14009,4470,4470,0.3190805910486116,0.38258677476438036,145209.0,0.0,True
2016-17,total,Fried Plantain and Beans,14009,3334,3334,0.23798986365907632,0.32324919003638786,39875.7,0.0,True
2016-17,total,Gari (white),14009,3999,3999,0.2854593475622814,0.30336072150033055,37453.7,0.0,True
2016-17,total,Gari (yellow),14009,725,725,0.05175244485687772,0.05287839836770411,7688.2871381735795,0.0,True
2016-17,total,Garlic,14009,3430,3430,0.24484260118495252,0.28891858278011484,8677.48,0.0,True
2016-17,total,Gin,14009,179,179,0.012777500178456707,0.009879341607320164,1085.3000000000002,0.0,True
2016-17,total,Ginger,14009,3754,3754,0.26797059033478476,0.3042646065848181,9831.85,0.0,True
2016-17,total,Goat,14009,1232,1232,0.08794346491541152,0.09440595310163345,55100.36333969116,0.0,True
2016-17,total,Grape,14009,53,53,0.0037832821757441647,0.005533309512497144,633.0,0.0,True
2016-17,total,Groundnut,14009,7035,7035,0.5021771718181169,0.45174206911714504,103159.84948922231,0.0,True
2016-17,total,Guinea Corn/Sorghum,14009,1230,1230,0.0878006995502891,0.03378051917620342,53465.94845183745,0.0,True
2016-17,total,Guinea Fowl,14009,328,328,0.023413519880077092,0.012104234578803694,20852.87302622199,0.0,True
2016-17,total,Herring (smoked),14009,8782,8782,0.6268827182525519,0.5995175359859128,203141.25,0.0,True
2016-17,total,Honey,14009,161,161,0.011492611892354915,0.011772620028710486,2876.8,0.0,True
2016-17,total,Ice Cream,14009,875,875,0.06245984724105932,0.0844299797425515,3376.8,0.0,True
2016-17,total,Instant Noodle,14009,844,844,0.06024698408166179,0.07716718399560271,9061.78,0.0,True
2016-17,total,Juice,14009,1598,1598,0.11406952673281462,0.15365264225774736,24783.82,0.0,True
2016-17,total,Jute Leaf,14009,667,667,0.0476122492683275,0.025609555071277157,7623.984578195214,0.0,True
2016-17,total,Kapla,14009,3018,3018,0.21543293596973373,0.2611076917784689,52548.3,0.0,True
2016-17,total,Kenkey/Banku,14009,8054,8054,0.5749161253479905,0.6907163625306049,221660.93000000002,0.0,True
2016-17,total,Khebabs,14009,650,650,0.046398743664786926,0.059352850070472356,9680.5,0.0,True
2016-17,total,Kola Nut,14009,881,881,0.06288814333642659,0.032249500197090615,5499.8,0.0,True
2016-17,total,Lime,14009,125,125,0.008922835320151331,0.014062611390143387,308.5,0.0,True
2016-17,total,Macaroni,14009,334,334,0.023841815975444356,0.0238768277358957,1926.3999999999999,0.0,True
2016-17,total,Mackerel (processed),14009,2270,2270,0.16203868941394817,0.20580165153470475,24543.120000000003,0.0,True
2016-17,total,Maize (cob),14009,1363,1363,0.09729459633093011,0.06276165967871196,99058.60422471799,0.0,True
2016-17,total,Maize (flour/dough),14009,10123,10123,0.7226068955671354,0.7169555819343769,412985.47780174256,0.0,True
2016-17,total,Maize (grain),14009,3376,3376,0.24098793632664717,0.1889330963122951,122022.3,0.0,True
2016-17,total,Maizena,14009,4,4,0.0002855307302448426,0.00028730426325334393,42.0,0.0,True
2016-17,total,Malt Drinks (bottle),14009,2363,2363,0.16867727889214076,0.1932442131267137,27741.629999999997,0.0,True
2016-17,total,Malt Drinks (canned),14009,1545,1545,0.11028624455707045,0.1260827877322959,18300.0,0.0,True
2016-17,total,Mango,14009,1053,1053,0.07516596473695482,0.08225411719183341,11169.669528398514,0.0,True
2016-17,total,Margarine,14009,309,309,0.02205724891141409,0.02577793606064333,1437.8899999999999,0.0,True
2016-17,total,Milk (evaporated),14009,3353,3353,0.23934613462773932,0.2940998787535637,46239.1,0.0,True
2016-17,total,Milk (fresh),14009,350,350,0.024983938896423728,0.016705577533379607,7228.6,0.0,True
2016-17,total,Milk (powder),14009,2944,2944,0.21015061746020416,0.24678485706072845,22334.9,0.0,True
2016-17,total,"Milk (tinned, condensed/unsweetened)",14009,55,55,0.003926047540866586,0.00322114057700492,546.9,0.0,True
2016-17,total,Millet,14009,1081,1081,0.07716467984866872,0.02867301035567876,44618.98572554007,0.0,True
2016-17,total,Millet (flour),14009,1015,1015,0.07245342279962881,0.027867444176636363,31050.605595554785,0.0,True
2016-17,total,Mutton,14009,285,285,0.020344064529945034,0.019125604926579828,17897.0,0.0,True
2016-17,total,Oil (coconut),14009,333,333,0.023770433292883145,0.022666325280926256,2347.55,0.0,True
2016-17,total,Oil (groundnut),14009,717,717,0.05118138339638804,0.033344666378370656,7104.300000011921,0.0,True
2016-17,total,Oil (palm kernel),14009,138,138,0.009850810193447069,0.009306710373101894,883.9500000327826,0.0,True
2016-17,total,Oil (palm),14009,5896,5896,0.420872296380898,0.47795737282409345,55170.122145341935,0.0,True
2016-17,total,Oil (vegetable),14009,8261,8261,0.5896923406381612,0.611017394613971,118836.57999999999,0.0,True
2016-17,total,Okra,14009,9551,9551,0.6817760011421229,0.6502234057739291,101931.04256479681,0.0,True
2016-17,total,Onion,14009,12200,12200,0.8708687272467699,0.8662866675093788,131255.83476212353,0.0,True
2016-17,total,Orange,14009,3734,3734,0.26654293668356055,0.3180413645919586,18352.236211420466,0.0,True
2016-17,total,Other Alcoholic Beverages,14009,138,138,0.009850810193447069,0.004508836202583522,4706.624999631048,0.0,True
2016-17,total,Other Beverages,14009,396,396,0.028267542294239417,0.023040013947101704,5113.635,0.0,True
2016-17,total,Other Cereal,14009,69,69,0.0049254050967235345,0.007837538157738716,918.8,0.0,True
2016-17,total,Other Domestic Poultry,14009,56,56,0.003997430223427797,0.0017837748432951298,8994.3,0.0,True
2016-17,total,Other Fish,14009,2046,2046,0.146048968520237,0.12262042976724463,70423.84771178961,0.0,True
2016-17,total,Other Flours,14009,172,172,0.012277821400528232,0.008675921891996952,3273.4375000298023,0.0,True
2016-17,total,Other Fruits,14009,256,256,0.018273966735669927,0.01698054208794991,1785.1400020256638,0.0,True
2016-17,total,Other Grains,14009,37,37,0.002641159254764794,0.0013273991905536008,806.1,0.0,True
2016-17,total,Other Leafy Vegetables,14009,917,917,0.06545791990863016,0.024508487567879704,10562.63268416971,0.0,True
2016-17,total,Other Meat,14009,684,684,0.048825754871868084,0.042472137057845374,39162.9833347857,0.0,True
2016-17,total,Other Milk Products,14009,737,737,0.05260903704761225,0.06989730808988351,3210.7999999999997,0.0,True
2016-17,total,Other Nuts/Seeds,14009,105,105,0.007495181668927119,0.0038787716488102586,767.8535714387893,0.0,True
2016-17,total,Other Oils,14009,112,112,0.007994860446855594,0.00607901564180108,2052.100002861023,0.0,True
2016-17,total,Other Prepared Meals,14009,6480,6480,0.462559782996645,0.5296262918856353,133216.73,0.0,True
2016-17,total,Other Pulses,14009,98,98,0.006995502890998644,0.004182892194560794,1193.025000065565,0.0,True
2016-17,total,Other Spices,14009,388,388,0.02769648083374973,0.026995463303386417,1046.5,0.0,True
2016-17,total,Other Spirits,14009,97,97,0.006924120208437433,0.005945235409403284,626.49,0.0,True
2016-17,total,Other Tobacco,14009,115,115,0.008209008494539224,0.004533961437910389,1088.0,0.0,False
2016-17,total,Other Tubers,14009,62,62,0.00442572631879506,0.004289175604722901,1561.9,0.0,True
2016-17,total,Other Vegetables,14009,2728,2728,0.19473195802698265,0.15706661674532393,17988.53803595707,0.0,True
2016-17,total,Palm Nut,14009,3255,3255,0.23235063173674067,0.2602389590938494,35318.26269893825,0.0,True
2016-17,total,Pawpaw,14009,1083,1083,0.07730744521379114,0.08849379689648297,7054.157143104077,0.0,True
2016-17,total,Pepper,14009,11315,11315,0.8076950531800985,0.8231724956799744,105277.94179973121,0.0,True
2016-17,total,Pepper (dried),14009,3654,3654,0.2608323220786637,0.18158368170491668,22609.35,0.0,True
2016-17,total,Pepper (powder),14009,3413,3413,0.24362909558141194,0.2821994207406322,11078.65,0.0,True
2016-17,total,Pineapple,14009,1383,1383,0.09872224998215433,0.13328568507841887,9039.454166674614,0.0,True
2016-17,total,Pito,14009,894,894,0.06381611820972233,0.02305506730336936,13497.199999999999,0.0,True
2016-17,total,Pizza,14009,44,44,0.0031408380326932686,0.004415699173630892,2111.0,0.0,True
2016-17,total,Plantain,14009,6788,6788,0.4845456492254979,0.6029639018406592,295849.1799637154,0.0,True
2016-17,total,Pork,14009,579,579,0.041330573202940965,0.026764190023536347,18313.0,0.0,True
2016-17,total,Pork (feet),14009,91,91,0.006495824113070169,0.009796906021041472,943.46,0.0,True
2016-17,total,Pork (fillet),14009,4,4,0.0002855307302448426,0.00020670845829843642,27.0,0.0,True
2016-17,total,Pork (rib),14009,9,9,0.0006424441430508958,0.0005721893029810631,95.0,0.0,True
2016-17,total,Pork (shoulder),14009,5,5,0.0003569134128060533,0.00017137350475659758,69.0,0.0,True
2016-17,total,Potato,14009,341,341,0.02434149475337283,0.024652097504052027,2424.5,0.0,True
2016-17,total,Rice (imported),14009,7054,7054,0.5035334427867799,0.61586274869068,325253.70999999996,0.0,True
2016-17,total,Rice (local),14009,5722,5722,0.40845170961524735,0.2914352918940541,200333.16199587123,0.0,True
2016-17,total,Salmon (smoked),14009,7259,7259,0.5181668927118281,0.6364076713378776,196258.09999999998,0.0,True
2016-17,total,Salt,14009,8591,8591,0.6132486258833607,0.5051376926093107,33231.33,0.0,True
2016-17,total,Sausage (beef),14009,68,68,0.004854022414162325,0.005740947263617566,744.0,0.0,True
2016-17,total,Sausage (chicken),14009,93,93,0.006638589478192591,0.010883285529009657,1035.2,0.0,True
2016-17,total,Sausage (pork),14009,6,6,0.0004282960953672639,0.0005679366891817361,77.0,0.0,True
2016-17,total,Schnapps,14009,12,12,0.0008565921907345278,0.0006017172483579432,462.0,0.0,True
2016-17,total,Shallot,14009,486,486,0.034691983724748375,0.029501994966079154,2756.3,0.0,True
2016-17,total,Shea Butter,14009,1922,1922,0.13719751588264686,0.05849425821187114,23536.15754348472,0.0,True
2016-17,total,Shrimp,14009,218,218,0.015561424798343921,0.020164245784323295,1910.7,0.0,True
2016-17,total,Snail,14009,414,414,0.02955243058034121,0.039364396937403484,6150.4,0.0,True
2016-17,total,Soft Drinks,14009,2563,2563,0.1829538154043829,0.220206598491525,26348.870000000003,0.0,True
2016-17,total,Soup,14009,3109,3109,0.2219287600828039,0.28664435557600754,113558.66,0.0,True
2016-17,total,Soybean,14009,395,395,0.028196159611678207,0.012893695373440749,7833.627778863161,0.0,True
2016-17,total,Spaghetti,14009,543,543,0.038760796630737386,0.04508213546645579,3176.2799999999997,0.0,True
2016-17,total,Spinach,14009,1800,1800,0.12848882861017918,0.1308767041331471,22689.83399671033,0.0,True
2016-17,total,Sugar (cubed),14009,300,300,0.021414804768363195,0.020213418467232097,1640.9,0.0,True
2016-17,total,Sugar (granulated),14009,7971,7971,0.5689913626954101,0.5348246518312872,51243.48,0.0,True
2016-17,total,Sugar Bread,14009,7441,7441,0.5311585409379684,0.5608950521506529,82705.71,0.0,True
2016-17,total,Sweet Pepper,14009,807,807,0.057605824826896995,0.08126360092701411,3004.4,0.0,True
2016-17,total,Sweet Potato,14009,94,94,0.006709972160753801,0.0037381538877981017,7244.644999046326,0.0,True
2016-17,total,Taro,14009,15,15,0.0010707402384181597,0.0019788356539414726,160.0,0.0,True
2016-17,total,Tea,14009,1679,1679,0.11985152402027269,0.0984039357172075,9816.099999999999,0.0,True
2016-17,total,Tilapia,14009,833,833,0.059461774573488474,0.06800459985545924,21135.5,0.0,True
2016-17,total,Tobacco,14009,245,245,0.01748875722749661,0.00829852122462063,1323.6,0.0,False
2016-17,total,Tomato (fresh),14009,11567,11567,0.8256834891855236,0.8420022256065501,198560.4441143729,0.0,True
2016-17,total,Tomato (paste),14009,9588,9588,0.6844171603968877,0.7287243876659335,110137.43,0.0,True
2016-17,total,Tuna (processed),14009,236,236,0.016846313084445712,0.02176729929212025,1742.3999999999999,0.0,True
2016-17,total,Tuo Zaafi,14009,1723,1723,0.12299236205296595,0.16530073321118685,36524.5,0.0,True
2016-17,total,Vinegar,14009,20,20,0.001427653651224213,0.0012157117012989457,68.8,0.0,True
2016-17,total,Water,14009,7826,7826,0.5586408737240346,0.6951316319023518,117781.83000000002,0.0,True
2016-17,total,Water Yam,14009,324,324,0.023127989149832252,0.027243649465372385,5853.0,0.0,True
2016-17,total,Watermelon,14009,1691,1691,0.12070811621100722,0.16075915621336703,13629.2,0.0,True
2016-17,total,Wheat Flour,14009,111,111,0.007923477764294383,0.009141205419500545,1296.3,0.0,True
2016-17,total,Whisky,14009,56,56,0.003997430223427797,0.002703515824401973,763.8,0.0,True
2016-17,total,White Oat,14009,887,887,0.06331643943179385,0.08671625186861913,9212.900000000001,0.0,True
2016-17,total,Wine,14009,201,201,0.01434791919480334,0.011223082596422332,3198.96,0.0,True
2016-17,total,Yam,14009,7286,7286,0.5200942251409808,0.5854834039375215,492705.5030789304,0.0,True
2016-17,total,Yoghurt,14009,2417,2417,0.17253194375044614,0.22320124235923197,14350.730000000003,0.0,True
