Preferred Label,Aggregate Label,status,reason,evidence,group_id,in_country_preferred,declared_waves,source_rows,country_crosswalk_targets,delivered_waves
Agushie Seed,Agushie Seed,singleton,No merge proposed at this stage.,,,True,2016-17,2016-17/Code_9b: 489.0; 2016-17/Label_9b: Agushie seeds (or milled),Agushie Seed,2016-17
Akpeteshie,Akpeteshie,singleton,No merge proposed at this stage.,,,True,1991-92; 1998-99; 2005-06; 2012-13; 2016-17,1991-92/Code_9b: 102.0; 1991-92/Label_9b: Akpeteshie and Other Local Spirits; 1998-99/Code_9b: 102.0; 1998-99/Label_9b: Akpeteshie and Other Local Spirits; 2005-06/Code_9b: 145.0; 2005-06/Label_9b: akpeteshie; 2012-13/Code_9b: 145.0; 2012-13/Label_9b: akpeteshie; 2016-17/Code_9b: 620.0; 2016-17/Label_9b: Akpeteshie,Akpeteshie,1991-92; 1998-99; 2005-06; 2012-13; 2016-17
Animals Fat,Animals Fat,singleton,No merge proposed at this stage.,,,True,1991-92; 1998-99,1991-92/Code_9b: 27.0; 1991-92/Label_9b: Animals Fats; 1998-99/Code_9b: 27.0; 1998-99/Label_9b: Animals Fats,Animals Fat,1991-92; 1998-99
Apple,Apple,singleton,No merge proposed at this stage.,,,True,2016-17,"2016-17/Code_9b: 440.0, 442.0; 2016-17/Label_9b: Apples (foreign), Sweet apple",Apple,2016-17
Avocado,Avocado,singleton,No merge proposed at this stage.,,,True,1987-88; 1988-89; 1991-92; 1998-99; 2005-06; 2012-13; 2016-17,1987-88/Code_12A: 335; 1987-88/Label_12A: Avocados; 1987-88/Code_12B: 335.0; 1987-88/Label_12B: Avocados; 1988-89/Code_12A: 335; 1988-89/Label_12A: Avocados; 1988-89/Code_12B: 335.0; 1988-89/Label_12B: Avocados; 1991-92/Code_9b: 35.0; 1991-92/Label_9b: Avocado pear; 1991-92/Code_8h: 35.0; 1991-92/Label_8h: Avocado pears; 1998-99/Code_9b: 35.0; 1998-99/Label_9b: Avocado pear; 1998-99/Code_8h: 35.0; 1998-99/Label_8h: Avocado pears; 2005-06/Code_9b: 73.0; 2005-06/Label_9b: avocado pear; 2005-06/Code_8h: 45.0; 2005-06/Label_8h: avocado pears; 2012-13/Code_9b: 73.0; 2012-13/Label_9b: avocado pear; 2012-13/Code_8h: 45.0; 2012-13/Label_8h: avocado pears; 2016-17/Code_9b: 439.0; 2016-17/Label_9b: Avocado pear; 2016-17/Code_8h: 45.0; 2016-17/Label_8h: 45. Avocado Pears,Avocado,1987-88; 1988-89; 1991-92; 1998-99; 2005-06; 2012-13; 2016-17
Baby Milk,Baby Milk,singleton,No merge proposed at this stage.,,,True,1991-92; 1998-99,1991-92/Code_9b: 68.0; 1991-92/Label_9b: Baby milk; 1998-99/Code_9b: 68.0; 1998-99/Label_9b: Baby milk,Baby Milk,1991-92; 1998-99
Bambara Bean,Bambara Bean,singleton,No merge proposed at this stage.,,,True,1991-92; 1998-99; 2005-06; 2012-13; 2016-17,1991-92/Code_9b: 19.0; 1991-92/Label_9b: Banbara Beans; 1991-92/Code_8h: 20.0; 1991-92/Label_8h: Banbara beans; 1998-99/Code_9b: 19.0; 1998-99/Label_9b: Banbara Beans; 1998-99/Code_8h: 20.0; 1998-99/Label_8h: Banbara beans; 2005-06/Code_8h: 20.0; 2005-06/Label_8h: bambara beans; 2012-13/Code_8h: 20.0; 2012-13/Label_8h: bambara beans; 2016-17/Code_8h: 20.0; 2016-17/Label_8h: 20. Bambara beans,Bambara Bean,1991-92; 1998-99; 2005-06; 2012-13; 2016-17
Banana,Banana,singleton,No merge proposed at this stage.,,,True,1987-88; 1988-89; 1991-92; 1998-99; 2005-06; 2012-13; 2016-17,1987-88/Code_12A: 336; 1987-88/Label_12A: Bananas; 1987-88/Code_12B: 336.0; 1987-88/Label_12B: Bananas; 1988-89/Code_12A: 336; 1988-89/Label_12A: Bananas; 1988-89/Code_12B: 336.0; 1988-89/Label_12B: Bananas; 1991-92/Code_9b: 36.0; 1991-92/Label_9b: Banana; 1991-92/Code_8h: 30.0; 1991-92/Label_8h: Bananas; 1998-99/Code_9b: 36.0; 1998-99/Label_9b: Banana; 1998-99/Code_8h: 30.0; 1998-99/Label_8h: Bananas; 2005-06/Code_9b: 69.0; 2005-06/Label_9b: banana; 2005-06/Code_8h: 40.0; 2005-06/Label_8h: bananas; 2012-13/Code_9b: 69.0; 2012-13/Label_9b: banana; 2012-13/Code_8h: 40.0; 2012-13/Label_8h: bananas; 2016-17/Code_9b: 434.0; 2016-17/Label_9b: Banana; 2016-17/Code_8h: 40.0; 2016-17/Label_8h: 40. Bananas,Banana,1987-88; 1988-89; 1991-92; 1998-99; 2005-06; 2012-13; 2016-17
Banku,Banku,singleton,No merge proposed at this stage.,,,True,1991-92; 1998-99,1991-92/Code_9b: 89.0; 1991-92/Label_9b: Banku and Stew; 1998-99/Code_9b: 89.0; 1998-99/Label_9b: Banku and Stew,Banku,1991-92; 1998-99
Bean,Bean,singleton,No merge proposed at this stage.,,,True,2005-06; 2012-13,2005-06/Code_9b: 115.0; 2005-06/Label_9b: beans; 2012-13/Code_9b: 115.0; 2012-13/Label_9b: beans,Bean,2005-06; 2012-13
Beef,Beef,singleton,Includes Other cow/beef product in 2016-17; retain existing fine identity.,,,True,1987-88; 1988-89; 1991-92; 1998-99; 2005-06; 2012-13; 2016-17,"1987-88/Code_12A: 323; 1987-88/Label_12A: Beef; 1987-88/Code_12B: 323.0; 1987-88/Label_12B: Beef; 1988-89/Code_12A: 323; 1988-89/Label_12A: Beef; 1988-89/Code_12B: 323.0; 1988-89/Label_12B: Beef; 1991-92/Code_9b: 53.0; 1991-92/Label_9b: Fresh Beef (Cattle); 1991-92/Code_8h: 63.0; 1991-92/Label_8h: Beef; 1998-99/Code_8h: 63.0; 1998-99/Label_8h: Beef; 2005-06/Code_9b: 20.0; 2005-06/Label_9b: beef; 2005-06/Code_8h: 63.0; 2005-06/Label_8h: beef; 2012-13/Code_9b: 20.0; 2012-13/Label_9b: beef; 2012-13/Code_8h: 63.0; 2012-13/Label_8h: beef; 2016-17/Code_9b: 101.0, 95.0; 2016-17/Label_9b: Beef with bones, Other cow/beef product; 2016-17/Code_8h: 67.0; 2016-17/Label_8h: 67. Beef",Beef,1987-88; 1988-89; 1991-92; 1998-99; 2005-06; 2012-13; 2016-17
Beef (corned),Beef (corned),singleton,No merge proposed at this stage.,,,True,1991-92; 2005-06; 2012-13; 2016-17,"1991-92/Code_9b: 52.0; 1991-92/Label_9b: Corned Beef; 2005-06/Code_9b: 18.0; 2005-06/Label_9b: corned beef; 2012-13/Code_9b: 18.0; 2012-13/Label_9b: corned beef; 2016-17/Code_9b: 131.0, 132.0, 133.0, 134.0; 2016-17/Label_9b: Bella corned beef, Exeter corned beef, Lele corned Beef, Other corned beef",Beef (corned),1991-92; 2005-06; 2012-13; 2016-17
Beef (face),Beef (face),singleton,No merge proposed at this stage.,,,True,2016-17,2016-17/Code_9b: 99.0; 2016-17/Label_9b: Cow face (head),Beef (face),2016-17
Beef (leg),Beef (leg),singleton,No merge proposed at this stage.,,,True,2016-17,"2016-17/Code_9b: 97.0, 98.0; 2016-17/Label_9b: Cow leg , local, Cow leg imported",Beef (leg),2016-17
Beef (offal),Beef (offal),singleton,No merge proposed at this stage.,,,True,2016-17,2016-17/Code_9b: 100.0; 2016-17/Label_9b: Cow offals (towel),Beef (offal),2016-17
Beef (steak),Beef (steak),singleton,No merge proposed at this stage.,,,True,2016-17,2016-17/Code_9b: 96.0; 2016-17/Label_9b: Beef without bones (steak),Beef (steak),2016-17
Beer,Beer/Pito,draft_merge,#935 gave Pito (sorghum beer) its own label (@ligon: keep distinct from beer); it was Beer in 91/98/16 and Wine in 05/12. The candidate tests whether the Aggregate axis should re-join them.,slurm_logs/ghanalss_aggregate_labels/LANDED.org: Pito given its own PL,beer_pito,True,1991-92; 1998-99; 2005-06; 2012-13; 2016-17,"1991-92/Code_9b: 99.0; 1991-92/Label_9b: Local and Imported Beer and Guinness; 1998-99/Code_9b: 99.0; 1998-99/Label_9b: Local and Imported Beer and Guinness; 2005-06/Code_9b: 157.0, 158.0, 159.0; 2005-06/Label_9b: beer (imported), beer (local), guinness & other stout; 2012-13/Code_9b: 157.0, 158.0, 159.0; 2012-13/Label_9b: beer (imported), beer (local), guinness & other stout; 2016-17/Code_9b: 635.0, 636.0, 637.0; 2016-17/Label_9b: Beer (Imported), Dark beer (e.g. Guilder, Guinness), National beer (star/club)",Beer,1991-92; 1998-99; 2005-06; 2012-13; 2016-17
Biscuit,Biscuit,singleton,No merge proposed at this stage.,,,True,1987-88; 1988-89; 1991-92; 1998-99; 2005-06; 2012-13; 2016-17,"1987-88/Code_12A: 309; 1987-88/Label_12A: Biscuits and cakes; 1987-88/Code_12B: 309.0; 1987-88/Label_12B: Biscuits and cakes; 1988-89/Code_12A: 309; 1988-89/Label_12A: Biscuits and cakes; 1988-89/Code_12B: 309.0; 1988-89/Label_12B: Biscuits and cakes; 1991-92/Code_9b: 7.0; 1991-92/Label_9b: Biscuits; 1998-99/Code_9b: 7.0; 1998-99/Label_9b: Biscuits; 2005-06/Code_9b: 9.0; 2005-06/Label_9b: biscuits; 2012-13/Code_9b: 9.0; 2012-13/Label_9b: biscuits; 2016-17/Code_9b: 67.0, 68.0, 69.0, 70.0, 71.0, 72.0, 73.0, 74.0, 75.0, 76.0, 77.0, 78.0; 2016-17/Label_9b: Cream crackers, Digestive biscuit, Ginger, Jack and Jill, Kings crackers, Malt and milk, Other biscuits, Perks biscuit, Picadilly biscuit, Short Bread, Short cake, Wafers",Biscuit,1987-88; 1988-89; 1991-92; 1998-99; 2005-06; 2012-13; 2016-17
Bitters,Bitters,singleton,No merge proposed at this stage.,,,True,2016-17,"2016-17/Code_9b: 621.0; 2016-17/Label_9b: Bitters (eg. Alomo, Agya Appiah, HerbAfric etc.)",Bitters,2016-17
Bread,Bread (including sugar bread),draft_merge,Sugar bread is a bread type;,"PR #937 additional_candidates.yml: bread_types; slurm_logs/ghanalss_aggregate_labels/LANDED.org: Gaps filled, Sugar Bread",bread_types,True,1991-92; 1998-99; 2005-06; 2012-13; 2016-17,"1991-92/Code_9b: 6.0; 1991-92/Label_9b: Bread, buns; 1998-99/Code_9b: 6.0; 1998-99/Label_9b: Bread, buns; 2005-06/Code_9b: 8.0; 2005-06/Label_9b: other bread; 2012-13/Code_9b: 8.0; 2012-13/Label_9b: other bread; 2016-17/Code_9b: 59.0, 60.0, 61.0, 62.0; 2016-17/Label_9b: Butter bread, Other bread, Tea bread, Whole wheat bread",Bread,1991-92; 1998-99; 2005-06; 2012-13; 2016-17
Broad Bean,Broad Bean,singleton,No merge proposed at this stage.,,,True,1991-92; 1998-99,1991-92/Code_9b: 20.0; 1991-92/Label_9b: Broad beans; 1998-99/Code_9b: 20.0; 1998-99/Label_9b: Broad beans,Broad Bean,1991-92; 1998-99
Cabbage,Cabbage,singleton,No merge proposed at this stage.,,,True,1987-88; 1988-89; 1991-92; 1998-99; 2005-06; 2012-13; 2016-17,1987-88/Code_12A: 351; 1987-88/Label_12A: Cabbage or lettuce; 1987-88/Code_12B: 351.0; 1987-88/Label_12B: Cabbage or lettuce; 1988-89/Code_12A: 351; 1988-89/Label_12A: Cabbage or lettuce; 1988-89/Code_12B: 351.0; 1988-89/Label_12B: Cabbage or lettuce; 1991-92/Code_8h: 46.0; 1991-92/Label_8h: Cabbage or Lettuce; 1998-99/Code_8h: 46.0; 1998-99/Label_8h: Cabbage/Lettuce; 2005-06/Code_8h: 56.0; 2005-06/Label_8h: cabbage/lettuce; 2012-13/Code_8h: 56.0; 2012-13/Label_8h: cabbage/lettuce; 2016-17/Code_8h: 56.0; 2016-17/Label_8h: 56. Cabbage/lettuce,Cabbage,1987-88; 1988-89; 1991-92; 1998-99; 2005-06; 2012-13; 2016-17
Canned Fruits,Canned Fruits,singleton,No merge proposed at this stage.,,,True,1991-92; 1998-99; 2005-06; 2012-13; 2016-17,1991-92/Code_9b: 41.0; 1991-92/Label_9b: Fruit canned; 1998-99/Code_9b: 41.0; 1998-99/Label_9b: Fruit canned; 2005-06/Code_9b: 75.0; 2005-06/Label_9b: canned or processed fruits; 2012-13/Code_9b: 75.0; 2012-13/Label_9b: canned or processed fruits; 2016-17/Code_9b: 452.0; 2016-17/Label_9b: Canned or processed fruits,Canned Fruits,1991-92; 1998-99; 2005-06; 2012-13; 2016-17
Carrot,Carrot,singleton,No merge proposed at this stage.,,,True,1991-92; 1998-99; 2005-06; 2012-13; 2016-17,1991-92/Code_8h: 42.0; 1991-92/Label_8h: Carrots; 1998-99/Code_8h: 42.0; 1998-99/Label_8h: Carrots; 2005-06/Code_9b: 83.0; 2005-06/Label_9b: carrots; 2005-06/Code_8h: 52.0; 2005-06/Label_8h: carrots; 2012-13/Code_9b: 83.0; 2012-13/Label_9b: carrots; 2012-13/Code_8h: 52.0; 2012-13/Label_8h: carrots; 2016-17/Code_9b: 455.0; 2016-17/Label_9b: Carrot; 2016-17/Code_8h: 52.0; 2016-17/Label_8h: 52. Carrots,Carrot,1991-92; 1998-99; 2005-06; 2012-13; 2016-17
Cashew,Cashew,singleton,No merge proposed at this stage.,,,True,2016-17,2016-17/Code_9b: 444.0; 2016-17/Label_9b: Cashew,Cashew,2016-17
Cassava,Cassava,singleton,No merge proposed at this stage.,,,True,1991-92; 1998-99,1991-92/Code_9b: 9.0; 1991-92/Label_9b: Cassava; 1991-92/Code_8h: 10.0; 1991-92/Label_8h: Cassava –roots; 1998-99/Code_9b: 9.0; 1998-99/Label_9b: Cassava; 1998-99/Code_8h: 10.0; 1998-99/Label_8h: Cassava –roots,Cassava,1987-88; 1988-89; 1991-92; 1998-99; 2005-06; 2012-13; 2016-17
Cassava (dough),Cassava (dough),singleton,No merge proposed at this stage.,,,True,1987-88; 1988-89; 1991-92; 1998-99; 2005-06; 2012-13; 2016-17,"1987-88/Code_12A: 307; 1987-88/Label_12A: Cassava in a form other than garri (achiekie, tapioca, dough, etc.); 1987-88/Code_12B: 307.0; 1987-88/Label_12B: Cassava in a form other than garri (achiekie, tapioca, dough, etc.); 1988-89/Code_12A: 307; 1988-89/Label_12A: Cassava in a form other than garri (achiekie, tapioca, dough, etc.); 1988-89/Code_12B: 307.0; 1988-89/Label_12B: Cassava in a form other than garri (achiekie, tapioca, dough, etc.); 1991-92/Code_9b: 16.0; 1991-92/Label_9b: Cassava dough; 1991-92/Code_8h: 12.0; 1991-92/Label_8h: Cassava (other forms); 1998-99/Code_9b: 16.0; 1998-99/Label_9b: Cassava dough; 1998-99/Code_8h: 12.0; 1998-99/Label_8h: Cassava (other forms); 2005-06/Code_9b: 123.0; 2005-06/Label_9b: cassava-dough; 2005-06/Code_8h: 12.0; 2005-06/Label_8h: cassava(other forms); 2012-13/Code_9b: 123.0; 2012-13/Label_9b: cassava-dough; 2012-13/Code_8h: 12.0; 2012-13/Label_8h: cassava(other forms); 2016-17/Code_9b: 54.0; 2016-17/Label_9b: Cassava dough; 2016-17/Code_8h: 12.0; 2016-17/Label_8h: 12. Cassava(other forms)",Cassava (dough),1987-88; 1988-89; 1991-92; 1998-99; 2005-06; 2012-13; 2016-17
Cassava (dried),Cassava (dried),singleton,No merge proposed at this stage.,,,True,2016-17,2016-17/Code_9b: 53.0; 2016-17/Label_9b: Cassava - Kokonte,Cassava (dried),2016-17
Cerelac (Baby food),Cerelac (Baby food),singleton,No merge proposed at this stage.,,,True,2005-06; 2012-13; 2016-17,"2005-06/Code_9b: 13.0; 2005-06/Label_9b: baby food (cerelac,etc); 2012-13/Code_9b: 13.0; 2012-13/Label_9b: baby food (cerelac,etc); 2016-17/Code_9b: 36.0, 37.0, 38.0, 39.0, 40.0, 41.0, 42.0; 2016-17/Label_9b: Beans, Maize, Millet, Mixed fruit, Other, Rice, Wheat",Cerelac (Baby food),2005-06; 2012-13; 2016-17
Chewing Gum,Chewing Gum,singleton,No merge proposed at this stage.,,,True,2016-17,"2016-17/Code_9b: 513.0, 514.0, 515.0, 516.0, 517.0, 518.0; 2016-17/Label_9b: Bubble gum, Mentos, Other confectionery, Other gums, PK, Trident",Chewing Gum,2016-17
Chicken,Chicken,singleton,No merge proposed at this stage.,,,True,1987-88; 1988-89; 1991-92; 1998-99,1987-88/Code_12A: 319; 1987-88/Label_12A: Chicken; 1987-88/Code_12B: 319.0; 1987-88/Label_12B: Chicken; 1988-89/Code_12A: 319; 1988-89/Label_12A: Chicken; 1988-89/Code_12B: 319.0; 1988-89/Label_12B: Chicken; 1991-92/Code_9b: 60.0; 1991-92/Label_9b: Chicken; 1991-92/Code_8h: 60.0; 1991-92/Label_8h: Chicken; 1998-99/Code_9b: 60.0; 1998-99/Label_9b: Chicken; 1998-99/Code_8h: 60.0; 1998-99/Label_8h: Chicken,Chicken,1987-88; 1988-89; 1991-92; 1998-99; 2005-06; 2012-13; 2016-17
Chicken (breast),Chicken (breast),singleton,No merge proposed at this stage.,,,True,2016-17,"2016-17/Code_9b: 124.0, 125.0; 2016-17/Label_9b: chicken breast with skin and bones, chicken breast without skin",Chicken (breast),2016-17
Chicken (frozen),Chicken (frozen),singleton,Source says Other chicken product; do not infer a pure frozen-food category.,,,True,2016-17,2016-17/Code_9b: 126.0; 2016-17/Label_9b: Other chicken product,Chicken (frozen),2016-17
Chicken (gizzard),Chicken (gizzard),singleton,No merge proposed at this stage.,,,True,2016-17,2016-17/Code_9b: 123.0; 2016-17/Label_9b: Gizzard,Chicken (gizzard),2016-17
Chicken (live),Chicken (live),singleton,No merge proposed at this stage.,,,True,2005-06; 2012-13; 2016-17,"2005-06/Code_9b: 27.0; 2005-06/Label_9b: chicken; 2005-06/Code_8h: 60.0; 2005-06/Label_8h: chicken; 2012-13/Code_9b: 27.0; 2012-13/Label_9b: chicken; 2012-13/Code_8h: 60.0; 2012-13/Label_8h: chicken; 2016-17/Code_9b: 118.0, 119.0; 2016-17/Label_9b: Local breed, Poultry farm breed; 2016-17/Code_8h: 63.0; 2016-17/Label_8h: 63. Chicken",Chicken; Chicken (live),2016-17
Chicken (thigh),Chicken (thigh),singleton,No merge proposed at this stage.,,,True,2016-17,2016-17/Code_9b: 121.0; 2016-17/Label_9b: Chicken parts(thighs),Chicken (thigh),2016-17
Chicken (wing),Chicken (wing),singleton,No merge proposed at this stage.,,,True,2016-17,2016-17/Code_9b: 122.0; 2016-17/Label_9b: Chicken parts(wings),Chicken (wing),2016-17
Chilli Powder (black pepper),Chilli Powder (black pepper),singleton,No merge proposed at this stage.,,,True,2005-06; 2012-13; 2016-17,2005-06/Code_9b: 100.0; 2005-06/Label_9b: black pepper; 2012-13/Code_9b: 100.0; 2012-13/Label_9b: black pepper; 2016-17/Code_9b: 528.0; 2016-17/Label_9b: Chilli powder (black pepper),Chilli Powder (black pepper),2005-06; 2012-13; 2016-17
Chocolate,Chocolate,singleton,No merge proposed at this stage.,,,True,2005-06; 2012-13; 2016-17,"2005-06/Code_9b: 95.0; 2005-06/Label_9b: chocolate; 2012-13/Code_9b: 95.0; 2012-13/Label_9b: chocolate; 2016-17/Code_9b: 511.0, 512.0; 2016-17/Label_9b: Golden tree, Other cholate",Chocolate,1991-92; 1998-99; 2005-06; 2012-13; 2016-17
Cigarette,Cigarette,nonfood_singleton,Excluded from food support profiles.,Delivered item label.,,True,1991-92; 1998-99; 2016-17,1991-92/Code_9b: 105.0; 1991-92/Label_9b: Cigarette; 1998-99/Code_9b: 105.0; 1998-99/Label_9b: Cigarette; 2016-17/Code_9b: 645.0; 2016-17/Label_9b: Cigarette,Cigarette,1991-92; 1998-99; 2005-06; 2016-17
Cocoa (milk powder beverages),Cocoa Powder,draft_merge,"#935 split the malted-drink group (Milo, Richoco, This Way; 2016-17 codes 556-560 less the two milk products moved out) from pure cocoa powder. Same FCT family (13_028 Ovaltine) before the split.",slurm_logs/ghanalss_aggregate_labels/TABLE_AUDIT.org: Issue 1 and Issue 3,cocoa_forms,True,2016-17,"2016-17/Code_9b: 554.0, 555.0, 556.0, 559.0, 560.0; 2016-17/Label_9b: Bournvita, Cow bell (coffee, choco etc.), Milo, Richoco, This way chocolate drink",Cocoa (milk powder beverages),2016-17
Cocoa Powder,Cocoa Powder,draft_merge,"#935 split the malted-drink group (Milo, Richoco, This Way; 2016-17 codes 556-560 less the two milk products moved out) from pure cocoa powder. Same FCT family (13_028 Ovaltine) before the split.",slurm_logs/ghanalss_aggregate_labels/TABLE_AUDIT.org: Issue 1 and Issue 3,cocoa_forms,True,2005-06; 2012-13; 2016-17,"2005-06/Code_9b: 130.0; 2005-06/Label_9b: chocolate drinks (including milo,bournvita etc); 2012-13/Code_9b: 130.0; 2012-13/Label_9b: chocolate drinks (including milo,bournvita etc); 2016-17/Code_9b: 551.0; 2016-17/Label_9b: Pure Cocoa Powder (eg. Brown gold)",Cocoa Powder,2005-06; 2012-13; 2016-17
Coconut (dried),Coconut (fresh/dried),draft_merge,"Two forms of one food; dried coconut is a 2016-17-only, very sparse label.",PR #937 additional_candidates.yml: coconut_forms (unchanged by #935),coconut_forms,True,2016-17,2016-17/Code_9b: 433.0; 2016-17/Label_9b: Coconut (dried),Coconut (dried),2016-17
Coconut (fresh),Coconut (fresh/dried),draft_merge,"Two forms of one food; dried coconut is a 2016-17-only, very sparse label.",PR #937 additional_candidates.yml: coconut_forms (unchanged by #935),coconut_forms,True,2005-06; 2012-13; 2016-17,2005-06/Code_9b: 68.0; 2005-06/Label_9b: coconut; 2005-06/Code_8h: 26.0; 2005-06/Label_8h: coconut; 2012-13/Code_9b: 68.0; 2012-13/Label_9b: coconut; 2012-13/Code_8h: 26.0; 2012-13/Label_8h: coconut; 2016-17/Code_9b: 432.0; 2016-17/Label_9b: Coconut (fresh); 2016-17/Code_8h: 26.0; 2016-17/Label_8h: 26. Coconut,Coconut (fresh),1987-88; 1988-89; 1991-92; 1998-99; 2005-06; 2012-13; 2016-17
Cocoyam,Cocoyam,singleton,No merge proposed at this stage.,,,True,1987-88; 1988-89; 1991-92; 1998-99; 2005-06; 2012-13; 2016-17,1987-88/Code_12A: 311; 1987-88/Label_12A: Cocoyams; 1987-88/Code_12B: 311.0; 1987-88/Label_12B: Cocoyams; 1988-89/Code_12A: 311; 1988-89/Label_12A: Cocoyams; 1988-89/Code_12B: 311.0; 1988-89/Label_12B: Cocoyams; 1991-92/Code_9b: 10.0; 1991-92/Label_9b: Cocoyam; 1991-92/Code_8h: 14.0; 1991-92/Label_8h: Cocoyams; 1998-99/Code_9b: 10.0; 1998-99/Label_9b: Cocoyam; 1998-99/Code_8h: 14.0; 1998-99/Label_8h: Cocoyams; 2005-06/Code_9b: 108.0; 2005-06/Label_9b: cocoyam; 2005-06/Code_8h: 14.0; 2005-06/Label_8h: cocoyam; 2012-13/Code_9b: 108.0; 2012-13/Label_9b: cocoyam; 2012-13/Code_8h: 14.0; 2012-13/Label_8h: cocoyam; 2016-17/Code_9b: 493.0; 2016-17/Label_9b: Cocoyam; 2016-17/Code_8h: 14.0; 2016-17/Label_8h: 14. Cocoyam,Cocoyam,1987-88; 1988-89; 1991-92; 1998-99; 2005-06; 2012-13; 2016-17
Cocoyam Leaves,Cocoyam Leaves,singleton,No merge proposed at this stage.,,,True,1991-92; 2005-06; 2012-13; 2016-17,1991-92/Code_9b: 43.0; 1991-92/Label_9b: Cocoyam leaves (kontomire); 2005-06/Code_9b: 80.0; 2005-06/Label_9b: cocoyam leaves (kontomire); 2012-13/Code_9b: 80.0; 2012-13/Label_9b: cocoyam leaves (kontomire); 2016-17/Code_9b: 453.0; 2016-17/Label_9b: Cocoyam leaves (kontomire) or Alefu,Cocoyam Leaves,1991-92; 2005-06; 2012-13; 2016-17
Coffee,Coffee,singleton,No merge proposed at this stage.,,,True,1991-92; 1998-99; 2005-06; 2012-13; 2016-17,1991-92/Code_9b: 82.0; 1991-92/Label_9b: Coffee; 1998-99/Code_9b: 82.0; 1998-99/Label_9b: Coffee; 2005-06/Code_9b: 129.0; 2005-06/Label_9b: coffee; 2012-13/Code_9b: 129.0; 2012-13/Label_9b: coffee; 2016-17/Code_9b: 550.0; 2016-17/Label_9b: Nescafe,Coffee,1991-92; 1998-99; 2005-06; 2012-13; 2016-17
Condiment,Condiment,singleton,No merge proposed at this stage.,,,True,1987-88; 1988-89; 2005-06; 2012-13; 2016-17,"1987-88/Code_12A: 343; 1987-88/Label_12A: Maggi cubes; 1988-89/Code_12A: 343; 1988-89/Label_12A: Maggi cubes; 2005-06/Code_9b: 103.0; 2005-06/Label_9b: other condiments (royco,maggie,etc); 2012-13/Code_9b: 104.0; 2012-13/Label_9b: other condiments (royco,maggie,etc); 2016-17/Code_9b: 535.0, 536.0, 537.0, 538.0, 539.0, 540.0; 2016-17/Label_9b: Benny, Maggi Cube, Onga 3-in-1, Onga cube, Other condiments, Royco cube",Condiment,1987-88; 1988-89; 2005-06; 2012-13; 2016-17
Confectionary (not frozen),Confectionary (not frozen),singleton,No merge proposed at this stage.,,,True,1991-92; 1998-99,1991-92/Code_9b: 95.0; 1991-92/Label_9b: Confectionary not Frozen; 1998-99/Code_9b: 95.0; 1998-99/Label_9b: Confectionary not Frozen,Confectionary (not frozen),1991-92; 1998-99
Cooked Rice and Stew,Cooked Rice and Stew,singleton,No merge proposed at this stage.,,,True,1991-92; 1998-99; 2005-06; 2012-13; 2016-17,"1991-92/Code_9b: 86.0; 1991-92/Label_9b: Cooked Rice and Stew; 1998-99/Code_9b: 86.0; 1998-99/Label_9b: Cooked Rice and Stew; 2005-06/Code_9b: 254.0, 262.0; 2005-06/Label_9b: cooked rice and sauce; 2012-13/Code_9b: 254.0, 262.0; 2012-13/Label_9b: cooked rice and sauce; 2016-17/Code_9b: 909.0, 915.0; 2016-17/Label_9b: Cooked rice and stew",Cooked Rice and Stew,1991-92; 1998-99; 2005-06; 2012-13; 2016-17
Corflake,Corflake,singleton,No merge proposed at this stage.,,,True,2016-17,2016-17/Code_9b: 84.0; 2016-17/Label_9b: Cornflakes (Kellogg's),Corflake,2016-17
Couscous,Couscous,singleton,No merge proposed at this stage.,,,True,2016-17,2016-17/Code_9b: 88.0; 2016-17/Label_9b: Couscous,Couscous,2016-17
Cowpea,Cowpea,singleton,No merge proposed at this stage.,,,True,1991-92; 1998-99; 2005-06; 2012-13; 2016-17,1991-92/Code_8h: 22.0; 1991-92/Label_8h: Cowpeas; 1998-99/Code_8h: 22.0; 1998-99/Label_8h: Cowpeas; 2005-06/Code_8h: 21.0; 2005-06/Label_8h: cowpeas; 2012-13/Code_8h: 21.0; 2012-13/Label_8h: cowpeas; 2016-17/Code_9b: 485.0; 2016-17/Label_9b: White beans (cowpea); 2016-17/Code_8h: 21.0; 2016-17/Label_8h: 21. Cowpeas,Cowpea,1991-92; 1998-99; 2005-06; 2012-13; 2016-17
Crab,Crab and shrimp,draft_merge,Named 2016-17 crustaceans; the historical broad Crustacean label stays separate.,PR #937 additional_candidates.yml: crab_shrimp (unchanged by #935),crab_shrimp,True,2016-17,2016-17/Code_9b: 152.0; 2016-17/Label_9b: Crab,Crab,2016-17
Crustacean,Crustacean,singleton,No merge proposed at this stage.,,,True,,,,1991-92; 1998-99; 2005-06; 2012-13
Curry Power,Curry Power,singleton,No merge proposed at this stage.,,,True,2016-17,2016-17/Code_9b: 527.0; 2016-17/Label_9b: Curry powder,Curry Power,2016-17
Dawadawa,Dawadawa,singleton,No merge proposed at this stage.,,,True,1991-92; 1998-99; 2012-13; 2016-17,1991-92/Code_9b: 23.0; 1991-92/Label_9b: Dawadawa; 1998-99/Code_9b: 23.0; 1998-99/Label_9b: Dawadawa; 2012-13/Code_9b: 103.0; 2012-13/Label_9b: dawadawa; 2016-17/Code_9b: 526.0; 2016-17/Label_9b: Dawadawa; 2016-17/Code_8h: 60.0; 2016-17/Label_8h: 60. Dawadawa,Dawadawa,1991-92; 1998-99; 2012-13; 2016-17
Dove/Pigeon,Dove/Pigeon,singleton,No merge proposed at this stage.,,,True,,,,1987-88; 1988-89
Duck,Duck,singleton,No merge proposed at this stage.,,,True,1987-88; 1988-89; 1991-92; 1998-99,1987-88/Code_12A: 321; 1987-88/Label_12A: Duck; 1987-88/Code_12B: 321.0; 1987-88/Label_12B: Duck; 1988-89/Code_12A: 321; 1988-89/Label_12A: Duck; 1988-89/Code_12B: 321.0; 1988-89/Label_12B: Duck; 1991-92/Code_9b: 61.0; 1991-92/Label_9b: Duck; 1998-99/Code_9b: 61.0; 1998-99/Label_9b: Duck,Duck,1987-88; 1988-89; 1991-92; 1998-99
Egg,Egg,singleton,No merge proposed at this stage.,,,True,1987-88; 1988-89; 1991-92; 1998-99; 2005-06; 2012-13; 2016-17,"1987-88/Code_12A: 328; 1987-88/Label_12A: Eggs (from all birds); 1987-88/Code_12B: 328.0; 1987-88/Label_12B: Eggs (from all birds); 1988-89/Code_12A: 328; 1988-89/Label_12A: Eggs (from all birds); 1988-89/Code_12B: 328.0; 1988-89/Label_12B: Eggs (from all birds); 1991-92/Code_9b: 64.0; 1991-92/Label_9b: Chicken eggs; 1991-92/Code_8h: 70.0; 1991-92/Label_8h: Eggs; 1998-99/Code_9b: 64.0; 1998-99/Label_9b: Chicken eggs; 1998-99/Code_8h: 70.0; 1998-99/Label_8h: Eggs; 2005-06/Code_9b: 53.0, 54.0; 2005-06/Label_9b: chicken eggs, other eggs; 2005-06/Code_8h: 70.0; 2005-06/Label_8h: eggs; 2012-13/Code_9b: 53.0, 54.0; 2012-13/Label_9b: chicken eggs, other eggs; 2012-13/Code_8h: 70.0; 2012-13/Label_8h: eggs; 2016-17/Code_9b: 416.0, 417.0; 2016-17/Label_9b: Chicken eggs (fresh, single), Other eggs; 2016-17/Code_8h: 74.0; 2016-17/Label_8h: 74. Eggs",Egg,1987-88; 1988-89; 1991-92; 1998-99; 2005-06; 2012-13; 2016-17
Eggplant,Eggplant,singleton,No merge proposed at this stage.,,,True,1987-88; 1988-89; 2005-06; 2012-13; 2016-17,1987-88/Code_12A: 347; 1987-88/Label_12A: Garden eggs; 1987-88/Code_12B: 347.0; 1987-88/Label_12B: Garden eggs; 1988-89/Code_12A: 347; 1988-89/Label_12A: Garden eggs; 1988-89/Code_12B: 347.0; 1988-89/Label_12B: Garden eggs; 2005-06/Code_9b: 81.0; 2005-06/Label_9b: garden eggs; 2005-06/Code_8h: 54.0; 2005-06/Label_8h: garden eggs/egg plant; 2012-13/Code_9b: 81.0; 2012-13/Label_9b: garden eggs; 2012-13/Code_8h: 54.0; 2012-13/Label_8h: garden eggs/egg plant; 2016-17/Code_9b: 456.0; 2016-17/Label_9b: Garden eggs; 2016-17/Code_8h: 54.0; 2016-17/Label_8h: 54. Garden eggs/egg plant,Eggplant,1987-88; 1988-89; 1991-92; 1998-99; 2005-06; 2012-13; 2016-17
Eggplant Leaf,Eggplant Leaf,singleton,No merge proposed at this stage.,,,True,2016-17,2016-17/Code_8h: 58.0; 2016-17/Label_8h: 58. Gboma,Eggplant Leaf,2016-17
Emotuo,Emotuo,singleton,No merge proposed at this stage.,,,True,1987-88; 1988-89,1987-88/Code_12A: 358; 1987-88/Label_12A: Emotuo; 1988-89/Code_12A: 358; 1988-89/Label_12A: Emotuo,Emotuo,1987-88; 1988-89
Fast Food,Fast Food,singleton,No merge proposed at this stage.,,,True,2005-06; 2012-13,2005-06/Code_9b: 258.0; 2005-06/Label_9b: fast foods; 2012-13/Code_9b: 258.0; 2012-13/Label_9b: fast foods,Fast Food,2005-06; 2012-13
Fish (canned),Fish (canned or in oil/sauce),draft_merge,Canned/processed fish forms named in 2016-17 beside the historical Fish (canned).,PR #937 additional_candidates.yml: named_processed_fish (unchanged by #935),named_processed_fish,True,1991-92; 1998-99; 2005-06; 2012-13; 2016-17,"1991-92/Code_9b: 76.0; 1991-92/Label_9b: Canned fish; 1998-99/Code_9b: 76.0; 1998-99/Label_9b: Canned fish; 2005-06/Code_9b: 38.0; 2005-06/Label_9b: fish (canned); 2012-13/Code_9b: 38.0; 2012-13/Label_9b: fish (canned); 2016-17/Code_9b: 165.0, 166.0, 167.0, 168.0, 169.0, 170.0, 171.0, 172.0; 2016-17/Label_9b: Gino, Lele, Obaapa, Other sardines, Princess, Smile, Titus, Vega",Fish (canned),1991-92; 1998-99; 2005-06; 2012-13; 2016-17
Fish (dried),Fish (dried),singleton,No merge proposed at this stage.,,,True,1991-92; 1998-99; 2005-06; 2012-13; 2016-17,1991-92/Code_9b: 74.0; 1991-92/Label_9b: Fish (dried); 1998-99/Code_9b: 74.0; 1998-99/Label_9b: Fish (dried); 2005-06/Code_9b: 35.0; 2005-06/Label_9b: fish (dried); 2012-13/Code_9b: 35.0; 2012-13/Label_9b: fish (dried); 2016-17/Code_9b: 158.0; 2016-17/Label_9b: Dried fish - Koobi,Fish (dried),1991-92; 1998-99; 2005-06; 2012-13; 2016-17
Fish (fresh and frozen),Fish (fresh and frozen),singleton,No merge proposed at this stage.,,,True,1991-92; 1998-99; 2005-06; 2012-13,1991-92/Code_9b: 73.0; 1991-92/Label_9b: Fish (fresh and frozen); 1991-92/Code_8h: 69.0; 1991-92/Label_8h: Fish & Shellfish; 1998-99/Code_9b: 73.0; 1998-99/Label_9b: Fish (fresh and frozen); 1998-99/Code_8h: 69.0; 1998-99/Label_8h: Fish & Shellfish; 2005-06/Code_9b: 34.0; 2005-06/Label_9b: fish (fresh and frozen); 2012-13/Code_9b: 34.0; 2012-13/Label_9b: fish (fresh and frozen),Fish (fresh and frozen),1987-88; 1988-89; 1991-92; 1998-99; 2005-06; 2012-13
Fish (fried),Fish (fried),singleton,No merge proposed at this stage.,,,True,1991-92; 1998-99; 2005-06; 2012-13; 2016-17,1991-92/Code_9b: 75.0; 1991-92/Label_9b: Fish (fried); 1998-99/Code_9b: 75.0; 1998-99/Label_9b: Fish (fried); 2005-06/Code_9b: 37.0; 2005-06/Label_9b: fish (fried); 2012-13/Code_9b: 37.0; 2012-13/Label_9b: fish (fried); 2016-17/Code_9b: 157.0; 2016-17/Label_9b: Fish (fried),Fish (fried),1991-92; 1998-99; 2005-06; 2012-13; 2016-17
Fish (salted),Fish (salted),singleton,No merge proposed at this stage.,,,True,2005-06; 2012-13; 2016-17,2005-06/Code_9b: 39.0; 2005-06/Label_9b: fish (salted); 2012-13/Code_9b: 39.0; 2012-13/Label_9b: fish (salted); 2016-17/Code_9b: 159.0; 2016-17/Label_9b: Fish (salted) e.g. Kako,Fish (salted),2005-06; 2012-13; 2016-17
Fish (smoked),Fish (smoked),draft_merge,"2016-17 separates river- and sea-smoked fish; 1991-92..2012-13 ask one ""smoked fish"" question. Excludes Herring (smoked) and Salmon (smoked), which are named species on every axis that carries them.","slurm_logs/ghanalss_aggregate_labels/TABLE_AUDIT.org: Issue 1, Fish (smoked)",smoked_fish_origin,True,1991-92; 1998-99; 2005-06; 2012-13,1991-92/Code_9b: 71.0; 1991-92/Label_9b: Smoked fish; 1998-99/Code_9b: 71.0; 1998-99/Label_9b: Smoked fish; 2005-06/Code_9b: 36.0; 2005-06/Label_9b: fish (smoked); 2012-13/Code_9b: 36.0; 2012-13/Label_9b: fish (smoked),Fish (smoked),1991-92; 1998-99; 2005-06; 2012-13
"Fish (smoked, river)",Fish (smoked),draft_merge,"2016-17 separates river- and sea-smoked fish; 1991-92..2012-13 ask one ""smoked fish"" question. Excludes Herring (smoked) and Salmon (smoked), which are named species on every axis that carries them.","slurm_logs/ghanalss_aggregate_labels/TABLE_AUDIT.org: Issue 1, Fish (smoked)",smoked_fish_origin,True,2016-17,2016-17/Code_9b: 153.0; 2016-17/Label_9b: Fish smoked (river),"Fish (smoked, river)",2016-17
"Fish (smoked, sea)",Fish (smoked),draft_merge,"2016-17 separates river- and sea-smoked fish; 1991-92..2012-13 ask one ""smoked fish"" question. Excludes Herring (smoked) and Salmon (smoked), which are named species on every axis that carries them.","slurm_logs/ghanalss_aggregate_labels/TABLE_AUDIT.org: Issue 1, Fish (smoked)",smoked_fish_origin,True,2016-17,2016-17/Code_9b: 154.0; 2016-17/Label_9b: Fish smoked (sea),"Fish (smoked, sea)",2016-17
Fried Plantain and Beans,Fried Plantain and Beans,singleton,No merge proposed at this stage.,,,True,,,,2016-17
Gari,Gari,draft_merge,"The raw labels are Garri/Gari in every wave (#935 renamed the former ""Cassava (flour)""); 2016-17 separates white and yellow gari. Excludes fresh cassava, dough and Cassava (dried).",slurm_logs/ghanalss_aggregate_labels/LANDED.org: Cassava (flour) renamed Gari; 2016-17 split; PR #937 validation.org: white/yellow retained as singletons,gari,True,1987-88; 1988-89; 1991-92; 1998-99; 2005-06; 2012-13,1987-88/Code_12A: 306; 1987-88/Label_12A: Garri; 1987-88/Code_12B: 306.0; 1987-88/Label_12B: Garri; 1988-89/Code_12A: 306; 1988-89/Label_12A: Garri; 1988-89/Code_12B: 306.0; 1988-89/Label_12B: Garri; 1991-92/Code_9b: 15.0; 1991-92/Label_9b: Gari; 1991-92/Code_8h: 11.0; 1991-92/Label_8h: Cassava –gari; 1998-99/Code_9b: 15.0; 1998-99/Label_9b: Gari; 1998-99/Code_8h: 11.0; 1998-99/Label_8h: Cassava –gari; 2005-06/Code_9b: 124.0; 2005-06/Label_9b: gari; 2005-06/Code_8h: 11.0; 2005-06/Label_8h: cassava-gari; 2012-13/Code_9b: 124.0; 2012-13/Label_9b: gari; 2012-13/Code_8h: 11.0; 2012-13/Label_8h: cassava-gari,Gari,1987-88; 1988-89; 1991-92; 1998-99; 2005-06; 2012-13
Gari (white),Gari,draft_merge,"The raw labels are Garri/Gari in every wave (#935 renamed the former ""Cassava (flour)""); 2016-17 separates white and yellow gari. Excludes fresh cassava, dough and Cassava (dried).",slurm_logs/ghanalss_aggregate_labels/LANDED.org: Cassava (flour) renamed Gari; 2016-17 split; PR #937 validation.org: white/yellow retained as singletons,gari,True,2016-17,2016-17/Code_9b: 56.0; 2016-17/Label_9b: White gari,Gari (white),2016-17
Gari (yellow),Gari,draft_merge,"The raw labels are Garri/Gari in every wave (#935 renamed the former ""Cassava (flour)""); 2016-17 separates white and yellow gari. Excludes fresh cassava, dough and Cassava (dried).",slurm_logs/ghanalss_aggregate_labels/LANDED.org: Cassava (flour) renamed Gari; 2016-17 split; PR #937 validation.org: white/yellow retained as singletons,gari,True,2016-17,2016-17/Code_9b: 55.0; 2016-17/Label_9b: Yellow gari; 2016-17/Code_8h: 11.0; 2016-17/Label_8h: 11. Cassava-gari,Gari (yellow),2016-17
Garlic,Garlic,singleton,No merge proposed at this stage.,,,True,2016-17,2016-17/Code_9b: 523.0; 2016-17/Label_9b: Garlic,Garlic,2016-17
Gin,Spirits (gin/whisky/schnapps),draft_merge,"Named spirits; Akpeteshie, Bitters and Other Spirits stay separate.",PR #937 additional_candidates.yml: named_spirits (unchanged by #935),named_spirits,True,1991-92; 1998-99; 2016-17,1991-92/Code_9b: 103.0; 1991-92/Label_9b: Gin; 1998-99/Code_9b: 103.0; 1998-99/Label_9b: Gin; 2016-17/Code_9b: 618.0; 2016-17/Label_9b: Gin,Gin,1991-92; 1998-99; 2016-17
Ginger,Ginger,singleton,No merge proposed at this stage.,,,True,2005-06; 2012-13; 2016-17,2005-06/Code_9b: 102.0; 2005-06/Label_9b: ginger; 2012-13/Code_9b: 102.0; 2012-13/Label_9b: ginger; 2016-17/Code_9b: 524.0; 2016-17/Label_9b: Ginger,Ginger,2005-06; 2012-13; 2016-17
Goat,Goat/Mutton,draft_merge,"#935 split Mutton out of Goat because the instrument lists them separately in 1991-92..2016-17 (GLSS1/2 have only mutton). Two species; the candidate exists so the split is a decision, not an omission.",slurm_logs/ghanalss_aggregate_labels/LANDED.org: Mutton split out of Goat,goat_mutton,True,1991-92; 1998-99; 2005-06; 2012-13; 2016-17,"1991-92/Code_9b: 55.0; 1991-92/Label_9b: Goat (fresh); 1991-92/Code_8h: 66.0; 1991-92/Label_8h: Goat; 1998-99/Code_8h: 66.0; 1998-99/Label_8h: Goat; 2005-06/Code_9b: 21.0; 2005-06/Label_9b: goat meat; 2005-06/Code_8h: 66.0; 2005-06/Label_8h: goat; 2012-13/Code_9b: 21.0; 2012-13/Label_9b: goat meat; 2012-13/Code_8h: 66.0; 2012-13/Label_8h: goat; 2016-17/Code_9b: 116.0, 117.0; 2016-17/Label_9b: Goat , live, Goat meat; 2016-17/Code_8h: 70.0; 2016-17/Label_8h: 70. Goat",Goat,1991-92; 1998-99; 2005-06; 2012-13; 2016-17
Grape,Grape,singleton,No merge proposed at this stage.,,,True,2016-17,2016-17/Code_9b: 441.0; 2016-17/Label_9b: Grapes,Grape,2016-17
Groundnut,Groundnut,singleton,No merge proposed at this stage.,,,True,1987-88; 1988-89; 1991-92; 1998-99; 2005-06; 2012-13; 2016-17,"1987-88/Code_12A: 316; 1987-88/Label_12A: Grount nuts; 1987-88/Code_12B: 316.0; 1987-88/Label_12B: Grount nuts; 1988-89/Code_12A: 316; 1988-89/Label_12A: Grount nuts; 1988-89/Code_12B: 316.0; 1988-89/Label_12B: Grount nuts; 1991-92/Code_9b: 21.0; 1991-92/Label_9b: Groundnuts; 1991-92/Code_8h: 23.0; 1991-92/Label_8h: Groundnuts (roasted or raw); 1998-99/Code_9b: 21.0; 1998-99/Label_9b: Groundnuts; 1998-99/Code_8h: 23.0; 1998-99/Label_8h: Groundnuts (roasted or raw); 2005-06/Code_9b: 116.0; 2005-06/Label_9b: groundnuts (roasted or raw); 2005-06/Code_8h: 23.0; 2005-06/Label_8h: groundnuts(roasted or raw); 2012-13/Code_9b: 116.0; 2012-13/Label_9b: groundnuts (roasted or raw); 2012-13/Code_8h: 23.0; 2012-13/Label_8h: groundnuts(roasted or raw); 2016-17/Code_9b: 487.0, 488.0; 2016-17/Label_9b: Groundnut (paste), Groundnuts (shelled); 2016-17/Code_8h: 23.0; 2016-17/Label_8h: 23. Groundnuts(roasted or raw)",Groundnut,1987-88; 1988-89; 1991-92; 1998-99; 2005-06; 2012-13; 2016-17
Guinea Corn/Sorghum,Millet/Sorghum,draft_merge,"GLSS1/2 code 303 is ""Millet, guinea corn or sorghua (grain or flour)"": one question over millet grain, millet flour and sorghum (= guinea corn). From GLSS3 the instrument asks the three separately (#935 ruling, @ligon 2026-09-16). The 2016-17 constituents are the gate.","GhanaLSS/1987-88/_/categorical_mapping.org:139 (code 303); GhanaLSS/2016-17/_/categorical_mapping.org:27-33 (codes 27, 30, 31); slurm_logs/ghanalss_aggregate_labels/LANDED.org: Still open item 1 and item 5",millet_sorghum,True,,,,1991-92; 1998-99; 2005-06; 2012-13; 2016-17
Guinea Fowl,Guinea Fowl,singleton,No merge proposed at this stage.,,,True,1991-92; 1998-99,1991-92/Code_9b: 62.0; 1991-92/Label_9b: Guinea fowl; 1998-99/Code_9b: 62.0; 1998-99/Label_9b: Guinea fowl,Guinea Fowl,1991-92; 1998-99; 2016-17
Herring (smoked),Herring (smoked),singleton,No merge proposed at this stage.,,,True,2016-17,2016-17/Code_9b: 155.0; 2016-17/Label_9b: Herrings -smoked,Herring (smoked),2016-17
Honey,Honey,singleton,No merge proposed at this stage.,,,True,1991-92; 1998-99; 2005-06; 2012-13; 2016-17,1991-92/Code_9b: 94.0; 1991-92/Label_9b: Honey; 1998-99/Code_9b: 94.0; 1998-99/Label_9b: Honey; 2005-06/Code_9b: 93.0; 2005-06/Label_9b: honey; 2012-13/Code_9b: 93.0; 2012-13/Label_9b: honey; 2016-17/Code_9b: 505.0; 2016-17/Label_9b: Honey,Honey,1991-92; 1998-99; 2005-06; 2012-13; 2016-17
Ice Cream,Ice Cream,singleton,No merge proposed at this stage.,,,True,1991-92; 1998-99; 2005-06; 2012-13; 2016-17,"1991-92/Code_9b: 96.0; 1991-92/Label_9b: Ice Cream, Ice Lollics; 1998-99/Code_9b: 96.0; 1998-99/Label_9b: Ice Cream, Ice Lollics; 2005-06/Code_9b: 94.0; 2005-06/Label_9b: ice cream,ice lollies,etc.; 2012-13/Code_9b: 94.0; 2012-13/Label_9b: ice cream,ice lollies,etc.; 2016-17/Code_9b: 407.0, 411.0; 2016-17/Label_9b: Fan Ice, Other ice cream",Ice Cream,1991-92; 1998-99; 2005-06; 2012-13; 2016-17
Instant Noodle,Instant Noodle,singleton,No merge proposed at this stage.,,,True,2016-17,2016-17/Code_9b: 83.0; 2016-17/Label_9b: Indomie or instant noodles,Instant Noodle,2016-17
Jam,Jam,singleton,No merge proposed at this stage.,,,True,1991-92; 1998-99,1991-92/Code_9b: 93.0; 1991-92/Label_9b: Jam; 1998-99/Code_9b: 93.0; 1998-99/Label_9b: Jam,Jam,1991-92; 1998-99
Juice,Juice,singleton,No merge proposed at this stage.,,,True,1991-92; 1998-99; 2005-06; 2012-13; 2016-17,"1991-92/Code_9b: 42.0; 1991-92/Label_9b: Fruit juices; 1998-99/Code_9b: 42.0; 1998-99/Label_9b: Fruit juices; 2005-06/Code_9b: 138.0; 2005-06/Label_9b: fruits juices; 2012-13/Code_9b: 138.0; 2012-13/Label_9b: fruits juices; 2016-17/Code_9b: 605.0, 606.0, 607.0, 608.0, 609.0, 610.0, 611.0, 612.0, 613.0; 2016-17/Label_9b: Blue skies, Ceres, Don Simon, Fru Telli, Healthy Live, Junior, Kalipo, Other fruit drink, Pure Heaven",Juice,1991-92; 1998-99; 2005-06; 2012-13; 2016-17
Jute Leaf,Jute Leaf,singleton,No merge proposed at this stage.,,,True,2016-17,2016-17/Code_8h: 59.0; 2016-17/Label_8h: 59. Ayoyo/Ahefu,Jute Leaf,2016-17
Kapla,"Fish (kapla/tilapia, fresh or frozen)",draft_merge,"Both 2016-17 purchase labels explicitly identify fresh/frozen fish, distinguished by species. Keeps the preservation boundary; excludes the historical broad Fish (fresh and frozen) label.",PR #937 additional_candidates.yml: fish_fresh_frozen_named (unchanged by #935),fish_fresh_frozen_named,True,2016-17,2016-17/Code_9b: 149.0; 2016-17/Label_9b: Kpala (Starvids) frozen,Kapla,2016-17
Kenkey/Banku,Kenkey/Banku,singleton,No merge proposed at this stage.,,,True,2005-06; 2012-13; 2016-17,"2005-06/Code_9b: 12.0, 256.0, 264.0; 2005-06/Label_9b: banku or kenkey with sauce, kenkey/banku (without sauce); 2012-13/Code_9b: 12.0, 256.0, 264.0; 2012-13/Label_9b: banku or kenkey with sauce, kenkey/banku (without sauce); 2016-17/Code_9b: 918.0; 2016-17/Label_9b: Kenkey/Banku with fried fish/sauce",Kenkey/Banku,1987-88; 1988-89; 1991-92; 1998-99; 2005-06; 2012-13; 2016-17
Khebabs,Khebabs,singleton,No merge proposed at this stage.,,,True,2016-17,"2016-17/Code_9b: 908.0, 920.0; 2016-17/Label_9b: Khebabs, Khebabs and other meats",Khebabs,2016-17
Koko,Koko,singleton,No merge proposed at this stage.,,,True,1991-92; 1998-99,1991-92/Code_9b: 91.0; 1991-92/Label_9b: Koko; 1998-99/Code_9b: 91.0; 1998-99/Label_9b: Koko,Koko,1991-92; 1998-99
Kola Nut,Kola Nut,singleton,No merge proposed at this stage.,,,True,1991-92; 1998-99; 2016-17,1991-92/Code_9b: 24.0; 1991-92/Label_9b: Kola nut; 1998-99/Code_9b: 24.0; 1998-99/Label_9b: Kola nut; 2016-17/Code_9b: 650.0; 2016-17/Label_9b: Kola Nuts,Kola Nut,1991-92; 1998-99; 2005-06; 2012-13; 2016-17
Konkonte,Konkonte,singleton,No merge proposed at this stage.,,,True,1991-92; 1998-99,1991-92/Code_9b: 14.0; 1991-92/Label_9b: Konkonte; 1998-99/Code_9b: 14.0; 1998-99/Label_9b: Konkonte,Konkonte,1991-92; 1998-99
Lime,Lime,singleton,No merge proposed at this stage.,,,True,2016-17,2016-17/Code_9b: 443.0; 2016-17/Label_9b: Lime,Lime,2016-17
Macaroni,Macaroni/Spaghetti,draft_merge,"GLSS1/2 ask one question (""Macaroni and Spaghetti""); 2016-17 separates them. The coarse label names the group so the series is continuous across waves. Excludes instant noodles, couscous and Other Cereal.","GhanaLSS/1987-88/_/categorical_mapping.org: harmonize_food, code 305; GhanaLSS/2016-17/_/categorical_mapping.org: harmonize_food, macaroni/spaghetti rows; PR #937 selected_groups.yml: pasta (same members; label changed to the coarse member)",pasta,True,2016-17,2016-17/Code_9b: 85.0; 2016-17/Label_9b: Macaroni,Macaroni,2016-17
Macaroni/Spaghetti,Macaroni/Spaghetti,draft_merge,"GLSS1/2 ask one question (""Macaroni and Spaghetti""); 2016-17 separates them. The coarse label names the group so the series is continuous across waves. Excludes instant noodles, couscous and Other Cereal.","GhanaLSS/1987-88/_/categorical_mapping.org: harmonize_food, code 305; GhanaLSS/2016-17/_/categorical_mapping.org: harmonize_food, macaroni/spaghetti rows; PR #937 selected_groups.yml: pasta (same members; label changed to the coarse member)",pasta,True,1987-88; 1988-89,1987-88/Code_12A: 308; 1987-88/Label_12A: Macaroni and Spaghetti; 1987-88/Code_12B: 308.0; 1987-88/Label_12B: Macaroni and Spaghetti; 1988-89/Code_12A: 308; 1988-89/Label_12A: Macaroni and Spaghetti; 1988-89/Code_12B: 308.0; 1988-89/Label_12B: Macaroni and Spaghetti,Macaroni/Spaghetti,1987-88; 1988-89
Mackerel (processed),Fish (canned or in oil/sauce),draft_merge,Canned/processed fish forms named in 2016-17 beside the historical Fish (canned).,PR #937 additional_candidates.yml: named_processed_fish (unchanged by #935),named_processed_fish,True,2016-17,"2016-17/Code_9b: 185.0, 186.0, 187.0, 188.0, 189.0, 190.0, 191.0, 192.0; 2016-17/Label_9b: African Queen, Delay, Ena pa, Geisha, Gino, Obaapa, Other mackerel, Teacher",Mackerel (processed),2016-17
Maize,Maize,singleton,No merge proposed at this stage.,,,True,1987-88; 1988-89; 1991-92; 1998-99,"1987-88/Code_12A: 302; 1987-88/Label_12A: Maize (cob, grain, dough or flour); 1987-88/Code_12B: 302.0; 1987-88/Label_12B: Maize (cob, grain, dough or flour); 1988-89/Code_12A: 302; 1988-89/Label_12A: Maize (cob, grain, dough or flour); 1988-89/Code_12B: 302.0; 1988-89/Label_12B: Maize (cob, grain, dough or flour); 1991-92/Code_9b: 2.0; 1991-92/Label_9b: Maize; 1998-99/Code_9b: 2.0; 1998-99/Label_9b: Maize",Maize,1987-88; 1988-89; 1991-92; 1998-99
Maize (cob),Maize (cob),singleton,No merge proposed at this stage.,,,True,1991-92; 1998-99; 2005-06; 2012-13; 2016-17,1991-92/Code_8h: 2.0; 1991-92/Label_8h: Maize cob (fresh); 1998-99/Code_8h: 2.0; 1998-99/Label_8h: Maize cob (fresh); 2005-06/Code_9b: 2.0; 2005-06/Label_9b: maize; 2005-06/Code_8h: 2.0; 2005-06/Label_8h: maize-cob (fresh); 2012-13/Code_9b: 2.0; 2012-13/Label_9b: maize; 2012-13/Code_8h: 2.0; 2012-13/Label_8h: maize-cob (fresh); 2016-17/Code_8h: 2.0; 2016-17/Label_8h: 2. Maize-cob (fresh),Maize (cob),1991-92; 1998-99; 2005-06; 2012-13; 2016-17
Maize (flour/dough),Maize (flour/dough),singleton,No merge proposed at this stage.,,,True,1991-92; 1998-99; 2005-06; 2012-13; 2016-17,1991-92/Code_9b: 5.0; 1991-92/Label_9b: Maize flour and products (not Koko); 1991-92/Code_8h: 3.0; 1991-92/Label_8h: Maize flour/dough; 1998-99/Code_9b: 5.0; 1998-99/Label_9b: Maize flour and products (not Koko); 1998-99/Code_8h: 3.0; 1998-99/Label_8h: Maize flour/dough; 2005-06/Code_9b: 11.0; 2005-06/Label_9b: maize ground/corn dough; 2005-06/Code_8h: 3.0; 2005-06/Label_8h: maize-flour/dough; 2012-13/Code_9b: 11.0; 2012-13/Label_9b: maize ground/corn dough; 2012-13/Code_8h: 3.0; 2012-13/Label_8h: maize-flour/dough; 2016-17/Code_9b: 35.0; 2016-17/Label_9b: Corn dough; 2016-17/Code_8h: 3.0; 2016-17/Label_8h: 3. Maize-flour/dough,Maize (flour/dough),1991-92; 1998-99; 2005-06; 2012-13; 2016-17
Maize (grain),Maize (grain),singleton,No merge proposed at this stage.,,,True,2016-17,"2016-17/Code_9b: 28.0, 29.0; 2016-17/Label_9b: White maize grains, Yellow maize grains",Maize (grain),2016-17
Maizena,Maizena,singleton,No merge proposed at this stage.,,,True,2016-17,2016-17/Code_9b: 87.0; 2016-17/Label_9b: Maizena,Maizena,2016-17
Malt Drinks (bottle),Malt Drinks,draft_merge,In 2016-17 packaging distinguishes the labels and several brands occur in both; earlier waves carry only the bottle label. Packaging may proxy serving size or household type.,"GhanaLSS/2016-17/_/categorical_mapping.org: harmonize_food, malt drink rows; PR #937 selected_groups.yml: malt_packaging (unchanged by #935)",malt_packaging,True,2005-06; 2012-13; 2016-17,"2005-06/Code_9b: 137.0; 2005-06/Label_9b: malta and malt drinks; 2012-13/Code_9b: 137.0; 2012-13/Label_9b: malta and malt drinks; 2016-17/Code_9b: 575.0, 576.0, 577.0, 578.0, 579.0, 580.0, 581.0, 582.0, 583.0; 2016-17/Label_9b: 5 star, Beta malt, Giant malt, Lion Malt, Magic malt, Malt schweppes, Malta Guinness, Mighty malt, Other bottled malt drinks",Malt Drinks (bottle),2005-06; 2012-13; 2016-17
Malt Drinks (canned),Malt Drinks,draft_merge,In 2016-17 packaging distinguishes the labels and several brands occur in both; earlier waves carry only the bottle label. Packaging may proxy serving size or household type.,"GhanaLSS/2016-17/_/categorical_mapping.org: harmonize_food, malt drink rows; PR #937 selected_groups.yml: malt_packaging (unchanged by #935)",malt_packaging,True,2016-17,"2016-17/Code_9b: 587.0, 588.0, 589.0, 590.0, 591.0, 592.0, 593.0, 594.0; 2016-17/Label_9b: Giant malt, Lion Malt, Magic malt, Malta Guinness, Mighty malt, Other canned malt drinks, Power malt, Volco",Malt Drinks (canned),2016-17
Mango,Mango,singleton,No merge proposed at this stage.,,,True,1987-88; 1988-89; 1991-92; 1998-99; 2005-06; 2012-13; 2016-17,1987-88/Code_12A: 333; 1987-88/Label_12A: Mangoes; 1987-88/Code_12B: 333.0; 1987-88/Label_12B: Mangoes; 1988-89/Code_12A: 333; 1988-89/Label_12A: Mangoes; 1988-89/Code_12B: 333.0; 1988-89/Label_12B: Mangoes; 1991-92/Code_9b: 37.0; 1991-92/Label_9b: Mango; 1991-92/Code_8h: 33.0; 1991-92/Label_8h: Mangoes; 1998-99/Code_9b: 37.0; 1998-99/Label_9b: Mango; 1998-99/Code_8h: 33.0; 1998-99/Label_8h: Mangoes; 2005-06/Code_9b: 72.0; 2005-06/Label_9b: mango; 2005-06/Code_8h: 43.0; 2005-06/Label_8h: mangoes; 2012-13/Code_9b: 72.0; 2012-13/Label_9b: mango; 2012-13/Code_8h: 43.0; 2012-13/Label_8h: mangoes; 2016-17/Code_9b: 437.0; 2016-17/Label_9b: Mango; 2016-17/Code_8h: 43.0; 2016-17/Label_8h: 43. Mangoes,Mango,1987-88; 1988-89; 1991-92; 1998-99; 2005-06; 2012-13; 2016-17
Margarine,Margarine,singleton,No merge proposed at this stage.,,,True,1991-92; 1998-99; 2016-17,1991-92/Code_9b: 33.0; 1991-92/Label_9b: Margarine; 1998-99/Code_9b: 33.0; 1998-99/Label_9b: Margarine; 2016-17/Code_9b: 421.0; 2016-17/Label_9b: Margarine,Margarine,1991-92; 1998-99; 2016-17
Margarine/Butter,Margarine/Butter,singleton,No merge proposed at this stage.,,,True,1987-88; 1988-89; 2005-06; 2012-13,"1987-88/Code_12A: 331; 1987-88/Label_12A: Butter, margarine; 1988-89/Code_12A: 331; 1988-89/Label_12A: Butter, margarine; 2005-06/Code_9b: 63.0; 2005-06/Label_9b: margarine/butter; 2012-13/Code_9b: 63.0; 2012-13/Label_9b: margarine/butter",Margarine/Butter,1987-88; 1988-89; 2005-06; 2012-13
Milk (evaporated),Milk (evaporated/condensed),draft_merge,"Tinned milk forms. The second member is the country Preferred Label (#937 wrote the leaked wave spelling ""Milk (tinned, condensed)"").",PR #937 additional_candidates.yml: tinned_milk_forms (member re-keyed),tinned_milk_forms,True,2005-06; 2012-13; 2016-17,"2005-06/Code_9b: 47.0; 2005-06/Label_9b: tinned milk (unsweetened,evaporated); 2012-13/Code_9b: 47.0; 2012-13/Label_9b: tinned milk (unsweetened,evaporated); 2016-17/Code_9b: 301.0, 302.0, 303.0, 304.0, 305.0, 306.0, 558.0; 2016-17/Label_9b: Carnation, Ideal, Nunu, Other milk, Peak, Vega",Milk (evaporated),2005-06; 2012-13; 2016-17
Milk (fresh),Milk (fresh),singleton,No merge proposed at this stage.,,,True,1991-92; 1998-99; 2005-06; 2012-13; 2016-17,"1991-92/Code_9b: 66.0; 1991-92/Label_9b: Fresh milk; 1991-92/Code_8h: 71.0; 1991-92/Label_8h: Milk; 1998-99/Code_9b: 66.0; 1998-99/Label_9b: Fresh milk; 1998-99/Code_8h: 71.0; 1998-99/Label_8h: Milk; 2005-06/Code_9b: 44.0; 2005-06/Label_9b: milk (fresh); 2005-06/Code_8h: 81.0; 2005-06/Label_8h: milk (fresh); 2012-13/Code_9b: 44.0; 2012-13/Label_9b: milk (fresh); 2012-13/Code_8h: 81.0; 2012-13/Label_8h: milk (fresh); 2016-17/Code_9b: 197.0, 557.0; 2016-17/Label_9b: Country milk, Milk (Fresh); 2016-17/Code_8h: 81.0; 2016-17/Label_8h: 81. Milk (fresh)",Milk (fresh),1987-88; 1988-89; 1991-92; 1998-99; 2005-06; 2012-13; 2016-17
Milk (powder),Milk (powder),singleton,No merge proposed at this stage.,,,True,1991-92; 1998-99,1991-92/Code_9b: 67.0; 1991-92/Label_9b: Milk powder; 1998-99/Code_9b: 67.0; 1998-99/Label_9b: Milk powder,Milk (powder),1991-92; 1998-99; 2005-06; 2012-13; 2016-17
"Milk (tinned, condensed/unsweetened)",Milk (evaporated/condensed),draft_merge,"Tinned milk forms. The second member is the country Preferred Label (#937 wrote the leaked wave spelling ""Milk (tinned, condensed)"").",PR #937 additional_candidates.yml: tinned_milk_forms (member re-keyed),tinned_milk_forms,True,,,,1991-92; 1998-99; 2005-06; 2012-13; 2016-17
Millet,Millet/Sorghum,draft_merge,"GLSS1/2 code 303 is ""Millet, guinea corn or sorghua (grain or flour)"": one question over millet grain, millet flour and sorghum (= guinea corn). From GLSS3 the instrument asks the three separately (#935 ruling, @ligon 2026-09-16). The 2016-17 constituents are the gate.","GhanaLSS/1987-88/_/categorical_mapping.org:139 (code 303); GhanaLSS/2016-17/_/categorical_mapping.org:27-33 (codes 27, 30, 31); slurm_logs/ghanalss_aggregate_labels/LANDED.org: Still open item 1 and item 5",millet_sorghum,True,1991-92; 1998-99; 2005-06; 2012-13; 2016-17,1991-92/Code_9b: 3.0; 1991-92/Label_9b: Millet; 1991-92/Code_8h: 5.0; 1991-92/Label_8h: Millet grain; 1998-99/Code_9b: 3.0; 1998-99/Label_9b: Millet; 1998-99/Code_8h: 5.0; 1998-99/Label_8h: Millet grain; 2005-06/Code_9b: 3.0; 2005-06/Label_9b: millet; 2005-06/Code_8h: 5.0; 2005-06/Label_8h: millet grain; 2012-13/Code_9b: 3.0; 2012-13/Label_9b: millet; 2012-13/Code_8h: 5.0; 2012-13/Label_8h: millet grain; 2016-17/Code_9b: 30.0; 2016-17/Label_9b: Millet; 2016-17/Code_8h: 5.0; 2016-17/Label_8h: 5. Millet grain,Millet,1991-92; 1998-99; 2005-06; 2012-13; 2016-17
Millet (flour),Millet/Sorghum,draft_merge,"GLSS1/2 code 303 is ""Millet, guinea corn or sorghua (grain or flour)"": one question over millet grain, millet flour and sorghum (= guinea corn). From GLSS3 the instrument asks the three separately (#935 ruling, @ligon 2026-09-16). The 2016-17 constituents are the gate.","GhanaLSS/1987-88/_/categorical_mapping.org:139 (code 303); GhanaLSS/2016-17/_/categorical_mapping.org:27-33 (codes 27, 30, 31); slurm_logs/ghanalss_aggregate_labels/LANDED.org: Still open item 1 and item 5",millet_sorghum,True,1991-92; 1998-99; 2005-06; 2012-13; 2016-17,1991-92/Code_8h: 6.0; 1991-92/Label_8h: Millet flour; 1998-99/Code_8h: 6.0; 1998-99/Label_8h: Millet flour; 2005-06/Code_8h: 6.0; 2005-06/Label_8h: millet flour; 2012-13/Code_8h: 6.0; 2012-13/Label_8h: millet flour; 2016-17/Code_9b: 31.0; 2016-17/Label_9b: Millet flour; 2016-17/Code_8h: 6.0; 2016-17/Label_8h: 6. Millet flour,Millet (flour),1991-92; 1998-99; 2005-06; 2012-13; 2016-17
Millet/Sorghum,Millet/Sorghum,draft_merge,"GLSS1/2 code 303 is ""Millet, guinea corn or sorghua (grain or flour)"": one question over millet grain, millet flour and sorghum (= guinea corn). From GLSS3 the instrument asks the three separately (#935 ruling, @ligon 2026-09-16). The 2016-17 constituents are the gate.","GhanaLSS/1987-88/_/categorical_mapping.org:139 (code 303); GhanaLSS/2016-17/_/categorical_mapping.org:27-33 (codes 27, 30, 31); slurm_logs/ghanalss_aggregate_labels/LANDED.org: Still open item 1 and item 5",millet_sorghum,True,1987-88; 1988-89,"1987-88/Code_12A: 303; 1987-88/Label_12A: Millet, guinea corn or sorghua (grain or flour); 1987-88/Code_12B: 303.0; 1987-88/Label_12B: Millet, guinea corn or sorghua (grain or flour); 1988-89/Code_12A: 303; 1988-89/Label_12A: Millet, guinea corn or sorghua (grain or flour); 1988-89/Code_12B: 303.0; 1988-89/Label_12B: Millet, guinea corn or sorghua (grain or flour)",Millet/Sorghum,1987-88; 1988-89
Mutton,Goat/Mutton,draft_merge,"#935 split Mutton out of Goat because the instrument lists them separately in 1991-92..2016-17 (GLSS1/2 have only mutton). Two species; the candidate exists so the split is a decision, not an omission.",slurm_logs/ghanalss_aggregate_labels/LANDED.org: Mutton split out of Goat,goat_mutton,True,1987-88; 1988-89; 1991-92; 1998-99; 2005-06; 2012-13; 2016-17,1987-88/Code_12A: 324; 1987-88/Label_12A: Mutton; 1987-88/Code_12B: 324.0; 1987-88/Label_12B: Mutton; 1988-89/Code_12A: 324; 1988-89/Label_12A: Mutton; 1988-89/Code_12B: 324.0; 1988-89/Label_12B: Mutton; 1991-92/Code_9b: 56.0; 1991-92/Label_9b: Fresh Mutton; 1991-92/Code_8h: 64.0; 1991-92/Label_8h: Mutton; 1998-99/Code_8h: 64.0; 1998-99/Label_8h: Mutton; 2005-06/Code_9b: 22.0; 2005-06/Label_9b: mutton; 2005-06/Code_8h: 64.0; 2005-06/Label_8h: mutton; 2012-13/Code_9b: 22.0; 2012-13/Label_9b: mutton; 2012-13/Code_8h: 64.0; 2012-13/Label_8h: mutton; 2016-17/Code_9b: 115.0; 2016-17/Label_9b: mutton mixed cut; 2016-17/Code_8h: 68.0; 2016-17/Label_8h: 68. Mutton,Mutton,1987-88; 1988-89; 1991-92; 1998-99; 2005-06; 2012-13; 2016-17
Oil (coconut),Oil (coconut),singleton,No merge proposed at this stage.,,,True,1991-92; 1998-99; 2005-06; 2012-13; 2016-17,1991-92/Code_9b: 28.0; 1991-92/Label_9b: Coconut oil; 1991-92/Code_8h: 27.0; 1991-92/Label_8h: Coconuts oil; 1998-99/Code_9b: 28.0; 1998-99/Label_9b: Coconut oil; 1998-99/Code_8h: 27.0; 1998-99/Label_8h: Coconuts oil; 2005-06/Code_9b: 58.0; 2005-06/Label_9b: coconut oil; 2005-06/Code_8h: 30.0; 2005-06/Label_8h: coconut oil; 2012-13/Code_9b: 58.0; 2012-13/Label_9b: coconut oil; 2012-13/Code_8h: 30.0; 2012-13/Label_8h: coconut oil; 2016-17/Code_9b: 422.0; 2016-17/Label_9b: Coconut oil; 2016-17/Code_8h: 30.0; 2016-17/Label_8h: 30. Coconut oil,Oil (coconut),1991-92; 1998-99; 2005-06; 2012-13; 2016-17
Oil (groundnut),Oil (groundnut),singleton,No merge proposed at this stage.,,,True,1991-92; 1998-99; 2005-06; 2012-13; 2016-17,1991-92/Code_9b: 29.0; 1991-92/Label_9b: Groundnut oil; 1998-99/Code_9b: 29.0; 1998-99/Label_9b: Groundnut oil; 2005-06/Code_9b: 59.0; 2005-06/Label_9b: groundnut oil; 2005-06/Code_8h: 31.0; 2005-06/Label_8h: groundnut oil; 2012-13/Code_9b: 59.0; 2012-13/Label_9b: groundnut oil; 2012-13/Code_8h: 31.0; 2012-13/Label_8h: groundnut oil; 2016-17/Code_9b: 423.0; 2016-17/Label_9b: Groundnut oil; 2016-17/Code_8h: 31.0; 2016-17/Label_8h: 31. Groundnut oil,Oil (groundnut),1991-92; 1998-99; 2005-06; 2012-13; 2016-17
Oil (palm kernel),Oil (palm kernel),singleton,No merge proposed at this stage.,,,True,1991-92; 1998-99; 2005-06; 2012-13; 2016-17,1991-92/Code_9b: 30.0; 1991-92/Label_9b: Palm kernel oil; 1991-92/Code_8h: 21.0; 1991-92/Label_8h: Palm Oil; 1998-99/Code_9b: 30.0; 1998-99/Label_9b: Palm kernel oil; 1998-99/Code_8h: 21.0; 1998-99/Label_8h: Palm Oil; 2005-06/Code_9b: 60.0; 2005-06/Label_9b: palm kernel oil; 2005-06/Code_8h: 29.0; 2005-06/Label_8h: palm kernel oil; 2012-13/Code_9b: 60.0; 2012-13/Label_9b: palm kernel oil; 2012-13/Code_8h: 29.0; 2012-13/Label_8h: palm kernel oil; 2016-17/Code_9b: 427.0; 2016-17/Label_9b: Palm kernel oil; 2016-17/Code_8h: 29.0; 2016-17/Label_8h: 29. Palm Kernel oil,Oil (palm kernel),1991-92; 1998-99; 2005-06; 2012-13; 2016-17
Oil (palm),Oil (palm)/Shea Butter,draft_merge,"GLSS1/2 code 329 is ""Palm oil and shea butter""; from GLSS3 Shea Butter is its own (large, northern) item. #935 notes north/south consumption differs sharply, which is what the gate tests.",slurm_logs/ghanalss_aggregate_labels/LANDED.org: Still open item 6,palm_shea,True,2005-06; 2012-13; 2016-17,2005-06/Code_9b: 61.0; 2005-06/Label_9b: palm oil; 2005-06/Code_8h: 28.0; 2005-06/Label_8h: palm oil; 2012-13/Code_9b: 61.0; 2012-13/Label_9b: palm oil; 2012-13/Code_8h: 28.0; 2012-13/Label_8h: palm oil; 2016-17/Code_9b: 424.0; 2016-17/Label_9b: Palm oil (red oil); 2016-17/Code_8h: 28.0; 2016-17/Label_8h: 28. Palm oil,Oil (palm),1991-92; 1998-99; 2005-06; 2012-13; 2016-17
Oil (palm)/Shea Butter,Oil (palm)/Shea Butter,draft_merge,"GLSS1/2 code 329 is ""Palm oil and shea butter""; from GLSS3 Shea Butter is its own (large, northern) item. #935 notes north/south consumption differs sharply, which is what the gate tests.",slurm_logs/ghanalss_aggregate_labels/LANDED.org: Still open item 6,palm_shea,True,1987-88; 1988-89,1987-88/Code_12A: 329; 1987-88/Label_12A: Palm oil and shea butter; 1987-88/Code_12B: 329.0; 1987-88/Label_12B: Palm oil and shea butter; 1988-89/Code_12A: 329; 1988-89/Label_12A: Palm oil and shea butter; 1988-89/Code_12B: 329.0; 1988-89/Label_12B: Palm oil and shea butter,Oil (palm)/Shea Butter,1987-88; 1988-89
Oil (vegetable),Oil (vegetable),singleton,No merge proposed at this stage.,,,True,2016-17,"2016-17/Code_9b: 425.0; 2016-17/Label_9b: Vegetable oil (eg. Frytol, Gino, Obaapa)",Oil (vegetable),2016-17
Okra,Okra,singleton,No merge proposed at this stage.,,,True,1987-88; 1988-89; 1991-92; 1998-99; 2005-06; 2012-13; 2016-17,1987-88/Code_12A: 348; 1987-88/Label_12A: Okro; 1987-88/Code_12B: 348.0; 1987-88/Label_12B: Okro; 1988-89/Code_12A: 348; 1988-89/Label_12A: Okro; 1988-89/Code_12B: 348.0; 1988-89/Label_12B: Okro; 1991-92/Code_9b: 45.0; 1991-92/Label_9b: Okro; 1991-92/Code_8h: 43.0; 1991-92/Label_8h: Okra; 1998-99/Code_8h: 43.0; 1998-99/Label_8h: Okro; 2005-06/Code_9b: 82.0; 2005-06/Label_9b: okoro; 2005-06/Code_8h: 53.0; 2005-06/Label_8h: okro; 2012-13/Code_9b: 82.0; 2012-13/Label_9b: okoro; 2012-13/Code_8h: 53.0; 2012-13/Label_8h: okro; 2016-17/Code_9b: 457.0; 2016-17/Label_9b: Okro (fresh); 2016-17/Code_8h: 53.0; 2016-17/Label_8h: 53. Okro,Okra,1987-88; 1988-89; 1991-92; 1998-99; 2005-06; 2012-13; 2016-17
Onion,Onion,singleton,No merge proposed at this stage.,,,True,1987-88; 1988-89; 1991-92; 1998-99; 2005-06; 2012-13; 2016-17,1987-88/Code_12A: 346; 1987-88/Label_12A: Onions; 1987-88/Code_12B: 346.0; 1987-88/Label_12B: Onions; 1988-89/Code_12A: 346; 1988-89/Label_12A: Onions; 1988-89/Code_12B: 346.0; 1988-89/Label_12B: Onions; 1991-92/Code_9b: 46.0; 1991-92/Label_9b: Onions and Shallot; 1991-92/Code_8h: 41.0; 1991-92/Label_8h: Onions; 1998-99/Code_8h: 41.0; 1998-99/Label_8h: Onions; 2005-06/Code_9b: 85.0; 2005-06/Label_9b: onions (large/small); 2005-06/Code_8h: 51.0; 2005-06/Label_8h: onions; 2012-13/Code_9b: 85.0; 2012-13/Label_9b: onions (large/small); 2012-13/Code_8h: 51.0; 2012-13/Label_8h: onions; 2016-17/Code_9b: 461.0; 2016-17/Label_9b: Onions (large); 2016-17/Code_8h: 51.0; 2016-17/Label_8h: 51. Onions,Onion,1987-88; 1988-89; 1991-92; 1998-99; 2005-06; 2012-13; 2016-17
Orange,Orange,singleton,No merge proposed at this stage.,,,True,1987-88; 1988-89; 1991-92; 1998-99; 2005-06; 2012-13; 2016-17,"1987-88/Code_12A: 332; 1987-88/Label_12A: Oranges, tangerines; 1987-88/Code_12B: 332.0; 1987-88/Label_12B: Oranges, tangerines; 1988-89/Code_12A: 332; 1988-89/Label_12A: Oranges, tangerines; 1988-89/Code_12B: 332.0; 1988-89/Label_12B: Oranges, tangerines; 1991-92/Code_9b: 38.0; 1991-92/Label_9b: Orange; 1991-92/Code_8h: 32.0; 1991-92/Label_8h: Oranges, tangerine; 1998-99/Code_9b: 38.0; 1998-99/Label_9b: Orange; 1998-99/Code_8h: 32.0; 1998-99/Label_8h: Oranges, tangerine; 2005-06/Code_9b: 70.0; 2005-06/Label_9b: orange/tangerine; 2005-06/Code_8h: 42.0; 2005-06/Label_8h: oranges,tangerine; 2012-13/Code_9b: 70.0; 2012-13/Label_9b: orange/tangerine; 2012-13/Code_8h: 42.0; 2012-13/Label_8h: oranges,tangerine; 2016-17/Code_9b: 435.0; 2016-17/Label_9b: Oranges; 2016-17/Code_8h: 42.0; 2016-17/Label_8h: 42. Oranges,tangerine",Orange,1987-88; 1988-89; 1991-92; 1998-99; 2005-06; 2012-13; 2016-17
Other Alcoholic Beverages,Other Alcoholic Beverages,singleton,No merge proposed at this stage.,,,True,1987-88; 1988-89; 1991-92; 1998-99; 2005-06; 2012-13; 2016-17,1987-88/Code_12A: 341; 1987-88/Label_12A: Alcoholic beverages; 1987-88/Code_12B: 341.0; 1987-88/Label_12B: Home made alcoholic beverages; 1988-89/Code_12A: 341; 1988-89/Label_12A: Alcoholic beverages; 1988-89/Code_12B: 341.0; 1988-89/Label_12B: Home made alcoholic beverages; 1991-92/Code_9b: 104.0; 1991-92/Label_9b: Other Alcoholic Beverages; 1991-92/Code_8h: 90.0; 1991-92/Label_8h: Alcoholic beverages; 1998-99/Code_9b: 104.0; 1998-99/Label_9b: Other Alcoholic Beverages; 1998-99/Code_8h: 90.0; 1998-99/Label_8h: Alcoholic beverages; 2005-06/Code_8h: 91.0; 2005-06/Label_8h: alchoholic beverages; 2012-13/Code_8h: 91.0; 2012-13/Label_8h: alcoholic beverages; 2016-17/Code_8h: 91.0; 2016-17/Label_8h: 91. Alcoholic beverages,Other Alcoholic Beverages,1987-88; 1988-89; 1991-92; 1998-99; 2005-06; 2016-17
Other Beverages,Other Beverages,singleton,No merge proposed at this stage.,,,True,1987-88; 1988-89; 1991-92; 1998-99; 2005-06; 2012-13; 2016-17,1987-88/Code_12A: 342; 1987-88/Label_12A: Non-alcoholic beverages; 1987-88/Code_12B: 342.0; 1987-88/Label_12B: Home made non-alcoholic beverages; 1988-89/Code_12A: 342; 1988-89/Label_12A: Non-alcoholic beverages; 1988-89/Code_12B: 342.0; 1988-89/Label_12B: Home made non-alcoholic beverages; 1991-92/Code_8h: 91.0; 1991-92/Label_8h: Non-alcoholic beverages; 1998-99/Code_8h: 91.0; 1998-99/Label_8h: Non-alcoholic beverages; 2005-06/Code_9b: 132.0; 2005-06/Label_9b: other beverage drinks; 2005-06/Code_8h: 92.0; 2005-06/Label_8h: non-alchoholic beverages; 2012-13/Code_9b: 132.0; 2012-13/Label_9b: other beverage drinks; 2012-13/Code_8h: 92.0; 2012-13/Label_8h: non-alcoholic beverages; 2016-17/Code_9b: 561.0; 2016-17/Label_9b: Other beverage drinks; 2016-17/Code_8h: 92.0; 2016-17/Label_8h: 92. Non-alcoholic beverages,Other Beverages,1987-88; 1988-89; 1991-92; 1998-99; 2005-06; 2012-13; 2016-17
Other Canned Vegetables,Other Canned Vegetables,singleton,No merge proposed at this stage.,,,True,1991-92,1991-92/Code_9b: 51.0; 1991-92/Label_9b: Other Canned Vegetables,Other Canned Vegetables,1991-92
Other Cereal,Other Cereal,singleton,No merge proposed at this stage.,,,True,2005-06; 2012-13; 2016-17,"2005-06/Code_9b: 14.0, 6.0; 2005-06/Label_9b: other cereal products, other cereals; 2012-13/Code_9b: 14.0, 15.0, 6.0; 2012-13/Label_9b: other cereal products, other cereals, processing of cereals; 2016-17/Code_9b: 89.0; 2016-17/Label_9b: Other cereal products",Other Cereal,2005-06; 2012-13; 2016-17
Other Condiments & Spices,Other Condiments & Spices,singleton,No merge proposed at this stage.,,,True,1991-92; 1998-99,1991-92/Code_9b: 81.0; 1991-92/Label_9b: Other Condiments & Spices; 1998-99/Code_9b: 81.0; 1998-99/Label_9b: Other Condiments & Spices,Other Condiments & Spices,1991-92; 1998-99
Other Confectioneries,Other Confectioneries,singleton,No merge proposed at this stage.,,,True,2005-06; 2012-13,2005-06/Code_9b: 96.0; 2005-06/Label_9b: other confectioneries; 2012-13/Code_9b: 96.0; 2012-13/Label_9b: other confectioneries,Other Confectioneries,2005-06; 2012-13
Other Domestic Poultry,Other Domestic Poultry,singleton,No merge proposed at this stage.,,,True,2005-06; 2012-13; 2016-17,2005-06/Code_9b: 28.0; 2005-06/Label_9b: other domestic poultry; 2005-06/Code_8h: 61.0; 2005-06/Label_8h: other domestic poultry; 2012-13/Code_9b: 28.0; 2012-13/Label_9b: other domestic poultry; 2012-13/Code_8h: 61.0; 2012-13/Label_8h: other domestic poultry; 2016-17/Code_8h: 65.0; 2016-17/Label_8h: 65. Other Domestic Poultry,Other Domestic Poultry,2005-06; 2012-13; 2016-17
Other Drinks,Other Drinks,singleton,No merge proposed at this stage.,,,True,,,,1991-92; 1998-99
Other Eggs,Other Eggs,singleton,No merge proposed at this stage.,,,True,1991-92; 1998-99,1991-92/Code_9b: 65.0; 1991-92/Label_9b: Other eggs (not chicken); 1998-99/Code_9b: 65.0; 1998-99/Label_9b: Other eggs (not chicken),Other Eggs,1991-92; 1998-99
Other Fish,Other Fish,singleton,No merge proposed at this stage.,,,True,1991-92; 1998-99; 2005-06; 2012-13; 2016-17,1991-92/Code_9b: 77.0; 1991-92/Label_9b: Other fish; 1998-99/Code_9b: 77.0; 1998-99/Label_9b: Other fish; 2005-06/Code_9b: 40.0; 2005-06/Label_9b: other fish; 2005-06/Code_8h: 69.0; 2005-06/Label_8h: fish and shellfish; 2012-13/Code_9b: 40.0; 2012-13/Label_9b: other fish; 2012-13/Code_8h: 69.0; 2012-13/Label_8h: fish and shellfish; 2016-17/Code_9b: 161.0; 2016-17/Label_9b: Other fish; 2016-17/Code_8h: 73.0; 2016-17/Label_8h: 73. Fish and shellfish,Other Fish,1991-92; 1998-99; 2005-06; 2012-13; 2016-17
Other Flours,Other Flours,singleton,No merge proposed at this stage.,,,True,1991-92; 1998-99; 2005-06; 2012-13; 2016-17,1991-92/Code_9b: 8.0; 1991-92/Label_9b: Flour and other cereal products; 1991-92/Code_8h: 9.0; 1991-92/Label_8h: Other flours; 1998-99/Code_9b: 8.0; 1998-99/Label_9b: Flour and other cereal products; 1998-99/Code_8h: 9.0; 1998-99/Label_8h: Other flours; 2005-06/Code_9b: 125.0; 2005-06/Label_9b: other processed starchy staples; 2005-06/Code_8h: 9.0; 2005-06/Label_8h: other flours; 2012-13/Code_9b: 125.0; 2012-13/Label_9b: other processed starchy staples; 2012-13/Code_8h: 9.0; 2012-13/Label_8h: other flours; 2016-17/Code_8h: 9.0; 2016-17/Label_8h: 9. Other flours,Other Flours,1991-92; 1998-99; 2005-06; 2012-13; 2016-17
Other Fruits,Other Fruits,singleton,No merge proposed at this stage.,,,True,1987-88; 1988-89; 1991-92; 1998-99; 2005-06; 2012-13; 2016-17,1987-88/Code_12A: 338; 1987-88/Label_12A: Other fruit; 1987-88/Code_12B: 338.0; 1987-88/Label_12B: Other fruit; 1988-89/Code_12A: 338; 1988-89/Label_12A: Other fruit; 1988-89/Code_12B: 338.0; 1988-89/Label_12B: Other fruit; 1991-92/Code_9b: 40.0; 1991-92/Label_9b: Other fruits (not canned); 1991-92/Code_8h: 37.0; 1991-92/Label_8h: Other fruits; 1998-99/Code_9b: 40.0; 1998-99/Label_9b: Other fruits (not canned); 1998-99/Code_8h: 37.0; 1998-99/Label_8h: Other fruits; 2005-06/Code_9b: 76.0; 2005-06/Label_9b: other fruits not canned; 2005-06/Code_8h: 47.0; 2005-06/Label_8h: other fruits; 2012-13/Code_9b: 76.0; 2012-13/Label_9b: other fruits not canned; 2012-13/Code_8h: 47.0; 2012-13/Label_8h: other fruits; 2016-17/Code_9b: 446.0; 2016-17/Label_9b: Other fruits; 2016-17/Code_8h: 47.0; 2016-17/Label_8h: 47. Other fruits,Other Fruits,1987-88; 1988-89; 1991-92; 1998-99; 2005-06; 2012-13; 2016-17
Other Grains,Other Grains,singleton,No merge proposed at this stage.,,,True,1991-92; 1998-99; 2005-06; 2012-13; 2016-17,1991-92/Code_8h: 8.0; 1991-92/Label_8h: Other grains; 1998-99/Code_8h: 8.0; 1998-99/Label_8h: Other grains; 2005-06/Code_8h: 8.0; 2005-06/Label_8h: other grains; 2012-13/Code_8h: 8.0; 2012-13/Label_8h: other grains; 2016-17/Code_8h: 8.0; 2016-17/Label_8h: 8. Other grains,Other Grains,1991-92; 1998-99; 2005-06; 2012-13; 2016-17
Other Leafy Vegetables,Other Leafy Vegetables,singleton,No merge proposed at this stage.,,,True,,,,1987-88; 1988-89; 2005-06; 2012-13; 2016-17
Other Meat,Other Meat,singleton,No merge proposed at this stage.,,,True,1987-88; 1988-89; 1991-92; 1998-99; 2005-06; 2012-13; 2016-17,"1987-88/Code_12A: 326, 327; 1987-88/Label_12A: Bushmeat and game birds, Other domesticated meat; 1987-88/Code_12B: 326.0, 327.0; 1987-88/Label_12B: Bushmeat and game birds, Other domesticated meat; 1988-89/Code_12A: 326, 327; 1988-89/Label_12A: Bushmeat and game birds, Other domesticated meat; 1988-89/Code_12B: 326.0, 327.0; 1988-89/Label_12B: Bushmeat and game birds, Other domesticated meat; 1991-92/Code_9b: 54.0, 59.0; 1991-92/Label_9b: Bushmeat, Other Meat (except Poultry); 1991-92/Code_8h: 62.0, 67.0, 68.0; 1991-92/Label_8h: Game birds, Other Domestic meat, Wild game; 1998-99/Code_8h: 62.0, 67.0, 68.0; 1998-99/Label_8h: Game birds, Other Domestic meat, Wild game; 2005-06/Code_9b: 23.0, 24.0, 29.0; 2005-06/Label_9b: bushmeat/wild game, game birds, other meat (dog, cat,etc.); 2005-06/Code_8h: 62.0, 67.0, 68.0; 2005-06/Label_8h: game birds, other domestic meat, wild game; 2012-13/Code_9b: 23.0, 24.0, 29.0; 2012-13/Label_9b: bushmeat/wild game, game birds, other meat (dog, cat,etc.); 2012-13/Code_8h: 62.0, 67.0, 68.0; 2012-13/Label_8h: game birds, other domestic meat, wild game; 2016-17/Code_9b: 142.0, 143.0, 144.0; 2016-17/Label_9b: Bushmeat (Grasscutter), Game birds, Other meat (dog, cat, etc.); 2016-17/Code_8h: 66.0, 71.0, 72.0; 2016-17/Label_8h: 66. Game birds, 71. Other Domestic Meat, 72. Wild game",Other Meat,1987-88; 1988-89; 1991-92; 1998-99; 2005-06; 2012-13; 2016-17
Other Milk Products,Other Milk Products,singleton,No merge proposed at this stage.,,,True,1991-92; 1998-99; 2005-06; 2012-13; 2016-17,"1991-92/Code_9b: 70.0; 1991-92/Label_9b: Other milk products (Including butter & cheese); 1998-99/Code_9b: 70.0; 1998-99/Label_9b: Other milk products (Including butter & cheese); 2005-06/Code_9b: 49.0; 2005-06/Label_9b: other milk products including cheese; 2012-13/Code_9b: 49.0; 2012-13/Label_9b: other milk products including cheese; 2016-17/Code_9b: 409.0, 410.0; 2016-17/Label_9b: Fan Choco, FanDango",Other Milk Products,1987-88; 1988-89; 1991-92; 1998-99; 2005-06; 2012-13; 2016-17
Other Miscellaneous Food Items,Other Miscellaneous Food Items,singleton,No merge proposed at this stage.,,,True,1987-88; 1988-89; 1991-92; 1998-99,1987-88/Code_12A: 361; 1987-88/Label_12A: Other foods; 1987-88/Code_12B: 360.0; 1987-88/Label_12B: Other foods; 1988-89/Code_12A: 361; 1988-89/Label_12A: Other foods; 1988-89/Code_12B: 360.0; 1988-89/Label_12B: Other foods; 1991-92/Code_9b: 97.0; 1991-92/Label_9b: Other Miscellaneous Food Items; 1998-99/Code_9b: 97.0; 1998-99/Label_9b: Other Miscellaneous Food Items,Other Miscellaneous Food Items,1987-88; 1988-89; 1991-92; 1998-99
Other Nuts/Seeds,Other Nuts/Seeds,singleton,No merge proposed at this stage.,,,True,,,,2012-13; 2016-17
Other Oil Seeds,Other Oil Seeds,singleton,No merge proposed at this stage.,,,True,1991-92; 1998-99,"1991-92/Code_9b: 26.0; 1991-92/Label_9b: Other oil seeds and nuts; 1991-92/Code_8h: 28.0; 1991-92/Label_8h: Other nuts, & Seeds; 1998-99/Code_9b: 26.0; 1998-99/Label_9b: Other oil seeds and nuts; 1998-99/Code_8h: 29.0; 1998-99/Label_8h: Other nuts, & Seeds",Other Oil Seeds,1991-92; 1998-99
Other Oils,Other Oils,singleton,No merge proposed at this stage.,,,True,1987-88; 1988-89; 1991-92; 1998-99; 2005-06; 2012-13; 2016-17,"1987-88/Code_12A: 330; 1987-88/Label_12A: Refined oil (groundnut oil, coconut oil, etc.); 1987-88/Code_12B: 330.0; 1987-88/Label_12B: Refined oil (groundnut oil, coconut oil, etc.); 1988-89/Code_12A: 330; 1988-89/Label_12A: Refined oil (groundnut oil, coconut oil, etc.); 1988-89/Code_12B: 330.0; 1988-89/Label_12B: Regined oil (groundnut oil, coconut oil, etc.); 1991-92/Code_9b: 34.0; 1991-92/Label_9b: Other Vegetable oil & fats; 1998-99/Code_9b: 34.0; 1998-99/Label_9b: Other Vegetable oil & fats; 2005-06/Code_9b: 64.0; 2005-06/Label_9b: other vegetable oils including animal fats; 2005-06/Code_8h: 33.0; 2005-06/Label_8h: other oil; 2012-13/Code_9b: 64.0; 2012-13/Label_9b: other vegetable oils including animal fats; 2012-13/Code_8h: 33.0; 2012-13/Label_8h: other oil; 2016-17/Code_9b: 428.0; 2016-17/Label_9b: Other oils; 2016-17/Code_8h: 33.0; 2016-17/Label_8h: 33. Other Oil",Other Oils,1987-88; 1988-89; 1991-92; 1998-99; 2005-06; 2012-13; 2016-17
Other Poultry,Other Poultry,singleton,No merge proposed at this stage.,,,True,1987-88; 1988-89; 1991-92; 1998-99,1987-88/Code_12A: 322; 1987-88/Label_12A: Other domestical poultry; 1987-88/Code_12B: 322.0; 1987-88/Label_12B: Other domestical poultry; 1988-89/Code_12A: 322; 1988-89/Label_12A: Other domestical poultry; 1988-89/Code_12B: 322.0; 1988-89/Label_12B: Other domestical poultry; 1991-92/Code_9b: 63.0; 1991-92/Label_9b: Other poultry; 1991-92/Code_8h: 61.0; 1991-92/Label_8h: Other Dom. Poultry; 1998-99/Code_9b: 63.0; 1998-99/Label_9b: Other poultry; 1998-99/Code_8h: 61.0; 1998-99/Label_8h: Other Dom. Poultry,Other Poultry,1987-88; 1988-89; 1991-92; 1998-99
Other Prepared Meals,Other Prepared Meals,singleton,No merge proposed at this stage.,,,True,1987-88; 1988-89; 1991-92; 1998-99; 2005-06; 2012-13; 2016-17,"1987-88/Code_12A: 359, 360; 1987-88/Label_12A: Other foods eaten away from the household, Other prepared foods; 1988-89/Code_12A: 359, 360; 1988-89/Label_12A: Other foods eaten away from the household, Other prepared foods; 1991-92/Code_9b: 92.0; 1991-92/Label_9b: Other Prepared Meals; 1998-99/Code_9b: 92.0; 1998-99/Label_9b: Other Prepared Meals; 2005-06/Code_9b: 257.0, 265.0; 2005-06/Label_9b: other meals, other prepared meals; 2012-13/Code_9b: 257.0, 265.0; 2012-13/Label_9b: other meals, other prepared meals; 2016-17/Code_9b: 911.0, 921.0; 2016-17/Label_9b: Other prepared meals",Other Prepared Meals,1987-88; 1988-89; 1991-92; 1998-99; 2005-06; 2012-13; 2016-17
Other Pulses,Other Pulses,singleton,No merge proposed at this stage.,,,True,1987-88; 1988-89; 1991-92; 1998-99; 2005-06; 2012-13; 2016-17,"1987-88/Code_12A: 349; 1987-88/Label_12A: Bean and peas; 1987-88/Code_12B: 349.0; 1987-88/Label_12B: Bean and peas; 1988-89/Code_12A: 349; 1988-89/Label_12A: Bean and peas; 1988-89/Code_12B: 349.0; 1988-89/Label_12B: Bean and peas; 1991-92/Code_9b: 22.0; 1991-92/Label_9b: Other Pulses; 1991-92/Code_8h: 24.0; 1991-92/Label_8h: Other Pulses or Legumes; 1998-99/Code_9b: 22.0; 1998-99/Label_9b: Other Pulses; 1998-99/Code_8h: 24.0; 1998-99/Label_8h: Other Pulses or Legumes; 2005-06/Code_9b: 119.0; 2005-06/Label_9b: other pulses and nuts; 2005-06/Code_8h: 24.0, 27.0; 2005-06/Label_8h: other legumes/pulses, other nuts/seeds; 2012-13/Code_9b: 119.0; 2012-13/Label_9b: other pulses and nuts; 2012-13/Code_8h: 24.0; 2012-13/Label_8h: other legumes/pulses; 2016-17/Code_8h: 24.0; 2016-17/Label_8h: 24. Other legumes/pulses",Other Pulses,1987-88; 1988-89; 1991-92; 1998-99; 2005-06; 2012-13; 2016-17
Other Spices,Other Spices,singleton,No merge proposed at this stage.,,,True,2016-17,2016-17/Code_9b: 529.0; 2016-17/Label_9b: Other spices,Other Spices,2016-17
Other Spirits,Other Spirits,singleton,No merge proposed at this stage.,,,True,2005-06; 2012-13; 2016-17,2005-06/Code_9b: 146.0; 2005-06/Label_9b: other spirits; 2012-13/Code_9b: 146.0; 2012-13/Label_9b: other spirits; 2016-17/Code_9b: 623.0; 2016-17/Label_9b: Other spirits,Other Spirits,2005-06; 2012-13; 2016-17
Other Starchy Products,Other Starchy Products,singleton,No merge proposed at this stage.,,,True,1991-92; 1998-99,1991-92/Code_9b: 17.0; 1991-92/Label_9b: Other starchy products; 1998-99/Code_9b: 17.0; 1998-99/Label_9b: Other starchy products,Other Starchy Products,1991-92; 1998-99
Other Tobacco,Other Tobacco,nonfood_singleton,Excluded from food support profiles.,Delivered item label.,,True,1991-92; 1998-99; 2005-06; 2012-13; 2016-17,1991-92/Code_9b: 107.0; 1991-92/Label_9b: Other Tobacco Products; 1998-99/Code_9b: 107.0; 1998-99/Label_9b: Other Tobacco Products; 2005-06/Code_9b: 165.0; 2005-06/Label_9b: other tobacco products; 2012-13/Code_9b: 164.0; 2012-13/Label_9b: tobacco (processed); 2016-17/Code_9b: 647.0; 2016-17/Label_9b: Other tobacco products,Other Tobacco,1991-92; 1998-99; 2005-06; 2012-13; 2016-17
Other Tubers,Other Tubers,singleton,No merge proposed at this stage.,,,True,1991-92; 1998-99; 2005-06; 2012-13; 2016-17,1991-92/Code_9b: 13.0; 1991-92/Label_9b: Other starchy roots and tubers; 1991-92/Code_8h: 17.0; 1991-92/Label_8h: Other roots & tubers; 1998-99/Code_9b: 13.0; 1998-99/Label_9b: Other starchy roots and tubers; 1998-99/Code_8h: 17.0; 1998-99/Label_8h: Other roots & tubers; 2005-06/Code_9b: 111.0; 2005-06/Label_9b: other starchy staples; 2005-06/Code_8h: 17.0; 2005-06/Label_8h: other roots of tubers; 2012-13/Code_9b: 111.0; 2012-13/Label_9b: other starchy staples; 2012-13/Code_8h: 17.0; 2012-13/Label_8h: other roots of tubers; 2016-17/Code_9b: 498.0; 2016-17/Label_9b: Other Tubers; 2016-17/Code_8h: 17.0; 2016-17/Label_8h: 17. Other roots of tubers,Other Tubers,1991-92; 1998-99; 2005-06; 2012-13; 2016-17
Other Vegetables,Other Vegetables,singleton,No merge proposed at this stage.,,,True,1987-88; 1988-89; 1991-92; 1998-99; 2005-06; 2012-13; 2016-17,1987-88/Code_12A: 350; 1987-88/Label_12A: Other non-leafy vegatables; 1987-88/Code_12B: 350.0; 1987-88/Label_12B: Other non-leafy vegatables; 1988-89/Code_12A: 350; 1988-89/Label_12A: Other non-leafy vegatables; 1988-89/Code_12B: 350.0; 1988-89/Label_12B: Other non-leafy vegatables; 1991-92/Code_9b: 49.0; 1991-92/Label_9b: Other Vegetable (not can); 1991-92/Code_8h: 48.0; 1991-92/Label_8h: Other vegetables; 1998-99/Code_8h: 48.0; 1998-99/Label_8h: Other vegetables; 2005-06/Code_9b: 88.0; 2005-06/Label_9b: other vegetables; 2005-06/Code_8h: 59.0; 2005-06/Label_8h: other vegetables; 2012-13/Code_9b: 88.0; 2012-13/Label_9b: other vegetables; 2012-13/Code_8h: 59.0; 2012-13/Label_8h: other vegetables; 2016-17/Code_9b: 464.0; 2016-17/Label_9b: Other vegetables; 2016-17/Code_8h: 62.0; 2016-17/Label_8h: 62. Other vegetables,Other Vegetables,1987-88; 1988-89; 1991-92; 1998-99; 2005-06; 2012-13; 2016-17
Palm Nut,Palm Nut,singleton,No merge proposed at this stage.,,,True,1987-88; 1988-89; 1991-92; 1998-99; 2005-06; 2012-13; 2016-17,1987-88/Code_12A: 315; 1987-88/Label_12A: Oil palm nuts; 1987-88/Code_12B: 315.0; 1987-88/Label_12B: Oil palm nuts; 1988-89/Code_12A: 315; 1988-89/Label_12A: Oil palm nuts; 1988-89/Code_12B: 315.0; 1988-89/Label_12B: Oil palm nuts; 1991-92/Code_9b: 25.0; 1991-92/Label_9b: Palm nut; 1991-92/Code_8h: 25.0; 1991-92/Label_8h: Palm nuts; 1998-99/Code_9b: 25.0; 1998-99/Label_9b: Palm nut; 1998-99/Code_8h: 25.0; 1998-99/Label_8h: Palm nuts; 2005-06/Code_9b: 117.0; 2005-06/Label_9b: palm nuts; 2005-06/Code_8h: 25.0; 2005-06/Label_8h: palm nuts; 2012-13/Code_9b: 117.0; 2012-13/Label_9b: palm nuts; 2012-13/Code_8h: 25.0; 2012-13/Label_8h: palm nuts; 2016-17/Code_9b: 486.0; 2016-17/Label_9b: Palm nut (fruits); 2016-17/Code_8h: 25.0; 2016-17/Label_8h: 25. Palm nuts,Palm Nut,1987-88; 1988-89; 1991-92; 1998-99; 2005-06; 2012-13; 2016-17
Pawpaw,Pawpaw,singleton,No merge proposed at this stage.,,,True,1987-88; 1988-89; 1991-92; 1998-99; 2005-06; 2012-13; 2016-17,1987-88/Code_12A: 334; 1987-88/Label_12A: Pawpaws; 1987-88/Code_12B: 334.0; 1987-88/Label_12B: Pawpaws; 1988-89/Code_12A: 334; 1988-89/Label_12A: Pawpaws; 1988-89/Code_12B: 334.0; 1988-89/Label_12B: Pawpaws; 1991-92/Code_8h: 34.0; 1991-92/Label_8h: Pawpaw; 1998-99/Code_8h: 34.0; 1998-99/Label_8h: Pawpaw; 2005-06/Code_8h: 44.0; 2005-06/Label_8h: pawpaw; 2012-13/Code_8h: 44.0; 2012-13/Label_8h: pawpaw; 2016-17/Code_9b: 445.0; 2016-17/Label_9b: Pawpaw; 2016-17/Code_8h: 44.0; 2016-17/Label_8h: 44. Pawpaw,Pawpaw,1987-88; 1988-89; 1991-92; 1998-99; 2005-06; 2012-13; 2016-17
Pepper,Pepper,singleton,No merge proposed at this stage.,,,True,1991-92; 1998-99; 2005-06; 2012-13,1991-92/Code_9b: 47.0; 1991-92/Label_9b: Pepper (Green); 1991-92/Code_8h: 45.0; 1991-92/Label_8h: Pepper; 1998-99/Code_8h: 45.0; 1998-99/Label_8h: Pepper; 2005-06/Code_9b: 84.0; 2005-06/Label_9b: pepper (fresh or dried); 2005-06/Code_8h: 55.0; 2005-06/Label_8h: pepper; 2012-13/Code_9b: 84.0; 2012-13/Label_9b: pepper (fresh or dried); 2012-13/Code_8h: 55.0; 2012-13/Label_8h: pepper,Pepper,1991-92; 1998-99; 2005-06; 2012-13; 2016-17
Pepper (dried),Pepper (dried),singleton,No merge proposed at this stage.,,,True,,,,1991-92; 1998-99; 2016-17
Pepper (powder),Pepper (powder),singleton,No merge proposed at this stage.,,,True,2016-17,2016-17/Code_9b: 460.0; 2016-17/Label_9b: Powder Pepper,Pepper (powder),2016-17
Pineapple,Pineapple,singleton,No merge proposed at this stage.,,,True,1987-88; 1988-89; 1991-92; 1998-99; 2005-06; 2012-13; 2016-17,1987-88/Code_12A: 337; 1987-88/Label_12A: Pineapples; 1987-88/Code_12B: 337.0; 1987-88/Label_12B: Pineapples; 1988-89/Code_12A: 337; 1988-89/Label_12A: Pineapples; 1988-89/Code_12B: 337.0; 1988-89/Label_12B: Pineapples; 1991-92/Code_9b: 39.0; 1991-92/Label_9b: Pineapple; 1991-92/Code_8h: 36.0; 1991-92/Label_8h: Pineapples; 1998-99/Code_9b: 39.0; 1998-99/Label_9b: Pineapple; 1998-99/Code_8h: 36.0; 1998-99/Label_8h: Pineapples; 2005-06/Code_9b: 71.0; 2005-06/Label_9b: pineapple; 2005-06/Code_8h: 46.0; 2005-06/Label_8h: pineapples; 2012-13/Code_9b: 71.0; 2012-13/Label_9b: pineapple; 2012-13/Code_8h: 46.0; 2012-13/Label_8h: pineapples; 2016-17/Code_9b: 436.0; 2016-17/Label_9b: Pineapple; 2016-17/Code_8h: 46.0; 2016-17/Label_8h: 46. Pineapples,Pineapple,1987-88; 1988-89; 1991-92; 1998-99; 2005-06; 2012-13; 2016-17
Pito,Beer/Pito,draft_merge,#935 gave Pito (sorghum beer) its own label (@ligon: keep distinct from beer); it was Beer in 91/98/16 and Wine in 05/12. The candidate tests whether the Aggregate axis should re-join them.,slurm_logs/ghanalss_aggregate_labels/LANDED.org: Pito given its own PL,beer_pito,True,1991-92; 1998-99; 2005-06; 2012-13; 2016-17,"1991-92/Code_9b: 101.0; 1991-92/Label_9b: Pito; 1998-99/Code_9b: 101.0; 1998-99/Label_9b: Pito; 2005-06/Code_9b: 151.0; 2005-06/Label_9b: pito/brukutu,etc; 2012-13/Code_9b: 151.0; 2012-13/Label_9b: pito/brukutu,etc; 2016-17/Code_9b: 638.0; 2016-17/Label_9b: Traditional beer (Pito)",Pito,1991-92; 1998-99; 2005-06; 2012-13; 2016-17
Pizza,Pizza,singleton,No merge proposed at this stage.,,,True,2016-17,2016-17/Code_9b: 907.0; 2016-17/Label_9b: Pizza,Pizza,2016-17
Plantain,Plantain,singleton,No merge proposed at this stage.,,,True,1987-88; 1988-89; 1991-92; 1998-99; 2005-06; 2012-13; 2016-17,1987-88/Code_12A: 312; 1987-88/Label_12A: Plantain; 1987-88/Code_12B: 312.0; 1987-88/Label_12B: Plantain; 1988-89/Code_12A: 312; 1988-89/Label_12A: Plantain; 1988-89/Code_12B: 312.0; 1988-89/Label_12B: Plantain; 1991-92/Code_9b: 11.0; 1991-92/Label_9b: Plantain; 1991-92/Code_8h: 15.0; 1991-92/Label_8h: Plantain; 1998-99/Code_9b: 11.0; 1998-99/Label_9b: Plantain; 1998-99/Code_8h: 15.0; 1998-99/Label_8h: Plantain; 2005-06/Code_9b: 109.0; 2005-06/Label_9b: plantain; 2005-06/Code_8h: 15.0; 2005-06/Label_8h: plantain; 2012-13/Code_9b: 109.0; 2012-13/Label_9b: plantain; 2012-13/Code_8h: 15.0; 2012-13/Label_8h: plantain; 2016-17/Code_9b: 491.0; 2016-17/Label_9b: Plantain; 2016-17/Code_8h: 15.0; 2016-17/Label_8h: 15. Plantain,Plantain,1987-88; 1988-89; 1991-92; 1998-99; 2005-06; 2012-13; 2016-17
Pork,Pork,singleton,No merge proposed at this stage.,,,True,1987-88; 1988-89; 1991-92; 1998-99; 2005-06; 2012-13; 2016-17,"1987-88/Code_12A: 325; 1987-88/Label_12A: Pork; 1987-88/Code_12B: 325.0; 1987-88/Label_12B: Pork; 1988-89/Code_12A: 325; 1988-89/Label_12A: Pork; 1988-89/Code_12B: 325.0; 1988-89/Label_12B: Pork; 1991-92/Code_9b: 57.0; 1991-92/Label_9b: Pork; 1991-92/Code_8h: 65.0; 1991-92/Label_8h: Pork; 1998-99/Code_8h: 65.0; 1998-99/Label_8h: Pork; 2005-06/Code_9b: 19.0; 2005-06/Label_9b: pork; 2005-06/Code_8h: 65.0; 2005-06/Label_8h: pork; 2012-13/Code_9b: 19.0; 2012-13/Label_9b: pork; 2012-13/Code_8h: 65.0; 2012-13/Label_8h: pork; 2016-17/Code_9b: 105.0, 110.0; 2016-17/Label_9b: Other pork meat, pork meat; 2016-17/Code_8h: 69.0; 2016-17/Label_8h: 69. Pork",Pork,1987-88; 1988-89; 1991-92; 1998-99; 2005-06; 2012-13; 2016-17
Pork (feet),Pork (feet),singleton,No merge proposed at this stage.,,,True,2016-17,2016-17/Code_9b: 109.0; 2016-17/Label_9b: Pork feet,Pork (feet),2016-17
Pork (fillet),Pork (fillet),singleton,No merge proposed at this stage.,,,True,2016-17,"2016-17/Code_9b: 108.0; 2016-17/Label_9b: pork , fillet",Pork (fillet),2016-17
Pork (rib),Pork (rib),singleton,No merge proposed at this stage.,,,True,2016-17,"2016-17/Code_9b: 106.0; 2016-17/Label_9b: pork, ribs",Pork (rib),2016-17
Pork (shoulder),Pork (shoulder),singleton,No merge proposed at this stage.,,,True,2016-17,"2016-17/Code_9b: 107.0; 2016-17/Label_9b: pork, shoulder",Pork (shoulder),2016-17
Potato,Potato,singleton,No merge proposed at this stage.,,,True,2016-17,2016-17/Code_9b: 497.0; 2016-17/Label_9b: Potatoes,Potato,2016-17
Rice,Rice,draft_merge,"Unprepared rice, distinguished by origin from 2005-06 on; GLSS1-4 ask only ""Rice"". #935 split the country Preferred Label so the fine axis keeps origin; whether the Aggregate axis re-joins it is this gate.","slurm_logs/ghanalss_aggregate_labels/TABLE_AUDIT.org: Issue 1, Rice; PR #937 validation.org: retained as singletons on appreciably different point loadings",rice_unprepared,True,1987-88; 1988-89; 1991-92; 1998-99,"1987-88/Code_12A: 301; 1987-88/Label_12A: Rice; 1987-88/Code_12B: 301.0; 1987-88/Label_12B: Rice; 1988-89/Code_12A: 301; 1988-89/Label_12A: Rice; 1988-89/Code_12B: 301.0; 1988-89/Label_12B: Rice; 1991-92/Code_9b: 4.0; 1991-92/Label_9b: Rice; 1991-92/Code_8h: 1.0; 1991-92/Label_8h: Rice (paddy, grain); 1998-99/Code_9b: 4.0; 1998-99/Label_9b: Rice; 1998-99/Code_8h: 1.0; 1998-99/Label_8h: Rice (paddy, grain)",Rice,1987-88; 1988-89; 1991-92; 1998-99
Rice (imported),Rice,draft_merge,"Unprepared rice, distinguished by origin from 2005-06 on; GLSS1-4 ask only ""Rice"". #935 split the country Preferred Label so the fine axis keeps origin; whether the Aggregate axis re-joins it is this gate.","slurm_logs/ghanalss_aggregate_labels/TABLE_AUDIT.org: Issue 1, Rice; PR #937 validation.org: retained as singletons on appreciably different point loadings",rice_unprepared,True,2005-06; 2012-13; 2016-17,"2005-06/Code_9b: 5.0; 2005-06/Label_9b: rice-imported; 2012-13/Code_9b: 5.0; 2012-13/Label_9b: rice-imported; 2016-17/Code_9b: 10.0, 11.0, 12.0, 13.0, 14.0, 15.0, 16.0, 17.0, 18.0, 19.0, 20.0, 21.0, 22.0, 23.0; 2016-17/Label_9b: Basmati Rice, Bella, Cindy, Gino Rice, Heaven, Jasmine Rice, Lele Rice, Mama's Pride, Other imported rice, Red Eagle, Royal Aroma, Royal Feast, Sultana, Uncle Ben's Rice (imported)",Rice (imported),2005-06; 2012-13; 2016-17
Rice (local),Rice,draft_merge,"Unprepared rice, distinguished by origin from 2005-06 on; GLSS1-4 ask only ""Rice"". #935 split the country Preferred Label so the fine axis keeps origin; whether the Aggregate axis re-joins it is this gate.","slurm_logs/ghanalss_aggregate_labels/TABLE_AUDIT.org: Issue 1, Rice; PR #937 validation.org: retained as singletons on appreciably different point loadings",rice_unprepared,True,2005-06; 2012-13; 2016-17,"2005-06/Code_9b: 4.0; 2005-06/Label_9b: rice-local; 2005-06/Code_8h: 1.0; 2005-06/Label_8h: rice (paddy,grain); 2012-13/Code_9b: 4.0; 2012-13/Label_9b: rice-local; 2012-13/Code_8h: 1.0; 2012-13/Label_8h: rice (paddy,grain); 2016-17/Code_9b: 1.0, 2.0, 3.0, 4.0, 5.0, 6.0; 2016-17/Label_9b: Afife, Dada Ba, Gold Star, Mandela, Oman Ba, Other; 2016-17/Code_8h: 1.0; 2016-17/Label_8h: 1. Rice (Paddy,grain)",Rice (local),2005-06; 2012-13; 2016-17
Salmon (smoked),Salmon (smoked),singleton,No merge proposed at this stage.,,,True,2016-17,2016-17/Code_9b: 156.0; 2016-17/Label_9b: Salmon (smoked),Salmon (smoked),2016-17
Salt,Salt,singleton,No merge proposed at this stage.,,,True,1987-88; 1988-89; 1991-92; 1998-99; 2005-06; 2012-13; 2016-17,"1987-88/Code_12A: 340; 1987-88/Label_12A: Salt; 1988-89/Code_12A: 340; 1988-89/Label_12A: Salt; 1991-92/Code_9b: 80.0; 1991-92/Label_9b: Salt; 1998-99/Code_9b: 80.0; 1998-99/Label_9b: Salt; 2005-06/Code_9b: 101.0; 2005-06/Label_9b: salt; 2012-13/Code_9b: 101.0; 2012-13/Label_9b: salt; 2016-17/Code_9b: 545.0, 546.0, 547.0; 2016-17/Label_9b: Anapuna iodated salt, Other salt, U2 iodated salt",Salt,1987-88; 1988-89; 1991-92; 1998-99; 2005-06; 2012-13; 2016-17
Sausage (beef),Sausage (beef),singleton,No merge proposed at this stage.,,,True,2016-17,2016-17/Code_9b: 139.0; 2016-17/Label_9b: Beef sausage,Sausage (beef),2016-17
Sausage (chicken),Sausage (chicken),singleton,No merge proposed at this stage.,,,True,2016-17,2016-17/Code_9b: 141.0; 2016-17/Label_9b: Chicken sausage,Sausage (chicken),2016-17
Sausage (pork),Sausage (pork),singleton,No merge proposed at this stage.,,,True,2016-17,2016-17/Code_9b: 140.0; 2016-17/Label_9b: Pork sausage,Sausage (pork),2016-17
Schnapps,Spirits (gin/whisky/schnapps),draft_merge,"Named spirits; Akpeteshie, Bitters and Other Spirits stay separate.",PR #937 additional_candidates.yml: named_spirits (unchanged by #935),named_spirits,True,2005-06; 2012-13; 2016-17,2005-06/Code_9b: 143.0; 2005-06/Label_9b: schnapps; 2012-13/Code_9b: 143.0; 2012-13/Label_9b: schnapps; 2016-17/Code_9b: 622.0; 2016-17/Label_9b: Schnapps,Schnapps,2005-06; 2012-13; 2016-17
Shallot,Shallot,singleton,No merge proposed at this stage.,,,True,2016-17,2016-17/Code_9b: 462.0; 2016-17/Label_9b: Shallots,Shallot,2016-17
Shea Butter,Oil (palm)/Shea Butter,draft_merge,"GLSS1/2 code 329 is ""Palm oil and shea butter""; from GLSS3 Shea Butter is its own (large, northern) item. #935 notes north/south consumption differs sharply, which is what the gate tests.",slurm_logs/ghanalss_aggregate_labels/LANDED.org: Still open item 6,palm_shea,True,1991-92; 1998-99; 2005-06; 2012-13; 2016-17,1991-92/Code_9b: 32.0; 1991-92/Label_9b: Shea butter; 1998-99/Code_9b: 32.0; 1998-99/Label_9b: Shea butter; 1998-99/Code_8h: 28.0; 1998-99/Label_8h: Sheabutter; 2005-06/Code_9b: 62.0; 2005-06/Label_9b: shea butter; 2005-06/Code_8h: 32.0; 2005-06/Label_8h: shea butter; 2012-13/Code_9b: 62.0; 2012-13/Label_9b: shea butter; 2012-13/Code_8h: 32.0; 2012-13/Label_8h: shea butter; 2016-17/Code_9b: 426.0; 2016-17/Label_9b: Shea butter; 2016-17/Code_8h: 32.0; 2016-17/Label_8h: 32. Shea butter,Shea Butter,1991-92; 1998-99; 2005-06; 2012-13; 2016-17
Shrimp,Crab and shrimp,draft_merge,Named 2016-17 crustaceans; the historical broad Crustacean label stays separate.,PR #937 additional_candidates.yml: crab_shrimp (unchanged by #935),crab_shrimp,True,2016-17,2016-17/Code_9b: 150.0; 2016-17/Label_9b: Shrimps,Shrimp,2016-17
Small Bean,Small Bean,singleton,No merge proposed at this stage.,,,True,1991-92; 1998-99,1991-92/Code_9b: 18.0; 1991-92/Label_9b: Small beans; 1998-99/Code_9b: 18.0; 1998-99/Label_9b: Small beans,Small Bean,1991-92; 1998-99
Snail,Snail,singleton,No merge proposed at this stage.,,,True,1991-92; 2005-06; 2012-13; 2016-17,1991-92/Code_9b: 58.0; 1991-92/Label_9b: Snail; 2005-06/Code_8h: 71.0; 2005-06/Label_8h: snail; 2012-13/Code_8h: 71.0; 2012-13/Label_8h: snail; 2016-17/Code_9b: 151.0; 2016-17/Label_9b: Snails; 2016-17/Code_8h: 75.0; 2016-17/Label_8h: 75. Snail,Snail,1991-92; 2005-06; 2012-13; 2016-17
Soft Drinks,Soft Drinks,singleton,No merge proposed at this stage.,,,True,1991-92; 1998-99; 2005-06; 2012-13; 2016-17,"1991-92/Code_9b: 98.0; 1991-92/Label_9b: Soft Drinks and Minerals; 1998-99/Code_9b: 98.0; 1998-99/Label_9b: Soft Drinks and Minerals; 2005-06/Code_9b: 136.0; 2005-06/Label_9b: soft drinks and minerals; 2012-13/Code_9b: 136.0; 2012-13/Label_9b: soft drinks and minerals; 2016-17/Code_9b: 567.0, 568.0, 569.0, 570.0; 2016-17/Label_9b: Alvaro, Coca Cola /Fanta/Sprite, Other soft drinks, Pepsi/Mirinda",Soft Drinks,1991-92; 1998-99; 2005-06; 2012-13; 2016-17
Soup,Soup,singleton,No merge proposed at this stage.,,,True,1987-88; 1988-89; 1991-92; 1998-99; 2005-06; 2012-13; 2016-17,"1987-88/Code_12A: 356, 357; 1987-88/Label_12A: Fufu, Tou zaafi, banku or akple; 1988-89/Code_12A: 356, 357; 1988-89/Label_12A: Fufu, Tou zaafi, banku or akple; 1991-92/Code_9b: 87.0, 88.0; 1991-92/Label_9b: Fufu and Soup, Tuo and Soup; 1998-99/Code_9b: 87.0, 88.0; 1998-99/Label_9b: Fufu and Soup, Tuo and Soup; 2005-06/Code_9b: 255.0, 263.0; 2005-06/Label_9b: fufu or tuo with soup; 2012-13/Code_9b: 255.0, 263.0; 2012-13/Label_9b: fufu or tuo with soup; 2016-17/Code_9b: 910.0, 916.0; 2016-17/Label_9b: Fufu and light soup",Soup,1987-88; 1988-89; 1991-92; 1998-99; 2005-06; 2012-13; 2016-17
Soybean,Soybean,singleton,No merge proposed at this stage.,,,True,2005-06; 2012-13; 2016-17,2005-06/Code_8h: 22.0; 2005-06/Label_8h: soyabeans; 2012-13/Code_8h: 22.0; 2012-13/Label_8h: soyabeans; 2016-17/Code_8h: 22.0; 2016-17/Label_8h: 22. Soyabeans,Soybean,2005-06; 2012-13; 2016-17
Spaghetti,Macaroni/Spaghetti,draft_merge,"GLSS1/2 ask one question (""Macaroni and Spaghetti""); 2016-17 separates them. The coarse label names the group so the series is continuous across waves. Excludes instant noodles, couscous and Other Cereal.","GhanaLSS/1987-88/_/categorical_mapping.org: harmonize_food, code 305; GhanaLSS/2016-17/_/categorical_mapping.org: harmonize_food, macaroni/spaghetti rows; PR #937 selected_groups.yml: pasta (same members; label changed to the coarse member)",pasta,True,2016-17,2016-17/Code_9b: 86.0; 2016-17/Label_9b: Spaghetti,Spaghetti,2016-17
Spinach,Spinach,singleton,No merge proposed at this stage.,,,True,1987-88; 1988-89; 1991-92; 1998-99; 2005-06; 2012-13; 2016-17,1987-88/Code_12A: 352; 1987-88/Label_12A: Spinach or kontomire; 1987-88/Code_12B: 352.0; 1987-88/Label_12B: Spinach or kontomire; 1988-89/Code_12A: 352; 1988-89/Label_12A: Spinach or kontomire; 1988-89/Code_12B: 352.0; 1988-89/Label_12B: Spinach or kontomire; 1991-92/Code_8h: 47.0; 1991-92/Label_8h: Spinach/other Leafy vegetables; 1998-99/Code_8h: 47.0; 1998-99/Label_8h: Spinach/other Leafy vegetables; 2005-06/Code_8h: 57.0; 2005-06/Label_8h: nkontomire; 2012-13/Code_8h: 57.0; 2012-13/Label_8h: nkontomire; 2016-17/Code_8h: 57.0; 2016-17/Label_8h: 57. Nkontomire,Spinach,1987-88; 1988-89; 1991-92; 1998-99; 2005-06; 2012-13; 2016-17
Sugar,Sugar,singleton,"Early waves also include candy, honey and sugarcane.",,,True,1987-88; 1988-89; 1991-92; 1998-99; 2005-06; 2012-13,"1987-88/Code_12A: 339; 1987-88/Label_12A: Sugar, candy, honey and sugarcane; 1987-88/Code_12B: 339.0; 1987-88/Label_12B: Home made candy, honey and sugarcane; 1988-89/Code_12A: 339; 1988-89/Label_12A: Sugar, candy, honey and sugarcane; 1988-89/Code_12B: 339.0; 1988-89/Label_12B: Home made candy, honey and sugarcane; 1991-92/Code_9b: 78.0; 1991-92/Label_9b: Sugar; 1998-99/Code_9b: 78.0; 1998-99/Label_9b: Sugar; 2005-06/Code_9b: 92.0; 2005-06/Label_9b: sugar (cube,granulated); 2012-13/Code_9b: 92.0; 2012-13/Label_9b: sugar (cube,granulated)",Sugar,1987-88; 1988-89; 1991-92; 1998-99; 2005-06; 2012-13
Sugar (cubed),Sugar (cubed/granulated),draft_merge,"Two physical forms of refined sugar (2016-17 only). Generic Sugar (1987-88..2012-13) remains separate: its early-wave source label is ""Sugar, candy, honey and sugarcane"", so it is not a pure-sugar item.","GhanaLSS/2016-17/_/categorical_mapping.org: harmonize_food, Sugar (cubed)/(granulated); GhanaLSS/1987-88/_/categorical_mapping.org: broad Sugar source label; PR #937 selected_groups.yml: sugar_refined (same members, unchanged by #935)",sugar_refined,True,2016-17,2016-17/Code_9b: 503.0; 2016-17/Label_9b: Cubed sugar,Sugar (cubed),2016-17
Sugar (granulated),Sugar (cubed/granulated),draft_merge,"Two physical forms of refined sugar (2016-17 only). Generic Sugar (1987-88..2012-13) remains separate: its early-wave source label is ""Sugar, candy, honey and sugarcane"", so it is not a pure-sugar item.","GhanaLSS/2016-17/_/categorical_mapping.org: harmonize_food, Sugar (cubed)/(granulated); GhanaLSS/1987-88/_/categorical_mapping.org: broad Sugar source label; PR #937 selected_groups.yml: sugar_refined (same members, unchanged by #935)",sugar_refined,True,2016-17,2016-17/Code_9b: 504.0; 2016-17/Label_9b: Granulated sugar,Sugar (granulated),2016-17
Sugar Bread,Bread (including sugar bread),draft_merge,Sugar bread is a bread type;,"PR #937 additional_candidates.yml: bread_types; slurm_logs/ghanalss_aggregate_labels/LANDED.org: Gaps filled, Sugar Bread",bread_types,True,2005-06; 2012-13; 2016-17,2005-06/Code_9b: 7.0; 2005-06/Label_9b: bread-sugar bread; 2012-13/Code_9b: 7.0; 2012-13/Label_9b: bread-sugar bread; 2016-17/Code_9b: 58.0; 2016-17/Label_9b: Sugar bread,Sugar Bread,2005-06; 2012-13; 2016-17
Sweet Pepper,Sweet Pepper,singleton,No merge proposed at this stage.,,,True,2016-17,2016-17/Code_9b: 454.0; 2016-17/Label_9b: Sweet pepper,Sweet Pepper,2016-17
Sweet Potato,Sweet Potato,singleton,No merge proposed at this stage.,,,True,1991-92; 1998-99; 2005-06; 2012-13; 2016-17,1991-92/Code_8h: 16.0; 1991-92/Label_8h: Sweet potatoes; 1998-99/Code_8h: 16.0; 1998-99/Label_8h: Sweet potatoes; 2005-06/Code_8h: 16.0; 2005-06/Label_8h: sweet potatoes; 2012-13/Code_8h: 16.0; 2012-13/Label_8h: sweet potatoes; 2016-17/Code_8h: 16.0; 2016-17/Label_8h: 16. Sweet potatoes,Sweet Potato,1987-88; 1988-89; 1991-92; 1998-99; 2005-06; 2012-13; 2016-17
Taro,Taro,singleton,No merge proposed at this stage.,,,True,2016-17,2016-17/Code_9b: 496.0; 2016-17/Label_9b: Taro,Taro,2016-17
Tea,Tea,singleton,No merge proposed at this stage.,,,True,1991-92; 1998-99; 2005-06; 2012-13; 2016-17,"1991-92/Code_9b: 84.0; 1991-92/Label_9b: Tea; 1998-99/Code_9b: 84.0; 1998-99/Label_9b: Tea; 2005-06/Code_9b: 131.0; 2005-06/Label_9b: tea; 2012-13/Code_9b: 131.0; 2012-13/Label_9b: tea; 2016-17/Code_9b: 552.0; 2016-17/Label_9b: Tea bags, (eg. Lipton)",Tea,1991-92; 1998-99; 2005-06; 2012-13; 2016-17
Tilapia,"Fish (kapla/tilapia, fresh or frozen)",draft_merge,"Both 2016-17 purchase labels explicitly identify fresh/frozen fish, distinguished by species. Keeps the preservation boundary; excludes the historical broad Fish (fresh and frozen) label.",PR #937 additional_candidates.yml: fish_fresh_frozen_named (unchanged by #935),fish_fresh_frozen_named,True,2016-17,2016-17/Code_9b: 160.0; 2016-17/Label_9b: Tilapia (fresh and frozen),Tilapia,2016-17
Tobacco,Tobacco,nonfood_singleton,Excluded from food support profiles.,Delivered item label.,,True,1991-92; 1998-99; 2005-06; 2012-13; 2016-17,"1991-92/Code_9b: 106.0; 1991-92/Label_9b: Tobacco; 1998-99/Code_9b: 106.0; 1998-99/Label_9b: Tobacco; 2005-06/Code_9b: 164.0; 2005-06/Label_9b: tobacco (processed); 2012-13/Code_9b: 163.0; 2012-13/Label_9b: cigarrette, cigar; 2016-17/Code_9b: 646.0; 2016-17/Label_9b: Tobacco (processed)",Tobacco,1991-92; 1998-99; 2005-06; 2012-13; 2016-17
Tomato (fresh),Tomato (fresh),singleton,No merge proposed at this stage.,,,True,1987-88; 1988-89; 2005-06; 2012-13; 2016-17,1987-88/Code_12A: 344; 1987-88/Label_12A: Fresh tomatoes; 1987-88/Code_12B: 344.0; 1987-88/Label_12B: Fresh tomatoes; 1988-89/Code_12A: 344; 1988-89/Label_12A: Fresh tomatoes; 1988-89/Code_12B: 344.0; 1988-89/Label_12B: Fresh tomatoes; 2005-06/Code_9b: 86.0; 2005-06/Label_9b: tomatoes (fresh); 2005-06/Code_8h: 50.0; 2005-06/Label_8h: tomatoes; 2012-13/Code_9b: 86.0; 2012-13/Label_9b: tomatoes (fresh); 2012-13/Code_8h: 50.0; 2012-13/Label_8h: tomatoes; 2016-17/Code_9b: 463.0; 2016-17/Label_9b: Tomatoes (Fresh); 2016-17/Code_8h: 50.0; 2016-17/Label_8h: 50. Tomatoes,Tomato (fresh),1987-88; 1988-89; 1991-92; 1998-99; 2005-06; 2012-13; 2016-17
Tomato (paste),Tomato (paste),singleton,No merge proposed at this stage.,,,True,1987-88; 1988-89; 2005-06; 2012-13; 2016-17,"1987-88/Code_12A: 345; 1987-88/Label_12A: Tomato paste; 1988-89/Code_12A: 345; 1988-89/Label_12A: Tomato paste; 2005-06/Code_9b: 87.0; 2005-06/Label_9b: tomato puree (canned); 2012-13/Code_9b: 87.0; 2012-13/Label_9b: tomato puree (canned); 2016-17/Code_9b: 473.0, 474.0, 475.0, 476.0, 477.0, 478.0, 479.0, 480.0; 2016-17/Label_9b: Bella, Gino, Lele, Obaapa, Other tomato paste, Pomo, Tam Tam, Tasty tom",Tomato (paste),1987-88; 1988-89; 1991-92; 2005-06; 2012-13; 2016-17
Tuna (processed),Fish (canned or in oil/sauce),draft_merge,Canned/processed fish forms named in 2016-17 beside the historical Fish (canned).,PR #937 additional_candidates.yml: named_processed_fish (unchanged by #935),named_processed_fish,True,2016-17,"2016-17/Code_9b: 176.0, 177.0, 178.0, 179.0, 180.0, 181.0; 2016-17/Label_9b: Geisha, John West, Other, Star kist, Tesco, Vega",Tuna (processed),2016-17
Tuo Zaafi,Tuo Zaafi,singleton,No merge proposed at this stage.,,,True,2016-17,2016-17/Code_9b: 917.0; 2016-17/Label_9b: Tuo zaafi,Tuo Zaafi,2016-17
Vinegar,Vinegar,singleton,No merge proposed at this stage.,,,True,2016-17,2016-17/Code_9b: 525.0; 2016-17/Label_9b: Vinegar,Vinegar,2016-17
Water,Water,singleton,No merge proposed at this stage.,,,True,2005-06; 2012-13; 2016-17,"2005-06/Code_9b: 139.0; 2005-06/Label_9b: mineral water (incl.bottled water & sachet water); 2012-13/Code_9b: 139.0, 140.0; 2012-13/Label_9b: mineral water (bottled water), mineral water (sachet water); 2016-17/Code_9b: 565.0, 566.0; 2016-17/Label_9b: Mineral water (bottled), Satchet water",Water,2005-06; 2012-13; 2016-17
Water Yam,Water Yam,singleton,No merge proposed at this stage.,,,True,2016-17,2016-17/Code_9b: 495.0; 2016-17/Label_9b: Water yam,Water Yam,2016-17
Watermelon,Watermelon,singleton,No merge proposed at this stage.,,,True,1991-92; 1998-99; 2005-06; 2012-13; 2016-17,1991-92/Code_8h: 31.0; 1991-92/Label_8h: Water Melon; 1998-99/Code_8h: 31.0; 1998-99/Label_8h: Water Melon; 2005-06/Code_9b: 74.0; 2005-06/Label_9b: water melon; 2005-06/Code_8h: 41.0; 2005-06/Label_8h: water melon; 2012-13/Code_9b: 74.0; 2012-13/Label_9b: water melon; 2012-13/Code_8h: 41.0; 2012-13/Label_8h: water melon; 2016-17/Code_9b: 438.0; 2016-17/Label_9b: Water melon; 2016-17/Code_8h: 41.0; 2016-17/Label_8h: 41. Water Melon,Watermelon,1991-92; 1998-99; 2005-06; 2012-13; 2016-17
Wheat Flour,Wheat Flour,singleton,No merge proposed at this stage.,,,True,1987-88; 1988-89; 2005-06; 2012-13; 2016-17,"1987-88/Code_12A: 304; 1987-88/Label_12A: Bread or wheat flour; 1987-88/Code_12B: 304.0; 1987-88/Label_12B: Bread or wheat flour; 1988-89/Code_12A: 304; 1988-89/Label_12A: Bread or wheat flour; 1988-89/Code_12B: 304.0; 1988-89/Label_12B: Bread or wheat flour; 2005-06/Code_9b: 10.0; 2005-06/Label_9b: flour (wheat); 2012-13/Code_9b: 10.0; 2012-13/Label_9b: flour (wheat); 2016-17/Code_9b: 32.0, 33.0, 34.0; 2016-17/Label_9b: GMG, Takoradi Flour Mill, Wheat semolina,suji",Wheat Flour,1987-88; 1988-89; 2005-06; 2012-13; 2016-17
Whisky,Spirits (gin/whisky/schnapps),draft_merge,"Named spirits; Akpeteshie, Bitters and Other Spirits stay separate.",PR #937 additional_candidates.yml: named_spirits (unchanged by #935),named_spirits,True,2005-06; 2012-13; 2016-17,2005-06/Code_9b: 144.0; 2005-06/Label_9b: whiskies and gins; 2012-13/Code_9b: 144.0; 2012-13/Label_9b: whiskies and gins; 2016-17/Code_9b: 619.0; 2016-17/Label_9b: Whisky,Whisky,2005-06; 2012-13; 2016-17
White Oat,White Oat,singleton,No merge proposed at this stage.,,,True,,,,2016-17
Wine,Wine,singleton,No merge proposed at this stage.,,,True,1991-92; 1998-99; 2005-06; 2012-13; 2016-17,"1991-92/Code_9b: 100.0; 1991-92/Label_9b: Palm Wine; 1998-99/Code_9b: 100.0; 1998-99/Label_9b: Palm Wine; 2005-06/Code_9b: 150.0, 152.0, 153.0; 2005-06/Label_9b: other imported wine, other local wine, palm wine/raffia palm wine etc; 2012-13/Code_9b: 150.0, 152.0, 153.0; 2012-13/Label_9b: other imported wine, other local wine, palm wine/raffia palm wine etc; 2016-17/Code_9b: 629.0, 630.0, 631.0; 2016-17/Label_9b: Imported Wine, Other local wine, Palm Wine",Wine,1991-92; 1998-99; 2005-06; 2012-13; 2016-17
Yam,Yam,singleton,No merge proposed at this stage.,,,True,1987-88; 1988-89; 1991-92; 1998-99; 2005-06; 2012-13; 2016-17,1987-88/Code_12A: 310; 1987-88/Label_12A: Yams; 1987-88/Code_12B: 310.0; 1987-88/Label_12B: Yams; 1988-89/Code_12A: 310; 1988-89/Label_12A: Yams; 1988-89/Code_12B: 310.0; 1988-89/Label_12B: Yams; 1991-92/Code_9b: 12.0; 1991-92/Label_9b: Yam; 1991-92/Code_8h: 13.0; 1991-92/Label_8h: Yams; 1998-99/Code_9b: 12.0; 1998-99/Label_9b: Yam; 1998-99/Code_8h: 13.0; 1998-99/Label_8h: Yams; 2005-06/Code_9b: 110.0; 2005-06/Label_9b: yam; 2005-06/Code_8h: 13.0; 2005-06/Label_8h: yam; 2012-13/Code_9b: 110.0; 2012-13/Label_9b: yam; 2012-13/Code_8h: 13.0; 2012-13/Label_8h: yam; 2016-17/Code_9b: 494.0; 2016-17/Label_9b: Yam; 2016-17/Code_8h: 13.0; 2016-17/Label_8h: 13. Yam,Yam,1987-88; 1988-89; 1991-92; 1998-99; 2005-06; 2012-13; 2016-17
Yoghurt,Yoghurt,singleton,No merge proposed at this stage.,,,True,2016-17,2016-17/Code_9b: 408.0; 2016-17/Label_9b: Fan Yoghurt,Yoghurt,2016-17
