{"Kilogram": 1.0, "Kubaya/Cup Small": 0.2639999985694885, "Kubaya/Cup Medium": 0.3400000035762787, "Kubaya/Cup Large": 0.6974999904632568, "Kunna/Mishe/Kefer/Enkib Small": 5.480000019073486, "Kunna/Mishe/Kefer/Enkib Medium": 9.58549976348877, "Kunna/Mishe/Kefer/Enkib Large": 20.51099967956543, "Madaberia/Nuse/Shera/Cheret Small": 31.83300018310547, "Madaberia/Nuse/Shera/Cheret Medium": 58.17300033569336, "Madaberia/Nuse/Shera/Cheret Large": 103.16699981689453, "Medeb Small": 0.4000000059604645, "Medeb Medium": 0.6700000166893005, "Medeb Large": 1.1299999952316284, "Piece/number Small": 0.12999999523162842, "Piece/number Medium": 0.30000001192092896, "Piece/number Large": 0.4300000071525574, "Sahin Small": 0.8220000267028809, "Sahin Medium": 1.3385000228881836, "Sahin Large": 2.257999897003174, "Shekim Small": 7.269999980926514, "Shekim Medium": 21.65999984741211, "Shekim Large": 41.0, "Sini Small": 0.05350000038743019, "Sini Medium": 0.07999999821186066, "Tasa/Tanika/Shember/Selemon Small": 0.42100000381469727, "Tasa/Tanika/Shember/Selemon Medium": 0.7829999923706055, "Tasa/Tanika/Shember/Selemon Large": 1.0794999599456787, "Zorba/Akara Small": 0.1599999964237213, "Zorba/Akara Medium": 0.27000001072883606, "Zorba/Akara Large": 0.5699999928474426, "Gram": 0.0010000000474974513, "Akumada/Dawla/Lekota Small": 28.85649871826172, "Akumada/Dawla/Lekota Large": 47.93299865722656, "Quintal": 100.0, "Birchiko Small": 0.12600000202655792, "Birchiko Medium": 0.20600000023841858, "Birchiko Large": 0.2800000011920929, "Litres": 1.0, "Bunch Small": 9.600000381469727, "Bunch Medium": 17.5, "Bunch Large": 19.079999923706055, "Mili Liter": 0.0010000000474974513, "Chinet Small": 22.440000534057617, "Chinet Large": 43.91999816894531, "Box/Casa": 51.847999572753906, "Esir Small": 0.5099999904632568, "Esir Medium": 0.8799999952316284, "Esir Large": 1.9199999570846558, "Jenbe": 31.48699951171875, "Festal Small": 1.7829999923706055, "Festal Medium": 3.695499897003174, "Festal Large": 6.886000156402588, "Jog": 1.034999966621399, "Joniya/Kasha Small": 33.98099899291992, "Joniya/Kasha Medium": 58.66699981689453, "Joniya/Kasha Large": 103.33300018310547, "Melekiya": 0.03999999910593033, "Kerchat/Kemba Small": 7.968500137329102, "Kerchat/Kemba Medium": 20.083499908447266, "Kerchat/Kemba Large": 25.891000747680664}