spec,pair_group,basis,unit_scope,item_scope,farmgate_scope,country,t,geo_rung,item,n_countries,n_cells,n_items,n_geos,median_gap,ratio,iqr_gap,share_abs_gap_gt_log1p5,share_exact_ties,claim_30_50,coef_within,se_within,coef_between,se_between,r2_fe,resid_sd,n_geo_singleton,n_eff_cells,loo_min,loo_max,loo_worst_item
market_identity,1_vs_5,native,sized,all,all,POOLED,,,,6.0,9760,215,2648.0,0.0,1.0,0.2953770793267724,0.20225409836065575,0.21567622950819673,False,-0.1088153036173014,0.017052471088426672,-0.009960433536343818,0.011649871578657304,0.8147967079812463,0.5951460953594722,820.0,8940.0,,,
market_identity,1_vs_5,native,all,all,all,POOLED,,,,6.0,12229,258,,0.0,1.0,0.28881714671905023,0.2319077602420476,0.24212936462507156,False,,,,,,,,,,,
market_identity,1_vs_5,kg,sized,all,all,POOLED,,,,3.0,16540,83,2675.0,0.0,1.0,0.39473871309319264,0.31553808948004836,0.13567110036275695,False,-0.9948321559883916,0.034063523678605434,-0.08501800824245634,0.010944664983418648,0.5937111257753926,0.810310697456211,506.0,16034.0,,,
market_identity,1_vs_5,kg,all,all,all,POOLED,,,,3.0,16540,83,,0.0,1.0,0.39473871309319264,0.31553808948004836,0.13567110036275695,False,,,,,,,,,,,
farmgate_pooled,market_vs_crop_sale,native,sized,all,all,POOLED,,,,7.0,569,75,311.0,0.4700036292457357,1.6,0.7485430936510294,0.6133567662565905,0.028119507908611598,False,0.6096857818081816,0.3712910367624401,0.2849763081313993,0.14093284968280576,0.9006392103762192,0.8107703906407752,213.0,356.0,,,
farmgate_pooled,market_vs_crop_sale,native,all,all,all,POOLED,,,,7.0,779,86,422.0,0.3772942311414677,1.4583333333333328,0.669881686574596,0.5622593068035944,0.05006418485237484,True,0.3084058300308985,0.2485149884315041,0.10509578289758353,0.08516833898905724,0.8739412299237193,0.8616942030727179,302.0,477.0,,,
farmgate_pooled,market_vs_crop_sale,native,sized,all,same_good,POOLED,,,,7.0,420,63,241.0,0.40316094433193284,1.4965477331571446,0.5556174001668924,0.5357142857142857,0.030952380952380953,True,1.509703620785053,0.27337094436852616,0.3679666988542413,0.20062763461413152,0.878377545316894,0.7789908750414821,175.0,245.0,,,
farmgate_pooled,market_vs_crop_sale,native,sized,all,processed,POOLED,,,,5.0,149,14,117.0,0.9485599924429406,2.581988897471611,0.7101999868032012,0.8322147651006712,0.020134228187919462,False,-0.15026896786278035,0.04767826805046885,-0.29468164093852545,0.20726338319085413,0.9905407905493828,0.9315730071295215,92.0,57.0,,,
farmgate_pooled,market_vs_crop_sale,kg,sized,all,all,POOLED,,,,3.0,561,61,299.0,0.5108256237659905,1.6666666666666663,0.7247535064338676,0.6078431372549019,0.035650623885918005,False,-0.3765577473418703,0.2072734365941699,-0.17338946535776253,0.08131278873111181,0.9692380020735258,0.3282134356142052,206.0,355.0,,,
farmgate_pooled,market_vs_crop_sale,kg,all,all,all,POOLED,,,,3.0,561,61,299.0,0.5108256237659905,1.6666666666666663,0.7247535064338676,0.6078431372549019,0.035650623885918005,False,-0.3765577473418703,0.2072734365941699,-0.17338946535776253,0.08131278873111181,0.9692380020735258,0.3282134356142052,206.0,355.0,,,
farmgate_pooled,market_vs_crop_sale,kg,sized,all,same_good,POOLED,,,,3.0,434,55,230.0,0.4381866140566675,1.549894112461538,0.5593320193686053,0.5599078341013825,0.03686635944700461,False,-0.09097470777364035,0.2640904271418457,-0.2860894365924298,0.08878651678951037,0.9719755783072447,0.36043063623380844,159.0,275.0,-0.3832274151119125,-0.17064544025025052,Ethiopia|Maize
farmgate_pooled,market_vs_crop_sale,kg,sized,all,processed,POOLED,,,,3.0,127,7,108.0,1.0033021088637843,2.7272727272727257,0.891408623291595,0.7716535433070866,0.031496062992125984,False,1.4726378077218798,0.292935748015803,-2.1430929149094076,0.8642536473826977,0.9898220748888799,0.5261760318557089,92.0,35.0,,,
farmgate_by_class,market_vs_crop_sale,native,sized,fresh produce,all,POOLED,,,,6.0,61,20,33.0,0.7419373447293776,2.1000000000000005,0.8771010284607961,0.8032786885245902,0.01639344262295082,False,2.0129617631702685,0.0155504289606152,-1.395367074271373,0.2502657284380538,0.9538775468061589,0.16811848751763073,22.0,39.0,-1.6770958534734455,-1.151257687115906,Ethiopia|Kariya
farmgate_by_class,market_vs_crop_sale,native,sized,fresh produce,same_good,POOLED,,,,6.0,61,20,33.0,0.7419373447293776,2.1000000000000005,0.8771010284607961,0.8032786885245902,0.01639344262295082,False,2.0129617631702685,0.0155504289606152,-1.395367074271373,0.2502657284380538,0.9538775468061589,0.16811848751763073,22.0,39.0,-1.6770958534734455,-1.151257687115906,Ethiopia|Kariya
farmgate_by_class,market_vs_crop_sale,native,sized,processed & beverages,all,POOLED,,,,3.0,13,3,11.0,1.8293197844621092,6.229647713819609,1.4957091471057582,0.8461538461538461,0.0,False,,,,,,,9.0,4.0,,,
farmgate_by_class,market_vs_crop_sale,native,sized,processed & beverages,same_good,POOLED,,,,0.0,0,0,,,,,,,,,,,,,,,,,,
farmgate_by_class,market_vs_crop_sale,native,sized,pulses & oilseeds,all,POOLED,,,,6.0,178,25,126.0,0.4377343686769499,1.5491933384829666,0.4817307879603604,0.5730337078651685,0.028089887640449437,False,1.981179810913542,0.025984108875360318,1.2385623620567285,1.0232767228705235,0.6932456021499451,0.6069608177855726,102.0,76.0,0.26199581005998884,1.3657352063799681,Tanzania|Coconuts
farmgate_by_class,market_vs_crop_sale,native,sized,pulses & oilseeds,same_good,POOLED,,,,6.0,160,21,112.0,0.4247625177809468,1.529227212265631,0.4369809766732063,0.55625,0.03125,False,1.9811768754192598,0.025995495816242584,1.0588182664598231,0.8679628378623725,0.6596959512144694,0.6069605373707204,90.0,70.0,0.3387639020598203,1.1945683306022112,Tanzania|Pulses
farmgate_by_class,market_vs_crop_sale,native,sized,roots & tubers,all,POOLED,,,,5.0,48,14,30.0,0.6770125502755524,1.9679896712654301,0.7516707496575168,0.7708333333333334,0.020833333333333332,False,1.3685036317114843,0.5439108092182212,0.5395027070444792,0.4850297156775638,0.7568588619690222,1.8141014528611958,20.0,28.0,0.4791685557725894,0.7441110870698383,Mali|Igname
farmgate_by_class,market_vs_crop_sale,native,sized,roots & tubers,same_good,POOLED,,,,5.0,45,13,28.0,0.6608779199911594,1.9364916731037078,0.9006920913011316,0.7555555555555555,0.022222222222222223,False,1.3685036317114843,0.5439108092182211,0.5656623081859795,0.49143073540867444,0.75648005304573,1.8141014528611954,19.0,26.0,0.5064322899072156,0.7876431978582821,Mali|Patate douce
farmgate_by_class,market_vs_crop_sale,native,sized,staple grains & flours,all,POOLED,,,,5.0,269,13,194.0,0.4054651081081646,1.5000000000000002,0.849725075572564,0.5576208178438662,0.03345724907063197,False,-0.20853074506285035,0.13596226566116026,0.04112471062649893,0.12789430388782858,0.9852361538212302,0.6170798939882609,144.0,125.0,-0.1402172044861036,0.2574158298841081,Nigeria|Rice--local
farmgate_by_class,market_vs_crop_sale,native,sized,staple grains & flours,same_good,POOLED,,,,5.0,154,9,114.0,0.22722765614413376,1.2551155701892607,0.41431181000710404,0.34415584415584416,0.03896103896103896,False,-1.4374279599866235,0.5110513633242183,0.09426656870046073,0.06447752588480099,0.986806839226089,1.0257196265110373,86.0,68.0,-0.016683125512287084,0.1356537726598309,Tanzania|Millet & Sorghum (grain)
farmgate_pooled,market_vs_own_consumption,native,sized,all,all,POOLED,,,,2.0,552,51,221.0,0.1256317052378239,1.1338644950197754,0.2954512243539775,0.29528985507246375,0.19202898550724637,False,0.2232605344411691,0.0863484608297072,0.09016858562125028,0.06369223506489922,0.7996807891302684,0.5734817761931089,113.0,439.0,,,
farmgate_pooled,market_vs_own_consumption,native,all,all,all,POOLED,,,,2.0,1913,91,338.0,0.0,1.0,0.2876820724517808,0.30162049137480396,0.35703084161003656,False,0.0928596061249799,0.02195588725351954,0.015550330877456574,0.014953197321483343,0.5585266890534364,0.5017198121602567,167.0,1746.0,,,
farmgate_pooled,market_vs_own_consumption,native,sized,all,same_good,POOLED,,,,2.0,330,36,175.0,0.1256317052378239,1.1338644950197754,0.45425524815190665,0.4090909090909091,0.1606060606060606,False,0.2397333780400422,0.1562618833618943,0.16131225993702375,0.13066443316180487,0.8074442135243135,0.8588167173747279,103.0,227.0,-0.0318307625994369,0.27148698525076054,GhanaLSS|Pepper
farmgate_pooled,market_vs_own_consumption,native,sized,all,processed,POOLED,,,,2.0,218,13,119.0,0.1327570827708779,1.1419725598249957,0.25840087550143664,0.12385321100917432,0.23394495412844038,False,0.15431180393313862,0.05432660627189269,0.012406671213974992,0.0416087920760276,0.8576729767085127,0.28715012162880016,77.0,141.0,,,
farmgate_pooled,market_vs_own_consumption,kg,sized,all,all,POOLED,,,,0.0,0,0,,,,,,,,,,,,,,,,,,
farmgate_pooled,market_vs_own_consumption,kg,all,all,all,POOLED,,,,0.0,0,0,,,,,,,,,,,,,,,,,,
farmgate_pooled,market_vs_own_consumption,kg,sized,all,same_good,POOLED,,,,0.0,0,0,,,,,,,,,,,,,,,,,,
farmgate_pooled,market_vs_own_consumption,kg,sized,all,processed,POOLED,,,,0.0,0,0,,,,,,,,,,,,,,,,,,
farmgate_by_class,market_vs_own_consumption,native,sized,animal products,all,POOLED,,,,2.0,108,11,70.0,0.11285055082379755,1.119464617381455,0.3441003243509348,0.26851851851851855,0.2777777777777778,False,0.2533392380429716,0.12042148580641368,0.0487242827329908,0.3175553393083754,0.9019142076552459,1.8730960860558303,37.0,71.0,-0.23803989507570633,0.251448203374826,GhanaLSS|Other Meat
farmgate_by_class,market_vs_own_consumption,native,sized,animal products,same_good,POOLED,,,,2.0,100,10,67.0,0.103440977730715,1.1089803368973161,0.3750519026822969,0.28,0.29,False,0.12874491420943832,0.1082346282064136,0.05556341839524534,0.32396731336538515,0.9226869995301226,1.6981380258418093,38.0,62.0,-0.23565485915768247,0.2630106528200551,GhanaLSS|Other Meat
farmgate_by_class,market_vs_own_consumption,native,sized,fresh produce,all,POOLED,,,,2.0,35,13,22.0,1.3862943611198904,3.999999999999999,1.1179707364594835,0.8571428571428571,0.0,False,0.9460726372184638,0.5111218819415381,0.7978497180129892,0.2992050344384821,0.9227437150807523,1.433323587212457,15.0,20.0,0.44683194742459,1.1371896133405905,GhanaLSS|Tomato (fresh)
farmgate_by_class,market_vs_own_consumption,native,sized,fresh produce,same_good,POOLED,,,,2.0,35,13,22.0,1.3862943611198904,3.999999999999999,1.1179707364594835,0.8571428571428571,0.0,False,0.9460726372184638,0.5111218819415381,0.7978497180129892,0.2992050344384821,0.9227437150807523,1.433323587212457,15.0,20.0,0.44683194742459,1.1371896133405905,GhanaLSS|Tomato (fresh)
farmgate_by_class,market_vs_own_consumption,native,sized,processed & beverages,all,POOLED,,,,2.0,9,5,8.0,0.3285040934629896,1.3888889256818804,0.9808292530117264,0.4444444444444444,0.3333333333333333,True,,,,,,,7.0,2.0,,,
farmgate_by_class,market_vs_own_consumption,native,sized,processed & beverages,same_good,POOLED,,,,0.0,0,0,,,,,,,,,,,,,,,,,,
farmgate_by_class,market_vs_own_consumption,native,sized,pulses & oilseeds,all,POOLED,,,,2.0,146,8,109.0,0.1823215567939549,1.2000000000000004,0.2876820724517817,0.18493150684931506,0.1643835616438356,False,0.20366342608729504,0.03815931088271652,-0.19304574631253532,0.0992143613347164,0.9590595431786272,0.5634335523223456,84.0,62.0,-0.36331108624566333,-0.12691659063706742,Uganda|Ground Nuts
farmgate_by_class,market_vs_own_consumption,native,sized,pulses & oilseeds,same_good,POOLED,,,,2.0,96,5,93.0,0.1823215766621693,1.2000000238418578,0.3566749439387324,0.23958333333333334,0.13541666666666666,False,,,,,,,90.0,6.0,,,
farmgate_by_class,market_vs_own_consumption,native,sized,roots & tubers,all,POOLED,,,,2.0,113,7,74.0,-0.2231435513142097,0.8,1.0346956426495961,0.49557522123893805,0.09734513274336283,False,0.7274367093017331,0.2826787757149466,0.560516568927798,0.2656271571600634,0.8106216688907797,0.8813132387459245,49.0,64.0,0.3465834830089864,0.8303748958214379,GhanaLSS|Cassava (fresh)
farmgate_by_class,market_vs_own_consumption,native,sized,roots & tubers,same_good,POOLED,,,,1.0,72,5,38.0,-0.5603825381663223,0.570990596369682,1.1832557733531426,0.6805555555555556,0.0,False,1.1033316647749658,0.3115068450557924,0.560516568927798,0.26562715716006347,0.7674564997986616,0.6855927049285417,18.0,54.0,0.3465834830089865,0.8303748958214378,GhanaLSS|Cassava (fresh)
farmgate_by_class,market_vs_own_consumption,native,sized,staple grains & flours,all,POOLED,,,,2.0,141,7,99.0,0.154150679827258,1.1666666666666663,0.2554128118829961,0.12056737588652482,0.2695035460992908,False,0.023252407806503315,0.03935899630019615,0.011690183827823298,0.04573680692105281,0.966336700084872,0.2868316720593246,75.0,66.0,-0.26633372782180215,0.07369743970583455,Uganda|Sorghum
farmgate_by_class,market_vs_own_consumption,native,sized,staple grains & flours,same_good,POOLED,,,,2.0,27,3,21.0,0.0,1.0,0.24714818196986987,0.18518518518518517,0.4074074074074074,False,-0.047076122739664876,0.04533191421403124,0.02352539806398872,27433154237145.164,0.975632586213072,0.3280441665879643,15.0,12.0,0.023666690094190417,0.03131967678661223,GhanaLSS|Maize (cob)
farmgate_pooled,own_consumption_vs_crop_sale,native,sized,all,all,POOLED,,,,1.0,106,9,70.0,0.3273333299959411,1.3872638167626066,0.5198044240018775,0.4528301886792453,0.14150943396226415,True,-0.8871329811319805,0.38519293722956616,-0.2509607313819056,0.1476411397418812,0.8950175592441517,1.3127017254736097,47.0,59.0,,,
farmgate_pooled,own_consumption_vs_crop_sale,native,all,all,all,POOLED,,,,1.0,226,14,103.0,0.11750090731143364,1.124682650380698,0.4515362227407886,0.3230088495575221,0.17699115044247787,False,-0.4344017666038978,0.09138836847478886,-0.18428660083157125,0.052865399593637674,0.7772439446807079,0.4222916884242504,57.0,169.0,,,
farmgate_pooled,own_consumption_vs_crop_sale,native,sized,all,same_good,POOLED,,,,1.0,52,3,51.0,0.2231435513142097,1.25,0.34157498593624464,0.23076923076923078,0.25,False,,,,,,,50.0,2.0,,,
farmgate_pooled,own_consumption_vs_crop_sale,native,sized,all,processed,POOLED,,,,1.0,54,6,38.0,0.6931471805599454,2.0,0.7174966112148813,0.6666666666666666,0.037037037037037035,False,,,-0.14905296871506318,0.1921752119711696,,,28.0,26.0,,,
farmgate_pooled,own_consumption_vs_crop_sale,kg,sized,all,all,POOLED,,,,0.0,0,0,,,,,,,,,,,,,,,,,,
farmgate_pooled,own_consumption_vs_crop_sale,kg,all,all,all,POOLED,,,,0.0,0,0,,,,,,,,,,,,,,,,,,
farmgate_pooled,own_consumption_vs_crop_sale,kg,sized,all,same_good,POOLED,,,,0.0,0,0,,,,,,,,,,,,,,,,,,
farmgate_pooled,own_consumption_vs_crop_sale,kg,sized,all,processed,POOLED,,,,0.0,0,0,,,,,,,,,,,,,,,,,,
farmgate_by_class,own_consumption_vs_crop_sale,native,sized,pulses & oilseeds,all,POOLED,,,,1.0,52,3,50.0,0.1823215567939549,1.2000000000000004,0.34157498593624464,0.23076923076923078,0.2692307692307692,False,,,,,,,49.0,3.0,,,
farmgate_by_class,own_consumption_vs_crop_sale,native,sized,pulses & oilseeds,same_good,POOLED,,,,1.0,40,1,40.0,0.17426526997027064,1.1903712936996393,0.3021024199842241,0.15,0.325,False,,,,,,,40.0,0.0,,,
farmgate_by_class,own_consumption_vs_crop_sale,native,sized,roots & tubers,all,POOLED,,,,1.0,4,2,,0.5496762406266633,1.7326919517865988,0.47867228022364366,0.5,0.0,False,,,,,,,,,,,
farmgate_by_class,own_consumption_vs_crop_sale,native,sized,roots & tubers,same_good,POOLED,,,,1.0,1,1,,0.2938933324510593,1.3416407864998736,0.0,0.0,0.0,True,,,,,,,,,,,
farmgate_by_class,own_consumption_vs_crop_sale,native,sized,staple grains & flours,all,POOLED,,,,1.0,50,4,37.0,0.6152975307926711,1.8502070112307132,0.7060425795684508,0.68,0.02,False,,,-0.10002736116080395,0.11179124225463866,,,27.0,23.0,-0.1529095431308917,-0.07534563381652151,Uganda|Rice
farmgate_by_class,own_consumption_vs_crop_sale,native,sized,staple grains & flours,same_good,POOLED,,,,1.0,11,1,11.0,0.4337502838523619,1.5430334996209196,0.2817529407974515,0.5454545454545454,0.0,False,,,,,,,11.0,0.0,,,
market_identity_by_class,1_vs_5,native,sized,animal products,all,POOLED,,,,6.0,615,50,378.0,0.0,1.0,0.3646431135879093,0.27479674796747966,0.19349593495934958,False,0.09501707756087725,0.035607583393448654,-0.02776259605847348,0.043877789147509796,0.921951239197594,0.5062239323841389,251.0,364.0,,,
market_identity_by_class,1_vs_5,native,sized,fresh produce,all,POOLED,,,,6.0,2502,37,1333.0,0.0,1.0,0.29919116503386456,0.2106314948041567,0.2422062350119904,False,-0.07197727229017002,0.05401598831018305,-0.03019877378553163,0.01619557221034821,0.961464747623568,0.37823016592612313,667.0,1835.0,,,
market_identity_by_class,1_vs_5,native,sized,processed & beverages,all,POOLED,,,,6.0,3461,43,1936.0,0.0,1.0,0.2513144282809063,0.20861022825772899,0.2207454492921121,False,-0.15105443147375544,0.03650113044615577,0.0006686471260296784,0.01187578053072043,0.7903439339328251,0.7508394619228993,947.0,2514.0,,,
market_identity_by_class,1_vs_5,native,sized,pulses & oilseeds,all,POOLED,,,,6.0,954,24,691.0,0.046183589040949394,1.0472666599907152,0.33878706557327576,0.20754716981132076,0.15723270440251572,False,-0.22867872244038073,0.1263625280759256,-0.14842969265574246,0.04153260524473637,0.9738799820362994,0.40253629523130197,499.0,455.0,,,
market_identity_by_class,1_vs_5,native,sized,roots & tubers,all,POOLED,,,,5.0,636,24,598.0,0.0,1.0,0.33647223662121306,0.19654088050314467,0.2783018867924528,False,0.3177921275818148,0.06384313308950768,-0.2765249161767105,0.1194411455334046,0.9946805766528883,1.7766675984364617,571.0,65.0,,,
market_identity_by_class,1_vs_5,native,sized,staple grains & flours,all,POOLED,,,,6.0,1592,37,1043.0,0.0,1.0,0.2288415724288479,0.146356783919598,0.1815326633165829,False,-0.542493969008187,0.1611212739544423,-0.05105359869342886,0.040051827792886345,0.9630897644430321,0.36818371133501593,658.0,934.0,,,
farmgate_by_country,market_vs_crop_sale,native,all,all,all,Ethiopia,,,,1.0,195,25,67.0,0.2623642644674908,1.2999999999999996,0.46591519647531415,0.40512820512820513,0.05128205128205128,False,0.826805641442947,0.6223630122554051,0.2949138569881727,0.12599035146884086,0.8021200808230164,0.6627231457763371,38.0,157.0,,,
farmgate_by_country,market_vs_crop_sale,kg,all,all,all,Ethiopia,,,,1.0,313,37,130.0,0.3709686723646883,1.4491376746189433,0.5697171415941824,0.48881789137380194,0.03514376996805112,True,-0.48754253276405757,0.22934468602428762,-0.23057224272983787,0.09581485857063717,0.9636854978526972,0.32754512679275,75.0,238.0,,,
farmgate_by_country,market_vs_crop_sale,native,sized,all,same_good,Ethiopia,,,,1.0,133,20,55.0,0.2623642644674908,1.2999999999999996,0.3751461429988172,0.3082706766917293,0.045112781954887216,False,1.8833277569820612,0.12345405452336528,0.11394981007185973,0.1576291971220703,0.9481964012216206,0.1224292227498384,30.0,103.0,,,
farmgate_by_country,market_vs_crop_sale,native,sized,all,all,Ethiopia,,,,1.0,161,23,65.0,0.2761178403188999,1.3180031687902636,0.4062662826729016,0.34782608695652173,0.055900621118012424,True,1.8161486751145777,0.1733910333241175,0.2782072108674325,0.1294854207533539,0.952457467312538,0.1389079719071373,38.0,123.0,,,
farmgate_by_country,market_vs_crop_sale,native,all,all,same_good,Ethiopia,,,,1.0,165,22,57.0,0.2231435513142106,1.250000000000001,0.4498930225023028,0.38181818181818183,0.04242424242424243,False,0.768382024148522,0.6929830390455636,0.22249150945182314,0.13034704665831554,0.7914800542131709,0.7210214051043494,30.0,135.0,,,
farmgate_by_country,market_vs_crop_sale,native,all,all,all,Malawi,,,,1.0,120,10,93.0,0.2899092476264711,1.3363062095621219,0.5865100268318351,0.6,0.06666666666666667,True,-0.15249641871780442,0.19630564632238773,-0.004967134781909334,0.1293056955075413,0.9396538787983219,3.2510095845064146,76.0,44.0,,,
farmgate_by_country,market_vs_crop_sale,kg,all,all,all,Malawi,,,,1.0,193,15,148.0,0.6714046245900764,1.9569842191603277,0.7661241368714857,0.7357512953367875,0.046632124352331605,False,0.058858957604433694,0.36861205299229166,0.22698362428127208,0.1734385263965969,0.9754500991528833,0.4557451032037032,115.0,78.0,,,
farmgate_by_country,market_vs_crop_sale,native,sized,all,same_good,Malawi,,,,1.0,67,6,57.0,0.4054651081081646,1.5000000000000002,0.3371187227593407,0.582089552238806,0.04477611940298507,False,1.9061968526488458,0.07814996380633144,0.101206473908545,0.010462892305606313,0.9941857039365721,0.12881826857399492,48.0,19.0,,,
farmgate_by_country,market_vs_crop_sale,native,sized,all,all,Malawi,,,,1.0,79,8,62.0,0.4567584024957147,1.5789473684210522,0.49768743530588694,0.620253164556962,0.0379746835443038,False,-0.052469168621865694,0.0984735108355824,0.0891929889915654,0.06413505582419465,0.9945728884027764,0.7637548074355499,50.0,29.0,,,
farmgate_by_country,market_vs_crop_sale,native,all,all,same_good,Malawi,,,,1.0,104,8,86.0,0.2231435513142097,1.25,0.5504036878934582,0.5576923076923077,0.07692307692307693,False,-0.1576497328251297,0.4105645551214971,-0.1223621072402619,0.18752679575457828,0.9339990189852388,2.831921726890079,73.0,31.0,,,
farmgate_by_country,market_vs_crop_sale,native,all,all,all,Mali,,,,1.0,3,2,,1.437587655507441,4.210526315789473,0.6539160288824493,1.0,0.0,False,,,,,,,,,,,
farmgate_by_country,market_vs_crop_sale,native,sized,all,same_good,Mali,,,,1.0,3,2,,1.437587655507441,4.210526315789473,0.6539160288824493,1.0,0.0,False,,,,,,,,,,,
farmgate_by_country,market_vs_crop_sale,native,sized,all,all,Mali,,,,1.0,3,2,,1.437587655507441,4.210526315789473,0.6539160288824493,1.0,0.0,False,,,,,,,,,,,
farmgate_by_country,market_vs_crop_sale,native,all,all,same_good,Mali,,,,1.0,3,2,,1.437587655507441,4.210526315789473,0.6539160288824493,1.0,0.0,False,,,,,,,,,,,
farmgate_by_country,market_vs_crop_sale,native,all,all,all,Niger,,,,1.0,77,7,71.0,0.154150679827258,1.1666666666666663,0.4197158631742717,0.2857142857142857,0.03896103896103896,False,,,-0.5211284019420783,0.17002466667813027,,,65.0,12.0,,,
farmgate_by_country,market_vs_crop_sale,native,sized,all,same_good,Niger,,,,1.0,4,3,,0.7166638078197116,2.047590647031799,0.5233851165148338,0.75,0.0,False,,,,,,,,,,,
farmgate_by_country,market_vs_crop_sale,native,sized,all,all,Niger,,,,1.0,4,3,,0.7166638078197116,2.047590647031799,0.5233851165148338,0.75,0.0,False,,,,,,,,,,,
farmgate_by_country,market_vs_crop_sale,native,all,all,same_good,Niger,,,,1.0,77,7,71.0,0.154150679827258,1.1666666666666663,0.4197158631742717,0.2857142857142857,0.03896103896103896,False,,,-0.5211284019420783,0.17002466667813027,,,65.0,12.0,,,
farmgate_by_country,market_vs_crop_sale,native,all,all,all,Nigeria,,,,1.0,161,24,90.0,0.5108256237659914,1.6666666666666679,0.8651080759472736,0.6459627329192547,0.018633540372670808,False,-0.6772575216315643,0.23940676481014406,0.20831247187136495,0.13216794692496944,0.9280794304698817,0.5495059905263187,60.0,101.0,,,
farmgate_by_country,market_vs_crop_sale,native,sized,all,same_good,Nigeria,,,,1.0,132,22,75.0,0.416649081568512,1.5168701218436964,0.7660263754306507,0.5909090909090909,0.022727272727272728,False,-0.31711010024138875,0.2516039024735799,0.10453038953723857,0.16251126482766529,0.9431602628303768,0.5734738837223351,48.0,84.0,,,
farmgate_by_country,market_vs_crop_sale,native,sized,all,all,Nigeria,,,,1.0,158,24,87.0,0.5220620380326224,1.6854996331351955,0.8776647371890973,0.6518987341772152,0.0189873417721519,False,-0.6772575216315644,0.2394067648101446,0.18314634813175767,0.13526715600634653,0.9273871386901767,0.5405703382578179,57.0,101.0,,,
farmgate_by_country,market_vs_crop_sale,native,all,all,same_good,Nigeria,,,,1.0,135,22,78.0,0.4054651081081646,1.5000000000000002,0.7699126988144047,0.5851851851851851,0.022222222222222223,False,-0.317110100241389,0.2516039024735807,0.1399641558339837,0.15693576052852107,0.9436514146703014,0.5883717901853146,51.0,84.0,,,
farmgate_by_country,market_vs_crop_sale,native,all,all,all,Tanzania,,,,1.0,49,14,16.0,0.8472978603872034,2.333333333333333,0.8808928186825957,0.8163265306122449,0.02040816326530612,False,1.999999999999999,2.30046561530927e-15,1.0172821764580653,0.675104527136893,0.5720602049145971,4.8928095485879874e-14,13.0,36.0,,,
farmgate_by_country,market_vs_crop_sale,kg,all,all,all,Tanzania,,,,1.0,55,14,21.0,0.8588502972447518,2.360445322579082,0.6829106677201593,0.8363636363636363,0.0,False,1.999999999999996,1.9798122934908908e-13,-0.18151072367649018,0.15301657446164776,0.9961896242994506,9.614049880161477e-14,16.0,39.0,,,
farmgate_by_country,market_vs_crop_sale,native,sized,all,same_good,Tanzania,,,,1.0,45,13,15.0,0.8084090098658612,2.2443344307471276,0.8510736552691833,0.8,0.022222222222222223,False,2.0000000000000004,1.2534117974869405e-15,1.0527326128798453,0.7332228276268653,0.5647411192834972,2.7874226072116558e-14,12.0,33.0,,,
farmgate_by_country,market_vs_crop_sale,native,sized,all,all,Tanzania,,,,1.0,49,14,16.0,0.8472978603872034,2.333333333333333,0.8808928186825957,0.8163265306122449,0.02040816326530612,False,1.999999999999999,2.30046561530927e-15,1.0172821764580653,0.675104527136893,0.5720602049145971,4.8928095485879874e-14,13.0,36.0,,,
farmgate_by_country,market_vs_crop_sale,native,all,all,same_good,Tanzania,,,,1.0,45,13,15.0,0.8084090098658612,2.2443344307471276,0.8510736552691833,0.8,0.022222222222222223,False,2.0000000000000004,1.2534117974869405e-15,1.0527326128798453,0.7332228276268653,0.5647411192834972,2.7874226072116558e-14,12.0,33.0,,,
farmgate_by_country,market_vs_crop_sale,native,all,all,all,Uganda,,,,1.0,174,18,84.0,0.5846810349024798,1.7944185374654649,0.784307958956922,0.6781609195402298,0.08045977011494253,False,-0.029909773428652444,0.10387518192754167,-0.229317812193494,0.08800957813199027,0.9361912447843777,0.4679410691113037,50.0,124.0,,,
farmgate_by_country,market_vs_crop_sale,native,sized,all,same_good,Uganda,,,,1.0,36,6,34.0,0.4479398673070141,1.5650845800732878,0.3681773967375941,0.6944444444444444,0.0,False,,,,,,,33.0,3.0,,,
farmgate_by_country,market_vs_crop_sale,native,sized,all,all,Uganda,,,,1.0,115,13,76.0,0.7662384356489866,2.1516574145596774,0.772167567303315,0.8260869565217391,0.0,False,-1.7233172863105721,0.27403330995292025,-0.49753921377418603,0.1908942915710251,0.9563220342601837,0.8086279935487998,51.0,64.0,-0.747093099491413,-0.1576019999465643,Uganda|Ground Nuts
farmgate_by_country,market_vs_crop_sale,native,all,all,same_good,Uganda,,,,1.0,89,11,47.0,0.336472236621212,1.3999999999999988,0.5815754049028401,0.5280898876404494,0.11235955056179775,True,0.3737914066550899,0.07793294929892584,0.0042248682555818835,0.09602819226188869,0.9601650528514287,0.4192828031995354,25.0,64.0,-0.39236345082663066,0.17747346853901239,Uganda|Matoke
farmgate_by_country,market_vs_own_consumption,native,all,all,all,GhanaLSS,,,,1.0,569,54,158.0,0.0,1.0,0.7419373447293773,0.47627416520210897,0.20035149384885764,False,0.319412554024905,0.059939012429947675,0.029130414019385587,0.037421189832736165,0.659059301489256,0.6921418602796519,92.0,477.0,,,
farmgate_by_country,market_vs_own_consumption,native,sized,all,same_good,GhanaLSS,,,,1.0,159,30,71.0,0.0408220168719971,1.0416666899497316,1.7765128990615473,0.6918238993710691,0.0,False,0.428522643401668,0.30196759838436266,0.278448612808332,0.18574336910706032,0.8054465886594229,1.0647345008157814,35.0,124.0,,,
farmgate_by_country,market_vs_own_consumption,native,sized,all,all,GhanaLSS,,,,1.0,181,36,76.0,0.047155339735621,1.0482848367219186,1.6904972954845447,0.6795580110497238,0.011049723756906077,False,0.5294093564357726,0.2853884690265954,0.26584568000106407,0.17257110320446997,0.8063975867110402,0.9922946885910796,38.0,143.0,,,
farmgate_by_country,market_vs_own_consumption,native,all,all,same_good,GhanaLSS,,,,1.0,460,42,135.0,0.0,1.0,0.8708103072556016,0.5,0.1934782608695652,False,0.34159032882293305,0.06700971580848944,0.01506637245488981,0.038204101606624664,0.6587056238737103,0.7305410020575549,75.0,385.0,,,
farmgate_by_country,market_vs_own_consumption,native,all,all,all,Uganda,,,,1.0,1344,45,180.0,0.0,1.0,0.2554128118829952,0.22767857142857142,0.42336309523809523,False,0.007619591137256655,0.018382145216286692,0.009977564013902734,0.014520139381620967,0.3247840480191647,0.40433198221099187,75.0,1269.0,,,
farmgate_by_country,market_vs_own_consumption,native,sized,all,same_good,Uganda,,,,1.0,171,8,104.0,0.1783374719693657,1.1952286093343931,0.28879566003912593,0.14619883040935672,0.30994152046783624,False,0.04692538242339512,0.036847161542710706,-0.15130197410052082,0.04901953366267403,0.8689708416505633,0.19714500462793746,68.0,103.0,-0.17998694868391985,-0.015340933147404087,Uganda|Sorghum
farmgate_by_country,market_vs_own_consumption,native,sized,all,all,Uganda,,,,1.0,371,19,145.0,0.154150679827258,1.1666666666666663,0.2876820724517808,0.1078167115902965,0.2803234501347709,False,0.1044725043684393,0.03246571258324615,-0.02339714387302558,0.022604578929680832,0.6798482720442371,0.19720126115371966,75.0,296.0,-0.03645676644079195,-0.004785000773592401,Uganda|Milk (fresh)
farmgate_by_country,market_vs_own_consumption,native,all,all,same_good,Uganda,,,,1.0,920,26,145.0,0.0,1.0,0.2876820724517808,0.2673913043478261,0.42717391304347824,False,0.02437831593530845,0.029710632951482716,0.022426432954305017,0.016545838004158854,0.345366339833843,0.44903750833954487,73.0,847.0,-0.03898890357599594,0.03822817666052439,Uganda|Other Veg.
farmgate_by_country,own_consumption_vs_crop_sale,native,all,all,all,Uganda,,,,1.0,226,14,103.0,0.11750090731143364,1.124682650380698,0.4515362227407886,0.3230088495575221,0.17699115044247787,False,-0.4344017666038978,0.09138836847478886,-0.18428660083157125,0.052865399593637674,0.7772439446807079,0.4222916884242504,57.0,169.0,,,
farmgate_by_country,own_consumption_vs_crop_sale,native,sized,all,same_good,Uganda,,,,1.0,52,3,51.0,0.2231435513142097,1.25,0.34157498593624464,0.23076923076923078,0.25,False,,,,,,,50.0,2.0,,,
farmgate_by_country,own_consumption_vs_crop_sale,native,sized,all,all,Uganda,,,,1.0,106,9,70.0,0.3273333299959411,1.3872638167626066,0.5198044240018775,0.4528301886792453,0.14150943396226415,True,-0.8871329811319805,0.38519293722956616,-0.2509607313819056,0.1476411397418812,0.8950175592441517,1.3127017254736097,47.0,59.0,-0.7420591470012834,0.06569739553861188,Uganda|Ground Nuts
farmgate_by_country,own_consumption_vs_crop_sale,native,all,all,same_good,Uganda,,,,1.0,157,8,91.0,0.0,1.0,0.4054651081081654,0.1910828025477707,0.21019108280254778,False,-0.31731478592524553,0.14970148391070676,-0.09560572066236864,0.06038136413701939,0.774221595379663,0.4299290069000177,54.0,103.0,-0.15372227819594594,0.003287298919507027,Uganda|Sweet Potatoes
descriptive_country_wave,community_price_vs_crop_sale_price,kg,all,all,all,Ethiopia,2011-12,all,,1.0,28,13,,0.20019446118807754,1.2216402966869064,0.29352944604010583,0.10714285714285714,0.07142857142857142,False,,,,,,,,,,,
descriptive_country_wave,community_price_vs_crop_sale_price,kg,all,all,all,Ethiopia,2011-12,District,,1.0,8,2,,0.26118694407002274,1.2984703840839815,0.2997699046243827,0.125,0.0,False,,,,,,,,,,,
descriptive_country_wave,community_price_vs_crop_sale_price,kg,all,all,all,Ethiopia,2011-12,Region,,1.0,11,5,,0.3646430660904589,1.4399999316036731,0.1674778371975448,0.18181818181818182,0.0,True,,,,,,,,,,,
descriptive_country_wave,community_price_vs_crop_sale_price,kg,all,all,all,Ethiopia,2011-12,v,,1.0,9,6,,0.0540672212702757,1.0555555555555556,0.1133286853070032,0.0,0.2222222222222222,False,,,,,,,,,,,
descriptive_country_wave,community_price_vs_crop_sale_price,native,all,all,all,Ethiopia,2011-12,all,,1.0,26,13,,0.11543237319837249,1.1223586104586285,0.3002178107289006,0.15384615384615385,0.11538461538461539,False,,,,,,,,,,,
descriptive_country_wave,community_price_vs_crop_sale_price,native,all,all,all,Ethiopia,2011-12,District,,1.0,7,2,,0.064538521137571,1.0666666666666664,0.3358369125204851,0.0,0.0,False,,,,,,,,,,,
descriptive_country_wave,community_price_vs_crop_sale_price,native,all,all,all,Ethiopia,2011-12,Region,,1.0,11,5,,0.2623642644674908,1.2999999999999996,0.35938468610747276,0.36363636363636365,0.09090909090909091,False,,,,,,,,,,,
descriptive_country_wave,community_price_vs_crop_sale_price,native,all,all,all,Ethiopia,2011-12,v,,1.0,8,6,,0.06488352224898006,1.0670347313398794,0.11837936213638302,0.0,0.25,False,,,,,,,,,,,
descriptive_country_wave,unit_value_vs_community_price,kg,all,all,all,Ethiopia,2011-12,all,,1.0,1287,23,,0.0,1.0,0.25645686206896984,0.2198912198912199,0.1585081585081585,False,,,,,,,,,,,
descriptive_country_wave,unit_value_vs_community_price,kg,all,all,all,Ethiopia,2011-12,Region,,1.0,2,1,,0.4782741992291675,1.613287785008544,0.08523165861701076,0.5,0.0,False,,,,,,,,,,,
descriptive_country_wave,unit_value_vs_community_price,kg,all,all,all,Ethiopia,2011-12,v,,1.0,1285,22,,0.0,1.0,0.2513144282809065,0.21945525291828794,0.15875486381322956,False,,,,,,,,,,,
descriptive_country_wave,unit_value_vs_community_price,native,all,all,all,Ethiopia,2011-12,all,,1.0,654,23,,0.0,1.0,0.21836643601071248,0.18960244648318042,0.3058103975535168,False,,,,,,,,,,,
descriptive_country_wave,unit_value_vs_community_price,native,all,all,all,Ethiopia,2011-12,District,,1.0,13,5,,-0.0204975698514608,0.9797110773150683,0.4511853806493784,0.23076923076923078,0.0,False,,,,,,,,,,,
descriptive_country_wave,unit_value_vs_community_price,native,all,all,all,Ethiopia,2011-12,Region,,1.0,3,3,,0.043505688494815,1.0444659357341872,0.45731187748213825,0.3333333333333333,0.0,False,,,,,,,,,,,
descriptive_country_wave,unit_value_vs_community_price,native,all,all,all,Ethiopia,2011-12,national,,1.0,4,3,,-0.22708064055624466,0.796856520746051,0.576345128698566,0.25,0.0,False,,,,,,,,,,,
descriptive_country_wave,unit_value_vs_community_price,native,all,all,all,Ethiopia,2011-12,v,,1.0,634,22,,0.0,1.0,0.2121551760114342,0.18769716088328076,0.31545741324921134,False,,,,,,,,,,,
descriptive_country_wave,unit_value_vs_crop_sale_price,kg,all,all,all,Ethiopia,2011-12,all,,1.0,36,13,,0.2851694884884055,1.3299874265782414,0.35356048087261854,0.3055555555555556,0.1388888888888889,True,,,,,,,,,,,
descriptive_country_wave,unit_value_vs_crop_sale_price,kg,all,all,all,Ethiopia,2011-12,District,,1.0,18,5,,0.15191651492194597,1.1640630504807512,0.2876820724517808,0.05555555555555555,0.16666666666666666,False,,,,,,,,,,,
descriptive_country_wave,unit_value_vs_crop_sale_price,kg,all,all,all,Ethiopia,2011-12,Region,,1.0,18,8,,0.4092412549017709,1.5056749281278703,0.3573001510015813,0.5555555555555556,0.1111111111111111,False,,,,,,,,,,,
descriptive_country_wave,unit_value_vs_crop_sale_price,native,all,all,all,Ethiopia,2011-12,all,,1.0,31,13,,0.1960327742308902,1.2165667767213693,0.3850541108480367,0.22580645161290322,0.12903225806451613,False,,,,,,,,,,,
descriptive_country_wave,unit_value_vs_crop_sale_price,native,all,all,all,Ethiopia,2011-12,District,,1.0,15,5,,0.1159209572485542,1.122907110957669,0.2876820724517808,0.13333333333333333,0.13333333333333333,False,,,,,,,,,,,
descriptive_country_wave,unit_value_vs_crop_sale_price,native,all,all,all,Ethiopia,2011-12,Region,,1.0,15,7,,0.3566749439387326,1.4285714285714288,0.3916413022211401,0.3333333333333333,0.13333333333333333,True,,,,,,,,,,,
descriptive_country_wave,unit_value_vs_crop_sale_price,native,all,all,all,Ethiopia,2011-12,national,,1.0,1,1,,-0.1256572141404532,0.8819171036881968,0.0,0.0,0.0,False,,,,,,,,,,,
descriptive_country_wave,community_price_vs_crop_sale_price,kg,all,all,all,Ethiopia,2013-14,all,,1.0,15,13,,0.165355466188918,1.1798124276091877,0.2073956514807958,0.06666666666666667,0.06666666666666667,False,,,,,,,,,,,
descriptive_country_wave,community_price_vs_crop_sale_price,kg,all,all,all,Ethiopia,2013-14,District,,1.0,8,7,,0.14067825683750063,1.1510542445677006,0.21460262130748578,0.125,0.0,False,,,,,,,,,,,
descriptive_country_wave,community_price_vs_crop_sale_price,kg,all,all,all,Ethiopia,2013-14,Region,,1.0,1,1,,0.2288415724288477,1.2571428571428573,0.0,0.0,0.0,False,,,,,,,,,,,
descriptive_country_wave,community_price_vs_crop_sale_price,kg,all,all,all,Ethiopia,2013-14,national,,1.0,2,2,,0.2658369145299935,1.3045222927066396,0.08403924488706577,0.0,0.0,True,,,,,,,,,,,
descriptive_country_wave,community_price_vs_crop_sale_price,kg,all,all,all,Ethiopia,2013-14,v,,1.0,4,3,,0.08866582861781674,1.0927154410782085,0.16061484555514047,0.0,0.25,False,,,,,,,,,,,
descriptive_country_wave,community_price_vs_crop_sale_price,native,all,all,all,Ethiopia,2013-14,all,,1.0,15,13,,0.1823215567939544,1.1999999999999997,0.21137571595420038,0.2,0.06666666666666667,False,,,,,,,,,,,
descriptive_country_wave,community_price_vs_crop_sale_price,native,all,all,all,Ethiopia,2013-14,District,,1.0,8,7,,0.18548433618234414,1.2038013435027157,0.255240509797347,0.25,0.0,False,,,,,,,,,,,
descriptive_country_wave,community_price_vs_crop_sale_price,native,all,all,all,Ethiopia,2013-14,Region,,1.0,1,1,,0.2513144282809063,1.285714285714286,0.0,0.0,0.0,False,,,,,,,,,,,
descriptive_country_wave,community_price_vs_crop_sale_price,native,all,all,all,Ethiopia,2013-14,national,,1.0,2,2,,0.3018283638453043,1.3523290982229297,0.11258636420677587,0.5,0.0,True,,,,,,,,,,,
descriptive_country_wave,community_price_vs_crop_sale_price,native,all,all,all,Ethiopia,2013-14,v,,1.0,4,3,,0.08866582861781674,1.0927154410782085,0.16061484555514047,0.0,0.25,False,,,,,,,,,,,
descriptive_country_wave,unit_value_vs_community_price,kg,all,all,all,Ethiopia,2013-14,all,,1.0,1888,23,,0.0,1.0,0.3184536954954469,0.2378177966101695,0.13983050847457626,False,,,,,,,,,,,
descriptive_country_wave,unit_value_vs_community_price,kg,all,all,all,Ethiopia,2013-14,Region,,1.0,4,1,,-0.15150845386431225,0.859410616901473,0.08591497562101591,0.0,0.0,False,,,,,,,,,,,
descriptive_country_wave,unit_value_vs_community_price,kg,all,all,all,Ethiopia,2013-14,v,,1.0,1884,22,,0.0,1.0,0.3184537311185344,0.23832271762208068,0.14012738853503184,False,,,,,,,,,,,
descriptive_country_wave,unit_value_vs_community_price,native,all,all,all,Ethiopia,2013-14,all,,1.0,1023,22,,0.0,1.0,0.2571713099312772,0.1798631476050831,0.25806451612903225,False,,,,,,,,,,,
descriptive_country_wave,unit_value_vs_community_price,native,all,all,all,Ethiopia,2013-14,District,,1.0,14,6,,-0.1987164682054498,0.8197822947299414,1.5652847360753728,0.5714285714285714,0.0,False,,,,,,,,,,,
descriptive_country_wave,unit_value_vs_community_price,native,all,all,all,Ethiopia,2013-14,Region,,1.0,6,3,,0.06418431715058975,1.0662889159849014,0.25572590114586186,0.16666666666666666,0.0,False,,,,,,,,,,,
descriptive_country_wave,unit_value_vs_community_price,native,all,all,all,Ethiopia,2013-14,national,,1.0,4,3,,-0.11140982496546885,0.8945720558322796,0.17775041185414792,0.0,0.0,False,,,,,,,,,,,
descriptive_country_wave,unit_value_vs_community_price,native,all,all,all,Ethiopia,2013-14,v,,1.0,999,21,,0.0,1.0,0.24946085963158288,0.17517517517517517,0.26426426426426425,False,,,,,,,,,,,
descriptive_country_wave,unit_value_vs_crop_sale_price,kg,all,all,all,Ethiopia,2013-14,all,,1.0,17,13,,0.190673274173208,1.2100640283171158,0.2949344393019473,0.29411764705882354,0.0,False,,,,,,,,,,,
descriptive_country_wave,unit_value_vs_crop_sale_price,kg,all,all,all,Ethiopia,2013-14,District,,1.0,10,8,,0.3537204544929506,1.4243569582329145,0.5150909002035,0.4,0.0,True,,,,,,,,,,,
descriptive_country_wave,unit_value_vs_crop_sale_price,kg,all,all,all,Ethiopia,2013-14,Region,,1.0,5,3,,0.1335313926245225,1.1428571428571428,0.03345537639003869,0.0,0.0,False,,,,,,,,,,,
descriptive_country_wave,unit_value_vs_crop_sale_price,kg,all,all,all,Ethiopia,2013-14,national,,1.0,2,2,,0.46262016403467277,1.5882299609699608,0.17493811533161718,0.5,0.0,False,,,,,,,,,,,
descriptive_country_wave,unit_value_vs_crop_sale_price,native,all,all,all,Ethiopia,2013-14,all,,1.0,16,13,,0.1766311945872173,1.1931909566864676,0.3555039509676643,0.3125,0.0625,False,,,,,,,,,,,
descriptive_country_wave,unit_value_vs_crop_sale_price,native,all,all,all,Ethiopia,2013-14,District,,1.0,9,7,,0.3364722366212129,1.4,0.36853320724739125,0.3333333333333333,0.0,True,,,,,,,,,,,
descriptive_country_wave,unit_value_vs_crop_sale_price,native,all,all,all,Ethiopia,2013-14,Region,,1.0,4,3,,0.1339171776600031,1.1432981250972545,0.10644958095593163,0.25,0.0,False,,,,,,,,,,,
descriptive_country_wave,unit_value_vs_crop_sale_price,native,all,all,all,Ethiopia,2013-14,national,,1.0,3,3,,0.0800427076735363,1.0833333333333333,0.318779139683145,0.3333333333333333,0.3333333333333333,False,,,,,,,,,,,
descriptive_country_wave,community_price_vs_crop_sale_price,kg,all,all,all,Ethiopia,2015-16,all,,1.0,22,13,,0.1510933555786061,1.1631052353758216,0.3111702970209761,0.2727272727272727,0.0,False,,,,,,,,,,,
descriptive_country_wave,community_price_vs_crop_sale_price,kg,all,all,all,Ethiopia,2015-16,District,,1.0,8,5,,0.1510933555786061,1.1631052353758216,0.2588413648267557,0.375,0.0,False,,,,,,,,,,,
descriptive_country_wave,community_price_vs_crop_sale_price,kg,all,all,all,Ethiopia,2015-16,Region,,1.0,7,3,,0.2231435513142097,1.25,0.2424371575008583,0.2857142857142857,0.0,False,,,,,,,,,,,
descriptive_country_wave,community_price_vs_crop_sale_price,kg,all,all,all,Ethiopia,2015-16,v,,1.0,7,5,,0.0392207131532811,1.0399999999999998,0.15461651044888605,0.14285714285714285,0.0,False,,,,,,,,,,,
descriptive_country_wave,community_price_vs_crop_sale_price,native,all,all,all,Ethiopia,2015-16,all,,1.0,8,7,,0.28776804543162576,1.3334479689008365,0.39192971787364683,0.0,0.0,True,,,,,,,,,,,
descriptive_country_wave,community_price_vs_crop_sale_price,native,all,all,all,Ethiopia,2015-16,District,,1.0,1,1,,-0.0126589039921447,0.9874208829065751,0.0,0.0,0.0,False,,,,,,,,,,,
descriptive_country_wave,community_price_vs_crop_sale_price,native,all,all,all,Ethiopia,2015-16,Region,,1.0,3,2,,0.2761178403188999,1.3180031687902636,0.2267844651858048,0.0,0.0,True,,,,,,,,,,,
descriptive_country_wave,community_price_vs_crop_sale_price,native,all,all,all,Ethiopia,2015-16,national,,1.0,3,3,,0.3900792787747873,1.4770978917519926,0.03617635679183295,0.0,0.0,True,,,,,,,,,,,
descriptive_country_wave,community_price_vs_crop_sale_price,native,all,all,all,Ethiopia,2015-16,v,,1.0,1,1,,-0.2623642644674908,0.7692307692307694,0.0,0.0,0.0,False,,,,,,,,,,,
descriptive_country_wave,unit_value_vs_community_price,kg,all,all,all,Ethiopia,2015-16,all,,1.0,2122,46,,0.0,1.0,0.5108256237659909,0.3826578699340245,0.11687087653157399,False,,,,,,,,,,,
descriptive_country_wave,unit_value_vs_community_price,kg,all,all,all,Ethiopia,2015-16,District,,1.0,31,9,,0.3042916202733972,1.3556643376555932,1.3468353378594755,0.6774193548387096,0.0,True,,,,,,,,,,,
descriptive_country_wave,unit_value_vs_community_price,kg,all,all,all,Ethiopia,2015-16,Region,,1.0,3,2,,0.2181560323912175,1.243781122621949,0.16109582277114984,0.0,0.0,False,,,,,,,,,,,
descriptive_country_wave,unit_value_vs_community_price,kg,all,all,all,Ethiopia,2015-16,v,,1.0,2088,35,,0.0,1.0,0.5140950343633053,0.37883141762452105,0.11877394636015326,False,,,,,,,,,,,
descriptive_country_wave,unit_value_vs_community_price,native,all,all,all,Ethiopia,2015-16,all,,1.0,787,44,,0.0,1.0,0.24797366551887054,0.22236340533672172,0.28716645489199494,False,,,,,,,,,,,
descriptive_country_wave,unit_value_vs_community_price,native,all,all,all,Ethiopia,2015-16,District,,1.0,22,12,,0.10634802855428445,1.112208889608732,0.421949288147246,0.4090909090909091,0.09090909090909091,False,,,,,,,,,,,
descriptive_country_wave,unit_value_vs_community_price,native,all,all,all,Ethiopia,2015-16,Region,,1.0,36,17,,0.3991966987201354,1.4906267941554396,0.8958613318270404,0.5833333333333334,0.0,True,,,,,,,,,,,
descriptive_country_wave,unit_value_vs_community_price,native,all,all,all,Ethiopia,2015-16,national,,1.0,17,14,,0.5877866649021191,1.8,1.0464494400200381,0.7647058823529411,0.0,False,,,,,,,,,,,
descriptive_country_wave,unit_value_vs_community_price,native,all,all,all,Ethiopia,2015-16,v,,1.0,712,30,,0.0,1.0,0.24359613371500027,0.1853932584269663,0.3146067415730337,False,,,,,,,,,,,
descriptive_country_wave,unit_value_vs_crop_sale_price,kg,all,all,all,Ethiopia,2015-16,all,,1.0,29,13,,0.3745418812252583,1.4543250083923336,0.3750583153942699,0.4482758620689655,0.0,True,,,,,,,,,,,
descriptive_country_wave,unit_value_vs_crop_sale_price,kg,all,all,all,Ethiopia,2015-16,District,,1.0,16,6,,0.29423001136992855,1.3420925647172166,0.38580686340572223,0.375,0.0,True,,,,,,,,,,,
descriptive_country_wave,unit_value_vs_crop_sale_price,kg,all,all,all,Ethiopia,2015-16,Region,,1.0,13,7,,0.4225054844182749,1.5257795875939686,0.2534511423026045,0.5384615384615384,0.0,False,,,,,,,,,,,
descriptive_country_wave,unit_value_vs_crop_sale_price,native,all,all,all,Ethiopia,2015-16,all,,1.0,8,7,,0.43144612007613037,1.539482190695482,0.20339875692856035,0.625,0.0,False,,,,,,,,,,,
descriptive_country_wave,unit_value_vs_crop_sale_price,native,all,all,all,Ethiopia,2015-16,Region,,1.0,2,2,,0.34829839589504075,1.4166549106867798,0.001724805615068048,0.0,0.0,True,,,,,,,,,,,
descriptive_country_wave,unit_value_vs_crop_sale_price,native,all,all,all,Ethiopia,2015-16,national,,1.0,6,6,,0.5085214599897595,1.6628308146190502,0.24196688735399235,0.8333333333333334,0.0,False,,,,,,,,,,,
descriptive_country_wave,community_price_vs_crop_sale_price,kg,all,all,all,Ethiopia,2018-19,all,,1.0,36,25,,0.40571026500699525,1.5003677804283588,0.6993448990074562,0.6111111111111112,0.027777777777777776,False,,,,,,,,,,,
descriptive_country_wave,community_price_vs_crop_sale_price,kg,all,all,all,Ethiopia,2018-19,District,,1.0,4,4,,0.2568855691077727,1.2928971709173294,0.2951354054650717,0.0,0.25,False,,,,,,,,,,,
descriptive_country_wave,community_price_vs_crop_sale_price,kg,all,all,all,Ethiopia,2018-19,Region,,1.0,11,7,,0.2876820724517808,1.3333333333333333,0.6815857079254553,0.45454545454545453,0.0,True,,,,,,,,,,,
descriptive_country_wave,community_price_vs_crop_sale_price,kg,all,all,all,Ethiopia,2018-19,national,,1.0,8,8,,0.7398425753603395,2.0956055885711597,0.6645551740599502,1.0,0.0,False,,,,,,,,,,,
descriptive_country_wave,community_price_vs_crop_sale_price,kg,all,all,all,Ethiopia,2018-19,v,,1.0,13,6,,0.2165861507680508,1.2418300653594772,1.5686158955621028,0.6923076923076923,0.0,False,,,,,,,,,,,
descriptive_country_wave,community_price_vs_crop_sale_price,native,all,all,all,Ethiopia,2018-19,all,,1.0,19,9,,0.2623642644674908,1.2999999999999996,0.5844560559462805,0.5263157894736842,0.0,False,,,,,,,,,,,
descriptive_country_wave,community_price_vs_crop_sale_price,native,all,all,all,Ethiopia,2018-19,District,,1.0,4,3,,0.8817942961306791,2.415229457698239,1.8061431412779632,0.5,0.0,False,,,,,,,,,,,
descriptive_country_wave,community_price_vs_crop_sale_price,native,all,all,all,Ethiopia,2018-19,Region,,1.0,6,4,,-0.4317107369269957,0.6493971961477784,2.013835338849959,0.6666666666666666,0.0,False,,,,,,,,,,,
descriptive_country_wave,community_price_vs_crop_sale_price,native,all,all,all,Ethiopia,2018-19,national,,1.0,6,4,,0.29389333245105953,1.3416407864998738,0.34811806077299684,0.3333333333333333,0.0,True,,,,,,,,,,,
descriptive_country_wave,community_price_vs_crop_sale_price,native,all,all,all,Ethiopia,2018-19,v,,1.0,3,2,,0.2623642644674908,1.2999999999999996,3.6644843720292197,0.6666666666666666,0.0,False,,,,,,,,,,,
descriptive_country_wave,unit_value_vs_community_price,kg,all,all,all,Ethiopia,2018-19,all,,1.0,4998,45,,0.0,1.0,0.4788193137573704,0.34473789515806325,0.12304921968787515,False,,,,,,,,,,,
descriptive_country_wave,unit_value_vs_community_price,kg,all,all,all,Ethiopia,2018-19,District,,1.0,2,2,,1.1600474557170768,3.1900846602792234,0.22624692030397542,1.0,0.0,False,,,,,,,,,,,
descriptive_country_wave,unit_value_vs_community_price,kg,all,all,all,Ethiopia,2018-19,Region,,1.0,2,2,,-0.6294488882299478,0.5328853995124303,0.11416125373487684,1.0,0.0,False,,,,,,,,,,,
descriptive_country_wave,unit_value_vs_community_price,kg,all,all,all,Ethiopia,2018-19,national,,1.0,3,3,,0.8958797346140277,2.4494897427831788,0.393900587752017,1.0,0.0,False,,,,,,,,,,,
descriptive_country_wave,unit_value_vs_community_price,kg,all,all,all,Ethiopia,2018-19,v,,1.0,4991,38,,0.0,1.0,0.4740769130935176,0.3438188739731517,0.12322179923862954,False,,,,,,,,,,,
descriptive_country_wave,unit_value_vs_community_price,native,all,all,all,Ethiopia,2018-19,all,,1.0,3113,42,,0.0,1.0,0.32393541784515467,0.22550594282043046,0.20366206231930614,False,,,,,,,,,,,
descriptive_country_wave,unit_value_vs_community_price,native,all,all,all,Ethiopia,2018-19,District,,1.0,101,31,,0.0,1.0,0.4418327522790388,0.38613861386138615,0.18811881188118812,False,,,,,,,,,,,
descriptive_country_wave,unit_value_vs_community_price,native,all,all,all,Ethiopia,2018-19,Region,,1.0,130,32,,0.0,1.0,0.5380156328110212,0.4461538461538462,0.14615384615384616,False,,,,,,,,,,,
descriptive_country_wave,unit_value_vs_community_price,native,all,all,all,Ethiopia,2018-19,national,,1.0,101,35,,0.0,1.0,0.8087030410416389,0.48514851485148514,0.10891089108910891,False,,,,,,,,,,,
descriptive_country_wave,unit_value_vs_community_price,native,all,all,all,Ethiopia,2018-19,v,,1.0,2781,32,,0.0,1.0,0.2958155586837167,0.19992808342322904,0.21035598705501618,False,,,,,,,,,,,
descriptive_country_wave,unit_value_vs_crop_sale_price,kg,all,all,all,Ethiopia,2018-19,all,,1.0,49,35,,0.8595594770137522,2.3621198963644283,0.933204472905629,0.7959183673469388,0.02040816326530612,False,,,,,,,,,,,
descriptive_country_wave,unit_value_vs_crop_sale_price,kg,all,all,all,Ethiopia,2018-19,District,,1.0,19,12,,0.8595594770137522,2.3621198963644283,0.9624698552064492,0.8421052631578947,0.05263157894736842,False,,,,,,,,,,,
descriptive_country_wave,unit_value_vs_crop_sale_price,kg,all,all,all,Ethiopia,2018-19,Region,,1.0,18,11,,0.49618470720283736,1.6424429008370565,0.9552532167761572,0.7222222222222222,0.0,False,,,,,,,,,,,
descriptive_country_wave,unit_value_vs_crop_sale_price,kg,all,all,all,Ethiopia,2018-19,national,,1.0,12,12,,0.9055470090116915,2.473284461987438,0.39669318945460363,0.8333333333333334,0.0,False,,,,,,,,,,,
descriptive_country_wave,unit_value_vs_crop_sale_price,native,all,all,all,Ethiopia,2018-19,all,,1.0,21,12,,0.3768859011881904,1.4577379737113256,0.8654816824726412,0.7142857142857143,0.0,True,,,,,,,,,,,
descriptive_country_wave,unit_value_vs_crop_sale_price,native,all,all,all,Ethiopia,2018-19,District,,1.0,3,3,,0.3768859011881904,1.4577379737113256,0.06676569631226115,0.3333333333333333,0.0,True,,,,,,,,,,,
descriptive_country_wave,unit_value_vs_crop_sale_price,native,all,all,all,Ethiopia,2018-19,Region,,1.0,8,5,,-0.3252937830705745,0.7223151185146154,1.8098382647316198,0.875,0.0,False,,,,,,,,,,,
descriptive_country_wave,unit_value_vs_crop_sale_price,native,all,all,all,Ethiopia,2018-19,national,,1.0,10,8,,0.45974281138533724,1.5836666315863324,0.5696052890291887,0.7,0.0,False,,,,,,,,,,,
descriptive_country_wave,community_price_vs_crop_sale_price,kg,all,all,all,Ethiopia,2021-22,all,,1.0,34,22,,0.5064813565054054,1.6594419256976887,0.7072931477021154,0.5882352941176471,0.029411764705882353,False,,,,,,,,,,,
descriptive_country_wave,community_price_vs_crop_sale_price,kg,all,all,all,Ethiopia,2021-22,District,,1.0,5,5,,0.5939445015402454,1.8111183031630682,1.6165585477421742,0.6,0.0,False,,,,,,,,,,,
descriptive_country_wave,community_price_vs_crop_sale_price,kg,all,all,all,Ethiopia,2021-22,Region,,1.0,9,4,,0.2876820724517808,1.3333333333333333,0.2533641920742302,0.3333333333333333,0.0,True,,,,,,,,,,,
descriptive_country_wave,community_price_vs_crop_sale_price,kg,all,all,all,Ethiopia,2021-22,national,,1.0,4,4,,0.5534639734444091,1.7392673710596946,0.3878140994282212,0.75,0.0,False,,,,,,,,,,,
descriptive_country_wave,community_price_vs_crop_sale_price,kg,all,all,all,Ethiopia,2021-22,v,,1.0,16,9,,0.826706934047696,2.285779111463774,0.9619830678675363,0.6875,0.0625,False,,,,,,,,,,,
descriptive_country_wave,community_price_vs_crop_sale_price,native,all,all,all,Ethiopia,2021-22,all,,1.0,24,16,,0.3451802907210155,1.4122445112979072,0.6053897046638146,0.5416666666666666,0.0,True,,,,,,,,,,,
descriptive_country_wave,community_price_vs_crop_sale_price,native,all,all,all,Ethiopia,2021-22,District,,1.0,4,3,,-0.115960379998719,0.8905105046258789,0.5110280141282393,0.25,0.0,False,,,,,,,,,,,
descriptive_country_wave,community_price_vs_crop_sale_price,native,all,all,all,Ethiopia,2021-22,Region,,1.0,7,5,,0.2707325141380079,1.3109243697478994,0.9775456486900316,0.42857142857142855,0.0,True,,,,,,,,,,,
descriptive_country_wave,community_price_vs_crop_sale_price,native,all,all,all,Ethiopia,2021-22,national,,1.0,11,10,,0.5108256237659905,1.6666666666666663,0.3698335980974192,0.7272727272727273,0.0,False,,,,,,,,,,,
descriptive_country_wave,community_price_vs_crop_sale_price,native,all,all,all,Ethiopia,2021-22,v,,1.0,2,2,,0.5909969488035802,1.8057877962865378,0.3678533974893706,0.5,0.0,False,,,,,,,,,,,
descriptive_country_wave,unit_value_vs_community_price,kg,all,all,all,Ethiopia,2021-22,all,,1.0,4670,45,,0.0,1.0,0.4410706539419199,0.3423982869379015,0.1252676659528908,False,,,,,,,,,,,
descriptive_country_wave,unit_value_vs_community_price,kg,all,all,all,Ethiopia,2021-22,District,,1.0,2,2,,0.6302715499970539,1.878120513644817,0.35055766327824345,0.5,0.0,False,,,,,,,,,,,
descriptive_country_wave,unit_value_vs_community_price,kg,all,all,all,Ethiopia,2021-22,Region,,1.0,2,2,,0.0724288042484023,1.0751162596551358,0.23505589549955871,0.0,0.0,False,,,,,,,,,,,
descriptive_country_wave,unit_value_vs_community_price,kg,all,all,all,Ethiopia,2021-22,national,,1.0,2,2,,-0.20245606726789456,0.8167223626547137,0.08522600518388626,0.0,0.0,False,,,,,,,,,,,
descriptive_country_wave,unit_value_vs_community_price,kg,all,all,all,Ethiopia,2021-22,v,,1.0,4664,39,,0.0,1.0,0.4403152791488322,0.3426243567753002,0.12542881646655232,False,,,,,,,,,,,
descriptive_country_wave,unit_value_vs_community_price,native,all,all,all,Ethiopia,2021-22,all,,1.0,2729,43,,0.0,1.0,0.2876820724517802,0.1956760718211799,0.2169292781238549,False,,,,,,,,,,,
descriptive_country_wave,unit_value_vs_community_price,native,all,all,all,Ethiopia,2021-22,District,,1.0,78,29,,0.0,1.0,1.0530318994696208,0.5641025641025641,0.15384615384615385,False,,,,,,,,,,,
descriptive_country_wave,unit_value_vs_community_price,native,all,all,all,Ethiopia,2021-22,Region,,1.0,100,31,,0.11836745930555545,1.1256576687651894,0.7484315205983904,0.49,0.1,False,,,,,,,,,,,
descriptive_country_wave,unit_value_vs_community_price,native,all,all,all,Ethiopia,2021-22,national,,1.0,82,35,,0.03624144256254655,1.0369061695530841,0.8780003237763072,0.47560975609756095,0.07317073170731707,False,,,,,,,,,,,
descriptive_country_wave,unit_value_vs_community_price,native,all,all,all,Ethiopia,2021-22,v,,1.0,2469,37,,0.0,1.0,0.2578291093020994,0.16281895504252733,0.2284325637910085,False,,,,,,,,,,,
descriptive_country_wave,unit_value_vs_crop_sale_price,kg,all,all,all,Ethiopia,2021-22,all,,1.0,47,30,,0.6088060321261941,1.8382352941176465,0.9382357797705119,0.7021276595744681,0.0,False,,,,,,,,,,,
descriptive_country_wave,unit_value_vs_crop_sale_price,kg,all,all,all,Ethiopia,2021-22,District,,1.0,19,10,,0.6656981037772847,1.9458484514475913,1.5818147825289133,0.7894736842105263,0.0,False,,,,,,,,,,,
descriptive_country_wave,unit_value_vs_crop_sale_price,kg,all,all,all,Ethiopia,2021-22,Region,,1.0,21,13,,0.5124032110858288,1.6692980539422508,0.4374913283116042,0.6190476190476191,0.0,False,,,,,,,,,,,
descriptive_country_wave,unit_value_vs_crop_sale_price,kg,all,all,all,Ethiopia,2021-22,national,,1.0,6,6,,0.695628478861323,2.004968758539496,0.5684478442332151,0.6666666666666666,0.0,False,,,,,,,,,,,
descriptive_country_wave,unit_value_vs_crop_sale_price,kg,all,all,all,Ethiopia,2021-22,v,,1.0,1,1,,1.078809646470769,2.9411764267612917,0.0,1.0,0.0,False,,,,,,,,,,,
descriptive_country_wave,unit_value_vs_crop_sale_price,native,all,all,all,Ethiopia,2021-22,all,,1.0,27,20,,0.4377343686769497,1.5491933384829664,0.5948865335325441,0.6296296296296297,0.037037037037037035,False,,,,,,,,,,,
descriptive_country_wave,unit_value_vs_crop_sale_price,native,all,all,all,Ethiopia,2021-22,District,,1.0,1,1,,-0.9162907318741552,0.3999999999999999,0.0,1.0,0.0,False,,,,,,,,,,,
descriptive_country_wave,unit_value_vs_crop_sale_price,native,all,all,all,Ethiopia,2021-22,Region,,1.0,11,8,,0.2954249311714716,1.3436972162222987,1.5293610874921362,0.5454545454545454,0.0,True,,,,,,,,,,,
descriptive_country_wave,unit_value_vs_crop_sale_price,native,all,all,all,Ethiopia,2021-22,national,,1.0,15,14,,0.528207619984161,1.6958899036877277,0.5198858943225881,0.6666666666666666,0.06666666666666667,False,,,,,,,,,,,
descriptive_country_wave,community_price_vs_own_consumption_valuation,native,all,all,all,GhanaLSS,1991-92,all,,1.0,31,16,,0.047155339735621,1.0482848367219186,0.39920634359581436,0.25806451612903225,0.0967741935483871,False,,,,,,,,,,,
descriptive_country_wave,community_price_vs_own_consumption_valuation,native,all,all,all,GhanaLSS,1991-92,Region,,1.0,14,6,,0.0215856274555159,1.0218202824622462,0.23765303672190602,0.21428571428571427,0.0,False,,,,,,,,,,,
descriptive_country_wave,community_price_vs_own_consumption_valuation,native,all,all,all,GhanaLSS,1991-92,national,,1.0,5,5,,0.2231435513142097,1.25,1.2752868421526848,0.6,0.0,False,,,,,,,,,,,
descriptive_country_wave,community_price_vs_own_consumption_valuation,native,all,all,all,GhanaLSS,1991-92,v,,1.0,12,5,,0.15248678478092098,1.1647270698695131,0.2876820724517808,0.16666666666666666,0.25,False,,,,,,,,,,,
descriptive_country_wave,community_price_vs_own_consumption_valuation,native,all,all,all,GhanaLSS,1998-99,all,,1.0,22,5,,0.7358849758640402,2.0873284106305166,0.7791158907633624,0.6818181818181818,0.0,False,,,,,,,,,,,
descriptive_country_wave,community_price_vs_own_consumption_valuation,native,all,all,all,GhanaLSS,1998-99,Region,,1.0,5,2,,0.9728750809269756,2.645539676355536,0.9304904691350053,0.8,0.0,False,,,,,,,,,,,
descriptive_country_wave,community_price_vs_own_consumption_valuation,native,all,all,all,GhanaLSS,1998-99,national,,1.0,1,1,,0.939939089225688,2.5598254926276827,0.0,1.0,0.0,False,,,,,,,,,,,
descriptive_country_wave,community_price_vs_own_consumption_valuation,native,all,all,all,GhanaLSS,1998-99,v,,1.0,16,2,,0.532827076433211,1.7037421157525896,0.7108165529748642,0.625,0.0,False,,,,,,,,,,,
descriptive_country_wave,community_price_vs_own_consumption_valuation,native,all,all,all,GhanaLSS,2012-13,all,,1.0,133,27,,-0.139761921643108,0.8695652354191747,1.6094379745222716,0.706766917293233,0.015037593984962405,False,,,,,,,,,,,
descriptive_country_wave,community_price_vs_own_consumption_valuation,native,all,all,all,GhanaLSS,2012-13,Region,,1.0,15,7,,0.4054651081081641,1.4999999999999996,0.8612564871982087,0.6,0.0,True,,,,,,,,,,,
descriptive_country_wave,community_price_vs_own_consumption_valuation,native,all,all,all,GhanaLSS,2012-13,national,,1.0,5,5,,1.1631508098056809,3.2,1.2517634532611237,0.6,0.0,False,,,,,,,,,,,
descriptive_country_wave,community_price_vs_own_consumption_valuation,native,all,all,all,GhanaLSS,2012-13,v,,1.0,113,15,,-0.3339146679479366,0.7161148871729018,1.6189167377894171,0.7256637168141593,0.017699115044247787,False,,,,,,,,,,,
descriptive_country_wave,community_price_vs_own_consumption_valuation,native,all,all,all,GhanaLSS,2016-17,all,,1.0,61,29,,0.1823215567939549,1.2000000000000004,0.6185073057636142,0.47540983606557374,0.11475409836065574,False,,,,,,,,,,,
descriptive_country_wave,community_price_vs_own_consumption_valuation,native,all,all,all,GhanaLSS,2016-17,Region,,1.0,43,18,,0.1823215567939545,1.2,0.4349108744728408,0.37209302325581395,0.16279069767441862,False,,,,,,,,,,,
descriptive_country_wave,community_price_vs_own_consumption_valuation,native,all,all,all,GhanaLSS,2016-17,national,,1.0,17,17,,0.5389965007326871,1.7142857142857144,0.7944093126156819,0.7058823529411765,0.0,False,,,,,,,,,,,
descriptive_country_wave,community_price_vs_own_consumption_valuation,native,all,all,all,GhanaLSS,2016-17,v,,1.0,1,1,,-3.218875824868201,0.03999999999999999,0.0,1.0,0.0,False,,,,,,,,,,,
descriptive_country_wave,unit_value_vs_community_price,native,all,all,all,GhanaLSS,2016-17,all,,1.0,516,105,,0.0,1.0,0.5069726924394736,0.3682170542635659,0.22674418604651161,False,,,,,,,,,,,
descriptive_country_wave,unit_value_vs_community_price,native,all,all,all,GhanaLSS,2016-17,Region,,1.0,325,79,,0.0,1.0,0.47320876019468405,0.36615384615384616,0.24923076923076923,False,,,,,,,,,,,
descriptive_country_wave,unit_value_vs_community_price,native,all,all,all,GhanaLSS,2016-17,national,,1.0,70,50,,-0.1592013566566381,0.8528246197651612,0.7779824272746524,0.4857142857142857,0.14285714285714285,False,,,,,,,,,,,
descriptive_country_wave,unit_value_vs_community_price,native,all,all,all,GhanaLSS,2016-17,v,,1.0,121,27,,0.0,1.0,0.356674943938732,0.30578512396694213,0.21487603305785125,False,,,,,,,,,,,
descriptive_country_wave,unit_value_vs_own_consumption_valuation,native,all,all,all,GhanaLSS,2016-17,all,,1.0,322,45,,0.0,1.0,0.5671918031794925,0.38819875776397517,0.3167701863354037,False,,,,,,,,,,,
descriptive_country_wave,unit_value_vs_own_consumption_valuation,native,all,all,all,GhanaLSS,2016-17,Region,,1.0,216,34,,0.0,1.0,0.6286086594223742,0.4074074074074074,0.27314814814814814,False,,,,,,,,,,,
descriptive_country_wave,unit_value_vs_own_consumption_valuation,native,all,all,all,GhanaLSS,2016-17,national,,1.0,20,13,,-0.2231435513142097,0.8,0.9162907318741551,0.55,0.0,False,,,,,,,,,,,
descriptive_country_wave,unit_value_vs_own_consumption_valuation,native,all,all,all,GhanaLSS,2016-17,v,,1.0,86,20,,0.0,1.0,0.3689980652606867,0.3023255813953488,0.5,False,,,,,,,,,,,
descriptive_country_wave,community_price_vs_crop_sale_price,kg,all,all,all,Malawi,2010-11,all,,1.0,30,4,,0.6379731519755119,1.8926408936295338,1.0294106796687872,0.7,0.13333333333333333,False,,,,,,,,,,,
descriptive_country_wave,community_price_vs_crop_sale_price,kg,all,all,all,Malawi,2010-11,District,,1.0,4,1,,0.5366068749484714,1.710194103597575,0.1334744653120961,1.0,0.0,False,,,,,,,,,,,
descriptive_country_wave,community_price_vs_crop_sale_price,kg,all,all,all,Malawi,2010-11,Region,,1.0,1,1,,0.5493061443340546,1.7320508075688767,0.0,1.0,0.0,False,,,,,,,,,,,
descriptive_country_wave,community_price_vs_crop_sale_price,kg,all,all,all,Malawi,2010-11,v,,1.0,25,2,,0.6931471805599454,2.0,1.0986122886681096,0.64,0.16,False,,,,,,,,,,,
descriptive_country_wave,community_price_vs_crop_sale_price,native,all,all,all,Malawi,2010-11,all,,1.0,36,5,,0.0,1.0,0.6552265328478973,0.4444444444444444,0.19444444444444445,False,,,,,,,,,,,
descriptive_country_wave,community_price_vs_crop_sale_price,native,all,all,all,Malawi,2010-11,District,,1.0,11,5,,-0.9808292530117266,0.37499999999999983,2.0537516081903933,0.7272727272727273,0.18181818181818182,False,,,,,,,,,,,
descriptive_country_wave,community_price_vs_crop_sale_price,native,all,all,all,Malawi,2010-11,Region,,1.0,1,1,,0.6251484380000871,1.868523296709149,0.0,1.0,0.0,False,,,,,,,,,,,
descriptive_country_wave,community_price_vs_crop_sale_price,native,all,all,all,Malawi,2010-11,national,,1.0,1,1,,-0.6931471805599463,0.4999999999999995,0.0,1.0,0.0,False,,,,,,,,,,,
descriptive_country_wave,community_price_vs_crop_sale_price,native,all,all,all,Malawi,2010-11,v,,1.0,23,2,,0.1823215567939549,1.2000000000000004,0.33756433752863346,0.2608695652173913,0.21739130434782608,False,,,,,,,,,,,
descriptive_country_wave,unit_value_vs_community_price,kg,all,all,all,Malawi,2010-11,all,,1.0,772,14,,-0.028375041943335,0.9720237487562893,0.14821018350423548,0.24093264248704663,0.22279792746113988,False,,,,,,,,,,,
descriptive_country_wave,unit_value_vs_community_price,kg,all,all,all,Malawi,2010-11,District,,1.0,15,1,,-0.5778853512540287,0.5610836076867823,0.8356267044791461,0.8,0.06666666666666667,False,,,,,,,,,,,
descriptive_country_wave,unit_value_vs_community_price,kg,all,all,all,Malawi,2010-11,Region,,1.0,4,3,,0.3955637944600745,1.4852213144650115,0.15217850655564857,0.5,0.25,True,,,,,,,,,,,
descriptive_country_wave,unit_value_vs_community_price,kg,all,all,all,Malawi,2010-11,national,,1.0,2,2,,-0.7033526791900089,0.49492320038397664,0.7033526791900089,0.5,0.5,False,,,,,,,,,,,
descriptive_country_wave,unit_value_vs_community_price,kg,all,all,all,Malawi,2010-11,v,,1.0,751,8,,-0.022472855852059,0.9777777777777774,0.14832502044386944,0.22769640479360853,0.22503328894806923,False,,,,,,,,,,,
descriptive_country_wave,unit_value_vs_community_price,native,all,all,all,Malawi,2010-11,all,,1.0,837,19,,0.0,1.0,0.1251631429540065,0.16726403823178015,0.2927120669056153,False,,,,,,,,,,,
descriptive_country_wave,unit_value_vs_community_price,native,all,all,all,Malawi,2010-11,District,,1.0,104,12,,0.0,1.0,0.44818206912893177,0.34615384615384615,0.28846153846153844,False,,,,,,,,,,,
descriptive_country_wave,unit_value_vs_community_price,native,all,all,all,Malawi,2010-11,Region,,1.0,29,11,,-0.1410785982599058,0.8684210526315788,0.7192051811294518,0.5517241379310345,0.06896551724137931,False,,,,,,,,,,,
descriptive_country_wave,unit_value_vs_community_price,native,all,all,all,Malawi,2010-11,national,,1.0,7,6,,0.0,1.0,0.7237065270613867,0.5714285714285714,0.2857142857142857,False,,,,,,,,,,,
descriptive_country_wave,unit_value_vs_community_price,native,all,all,all,Malawi,2010-11,v,,1.0,697,11,,-0.0149264815748413,0.9851843661437772,0.1177830356563838,0.12051649928263988,0.30272596843615496,False,,,,,,,,,,,
descriptive_country_wave,unit_value_vs_crop_sale_price,kg,all,all,all,Malawi,2010-11,all,,1.0,30,10,,1.0053768095674587,2.732936875593642,0.6359495376171841,0.9,0.0,False,,,,,,,,,,,
descriptive_country_wave,unit_value_vs_crop_sale_price,kg,all,all,all,Malawi,2010-11,District,,1.0,24,5,,0.9597964203689702,2.6111648393354683,0.6657653928238881,0.9166666666666666,0.0,False,,,,,,,,,,,
descriptive_country_wave,unit_value_vs_crop_sale_price,kg,all,all,all,Malawi,2010-11,Region,,1.0,3,2,,0.5108256237659905,1.6666666666666663,0.47130402009576455,0.6666666666666666,0.0,False,,,,,,,,,,,
descriptive_country_wave,unit_value_vs_crop_sale_price,kg,all,all,all,Malawi,2010-11,national,,1.0,3,3,,1.0986122886681091,2.9999999999999982,0.06253116503632916,1.0,0.0,False,,,,,,,,,,,
descriptive_country_wave,unit_value_vs_crop_sale_price,native,all,all,all,Malawi,2010-11,all,,1.0,11,7,,0.4054651081081637,1.499999999999999,0.99414038164143,0.7272727272727273,0.0,True,,,,,,,,,,,
descriptive_country_wave,unit_value_vs_crop_sale_price,native,all,all,all,Malawi,2010-11,District,,1.0,6,4,,0.4844854948515347,1.6233395773754955,0.5330304498771877,0.6666666666666666,0.0,False,,,,,,,,,,,
descriptive_country_wave,unit_value_vs_crop_sale_price,native,all,all,all,Malawi,2010-11,Region,,1.0,5,4,,-0.8369882167858358,0.4330127018922193,0.8896684746147483,0.8,0.0,False,,,,,,,,,,,
descriptive_country_wave,community_price_vs_crop_sale_price,kg,all,all,all,Malawi,2013-14,all,,1.0,1,1,,0.5108256237659905,1.6666666666666663,0.0,1.0,0.0,False,,,,,,,,,,,
descriptive_country_wave,community_price_vs_crop_sale_price,kg,all,all,all,Malawi,2013-14,v,,1.0,1,1,,0.5108256237659905,1.6666666666666663,0.0,1.0,0.0,False,,,,,,,,,,,
descriptive_country_wave,community_price_vs_crop_sale_price,native,all,all,all,Malawi,2013-14,all,,1.0,8,1,,-0.1003353477310758,0.9045340337332907,3.7949899002235616,0.375,0.0,False,,,,,,,,,,,
descriptive_country_wave,community_price_vs_crop_sale_price,native,all,all,all,Malawi,2013-14,District,,1.0,7,1,,0.0224728558520581,1.0227272727272723,3.8947747875564076,0.42857142857142855,0.0,False,,,,,,,,,,,
descriptive_country_wave,community_price_vs_crop_sale_price,native,all,all,all,Malawi,2013-14,v,,1.0,1,1,,-0.2231435513142097,0.8,0.0,0.0,0.0,False,,,,,,,,,,,
descriptive_country_wave,unit_value_vs_community_price,kg,all,all,all,Malawi,2013-14,all,,1.0,1,1,,0.154150679827258,1.1666666666666663,0.0,0.0,0.0,False,,,,,,,,,,,
descriptive_country_wave,unit_value_vs_community_price,kg,all,all,all,Malawi,2013-14,District,,1.0,1,1,,0.154150679827258,1.1666666666666663,0.0,0.0,0.0,False,,,,,,,,,,,
descriptive_country_wave,unit_value_vs_community_price,native,all,all,all,Malawi,2013-14,all,,1.0,1,1,,-0.0911607783969774,0.9128709291752768,0.0,0.0,0.0,False,,,,,,,,,,,
descriptive_country_wave,unit_value_vs_community_price,native,all,all,all,Malawi,2013-14,District,,1.0,1,1,,-0.0911607783969774,0.9128709291752768,0.0,0.0,0.0,False,,,,,,,,,,,
descriptive_country_wave,unit_value_vs_crop_sale_price,kg,all,all,all,Malawi,2013-14,all,,1.0,10,6,,0.8164704668110327,2.2625001588706937,0.3291061657335891,1.0,0.0,False,,,,,,,,,,,
descriptive_country_wave,unit_value_vs_crop_sale_price,kg,all,all,all,Malawi,2013-14,District,,1.0,6,4,,0.8509669025545086,2.341910156464906,0.20001957814548132,1.0,0.0,False,,,,,,,,,,,
descriptive_country_wave,unit_value_vs_crop_sale_price,kg,all,all,all,Malawi,2013-14,Region,,1.0,4,2,,0.6995807775273217,2.0129086740123463,0.3310092164590601,1.0,0.0,False,,,,,,,,,,,
descriptive_country_wave,unit_value_vs_crop_sale_price,native,all,all,all,Malawi,2013-14,all,,1.0,2,2,,0.5493061443340546,1.7320508075688767,0.14384103622588995,1.0,0.0,False,,,,,,,,,,,
descriptive_country_wave,unit_value_vs_crop_sale_price,native,all,all,all,Malawi,2013-14,Region,,1.0,2,2,,0.5493061443340546,1.7320508075688767,0.14384103622588995,1.0,0.0,False,,,,,,,,,,,
descriptive_country_wave,unit_value_vs_crop_sale_price,kg,all,all,all,Malawi,2016-17,all,,1.0,30,7,,0.5108256237659905,1.6666666666666663,0.7895517724444296,0.6333333333333333,0.06666666666666667,False,,,,,,,,,,,
descriptive_country_wave,unit_value_vs_crop_sale_price,kg,all,all,all,Malawi,2016-17,District,,1.0,26,3,,0.5108256237659905,1.6666666666666663,0.78281997089407,0.6538461538461539,0.07692307692307693,False,,,,,,,,,,,
descriptive_country_wave,unit_value_vs_crop_sale_price,kg,all,all,all,Malawi,2016-17,Region,,1.0,2,2,,0.4708042699292223,1.6012815380508711,0.18312219747744152,0.5,0.0,False,,,,,,,,,,,
descriptive_country_wave,unit_value_vs_crop_sale_price,kg,all,all,all,Malawi,2016-17,national,,1.0,1,1,,1.1394342831883648,3.125,0.0,1.0,0.0,False,,,,,,,,,,,
descriptive_country_wave,unit_value_vs_crop_sale_price,kg,all,all,all,Malawi,2016-17,v,,1.0,1,1,,0.0911607783969774,1.0954451150103324,0.0,0.0,0.0,False,,,,,,,,,,,
descriptive_country_wave,unit_value_vs_crop_sale_price,native,all,all,all,Malawi,2016-17,all,,1.0,18,7,,0.20074051164178816,1.2223075560872527,0.39589177556309935,0.3888888888888889,0.0,False,,,,,,,,,,,
descriptive_country_wave,unit_value_vs_crop_sale_price,native,all,all,all,Malawi,2016-17,District,,1.0,15,4,,0.2231435513142097,1.25,0.36708873251140434,0.4,0.0,False,,,,,,,,,,,
descriptive_country_wave,unit_value_vs_crop_sale_price,native,all,all,all,Malawi,2016-17,Region,,1.0,1,1,,0.4837920131308522,1.6222142113076243,0.0,1.0,0.0,False,,,,,,,,,,,
descriptive_country_wave,unit_value_vs_crop_sale_price,native,all,all,all,Malawi,2016-17,national,,1.0,1,1,,-0.2876820724517808,0.7500000000000001,0.0,0.0,0.0,False,,,,,,,,,,,
descriptive_country_wave,unit_value_vs_crop_sale_price,native,all,all,all,Malawi,2016-17,v,,1.0,1,1,,0.0911607783969774,1.0954451150103324,0.0,0.0,0.0,False,,,,,,,,,,,
descriptive_country_wave,community_price_vs_crop_sale_price,kg,all,all,all,Malawi,2019-20,all,,1.0,51,5,,0.5007752879124894,1.6500000000000001,0.6831339440756926,0.6274509803921569,0.0196078431372549,False,,,,,,,,,,,
descriptive_country_wave,community_price_vs_crop_sale_price,kg,all,all,all,Malawi,2019-20,Region,,1.0,2,1,,0.5170368837652697,1.677050983124843,1.9033312448851603,1.0,0.0,False,,,,,,,,,,,
descriptive_country_wave,community_price_vs_crop_sale_price,kg,all,all,all,Malawi,2019-20,national,,1.0,1,1,,0.2231435513142106,1.250000000000001,0.0,0.0,0.0,False,,,,,,,,,,,
descriptive_country_wave,community_price_vs_crop_sale_price,kg,all,all,all,Malawi,2019-20,v,,1.0,48,3,,0.5058004558392399,1.6583123951777,0.6451046716805021,0.625,0.020833333333333332,False,,,,,,,,,,,
descriptive_country_wave,community_price_vs_crop_sale_price,native,all,all,all,Malawi,2019-20,all,,1.0,23,5,,0.5108256237659905,1.6666666666666663,0.8958797346140268,0.8695652173913043,0.0,False,,,,,,,,,,,
descriptive_country_wave,community_price_vs_crop_sale_price,native,all,all,all,Malawi,2019-20,District,,1.0,12,4,,0.5592074579821449,1.7492855684535904,1.7303553674364878,1.0,0.0,False,,,,,,,,,,,
descriptive_country_wave,community_price_vs_crop_sale_price,native,all,all,all,Malawi,2019-20,Region,,1.0,1,1,,-2.2335922215070934,0.10714285714285723,0.0,1.0,0.0,False,,,,,,,,,,,
descriptive_country_wave,community_price_vs_crop_sale_price,native,all,all,all,Malawi,2019-20,national,,1.0,2,2,,0.8605048440456027,2.3643540225079396,1.2659699521537662,0.5,0.0,False,,,,,,,,,,,
descriptive_country_wave,community_price_vs_crop_sale_price,native,all,all,all,Malawi,2019-20,v,,1.0,8,3,,0.49816671977384575,1.6457014715109581,0.2828165183821294,0.75,0.0,False,,,,,,,,,,,
descriptive_country_wave,unit_value_vs_community_price,kg,all,all,all,Malawi,2019-20,all,,1.0,575,13,,-0.0512932943875501,0.9500000000000004,0.2586347698726787,0.21391304347826087,0.2,False,,,,,,,,,,,
descriptive_country_wave,unit_value_vs_community_price,kg,all,all,all,Malawi,2019-20,District,,1.0,10,2,,0.12137695394542544,1.129050432176613,0.4744496350883209,0.4,0.0,False,,,,,,,,,,,
descriptive_country_wave,unit_value_vs_community_price,kg,all,all,all,Malawi,2019-20,Region,,1.0,2,1,,0.9829564081810811,2.6723451177837876,0.43365026384702654,1.0,0.0,False,,,,,,,,,,,
descriptive_country_wave,unit_value_vs_community_price,kg,all,all,all,Malawi,2019-20,national,,1.0,1,1,,-0.0911607783969774,0.9128709291752768,0.0,0.0,0.0,False,,,,,,,,,,,
descriptive_country_wave,unit_value_vs_community_price,kg,all,all,all,Malawi,2019-20,v,,1.0,562,9,,-0.052133813309702653,0.9492018425041842,0.25017716194934714,0.20818505338078291,0.20462633451957296,False,,,,,,,,,,,
descriptive_country_wave,unit_value_vs_community_price,native,all,all,all,Malawi,2019-20,all,,1.0,1156,18,,0.0,1.0,0.2231435513142097,0.24480968858131488,0.3944636678200692,False,,,,,,,,,,,
descriptive_country_wave,unit_value_vs_community_price,native,all,all,all,Malawi,2019-20,District,,1.0,83,12,,0.0,1.0,0.41139423976249345,0.3132530120481928,0.3132530120481928,False,,,,,,,,,,,
descriptive_country_wave,unit_value_vs_community_price,native,all,all,all,Malawi,2019-20,Region,,1.0,10,6,,-0.1359668577418209,0.8728715609439694,0.8280087952212172,0.7,0.1,False,,,,,,,,,,,
descriptive_country_wave,unit_value_vs_community_price,native,all,all,all,Malawi,2019-20,national,,1.0,6,5,,0.02944575891409575,1.0298835719535588,2.5521978642377983,0.6666666666666666,0.0,False,,,,,,,,,,,
descriptive_country_wave,unit_value_vs_community_price,native,all,all,all,Malawi,2019-20,v,,1.0,1057,14,,0.0,1.0,0.2231435513142097,0.23273415326395458,0.40586565752128667,False,,,,,,,,,,,
descriptive_country_wave,unit_value_vs_crop_sale_price,kg,all,all,all,Malawi,2019-20,all,,1.0,41,11,,0.6931471805599454,2.0,0.6286086594223743,0.7804878048780488,0.04878048780487805,False,,,,,,,,,,,
descriptive_country_wave,unit_value_vs_crop_sale_price,kg,all,all,all,Malawi,2019-20,District,,1.0,33,5,,0.6931471805599454,2.0,0.5877866649021195,0.8484848484848485,0.0,False,,,,,,,,,,,
descriptive_country_wave,unit_value_vs_crop_sale_price,kg,all,all,all,Malawi,2019-20,Region,,1.0,3,3,,0.4700036292457348,1.5999999999999988,0.39925384810888565,0.6666666666666666,0.3333333333333333,False,,,,,,,,,,,
descriptive_country_wave,unit_value_vs_crop_sale_price,kg,all,all,all,Malawi,2019-20,national,,1.0,2,2,,0.671083418621224,1.9563557250916102,0.04247475919884969,1.0,0.0,False,,,,,,,,,,,
descriptive_country_wave,unit_value_vs_crop_sale_price,kg,all,all,all,Malawi,2019-20,v,,1.0,3,1,,0.1823215567939549,1.2000000000000004,0.11157177565710485,0.0,0.3333333333333333,False,,,,,,,,,,,
descriptive_country_wave,unit_value_vs_crop_sale_price,native,all,all,all,Malawi,2019-20,all,,1.0,22,8,,0.4700036292457357,1.6,0.41021582523818156,0.7272727272727273,0.045454545454545456,False,,,,,,,,,,,
descriptive_country_wave,unit_value_vs_crop_sale_price,native,all,all,all,Malawi,2019-20,District,,1.0,13,2,,0.5108256237659905,1.6666666666666663,0.2231435513142097,0.9230769230769231,0.0,False,,,,,,,,,,,
descriptive_country_wave,unit_value_vs_crop_sale_price,native,all,all,all,Malawi,2019-20,Region,,1.0,5,4,,0.3030679017851581,1.3540064007726604,0.2490872531062154,0.6,0.0,True,,,,,,,,,,,
descriptive_country_wave,unit_value_vs_crop_sale_price,native,all,all,all,Malawi,2019-20,national,,1.0,1,1,,0.5232481437645475,1.6874999999999996,0.0,1.0,0.0,False,,,,,,,,,,,
descriptive_country_wave,unit_value_vs_crop_sale_price,native,all,all,all,Malawi,2019-20,v,,1.0,3,1,,0.1823215567939549,1.2000000000000004,0.11157177565710485,0.0,0.3333333333333333,False,,,,,,,,,,,
descriptive_country_wave,community_price_vs_crop_sale_price,native,all,all,all,Mali,2014-15,all,,1.0,1,1,,1.437587655507441,4.210526315789473,0.0,1.0,0.0,False,,,,,,,,,,,
descriptive_country_wave,community_price_vs_crop_sale_price,native,all,all,all,Mali,2014-15,Region,,1.0,1,1,,1.437587655507441,4.210526315789473,0.0,1.0,0.0,False,,,,,,,,,,,
descriptive_country_wave,unit_value_vs_community_price,native,all,all,all,Mali,2014-15,all,,1.0,527,36,,-0.0465200156348926,0.9545454545454548,0.6055842136713031,0.40037950664136623,0.21631878557874762,False,,,,,,,,,,,
descriptive_country_wave,unit_value_vs_community_price,native,all,all,all,Mali,2014-15,Region,,1.0,491,36,,-0.0022271751746902,0.9977753031397176,0.49102037895395106,0.3869653767820774,0.2240325865580448,False,,,,,,,,,,,
descriptive_country_wave,unit_value_vs_community_price,native,all,all,all,Mali,2014-15,national,,1.0,36,23,,-0.26949825036634323,0.7637626158259735,1.372591000660267,0.5833333333333334,0.1111111111111111,False,,,,,,,,,,,
descriptive_country_wave,unit_value_vs_crop_sale_price,native,all,all,all,Mali,2014-15,all,,1.0,2,2,,1.594601842841321,4.926367213208737,0.6539160288824495,1.0,0.0,False,,,,,,,,,,,
descriptive_country_wave,unit_value_vs_crop_sale_price,native,all,all,all,Mali,2014-15,Region,,1.0,2,2,,1.594601842841321,4.926367213208737,0.6539160288824495,1.0,0.0,False,,,,,,,,,,,
descriptive_country_wave,community_price_vs_crop_sale_price,native,all,all,all,Niger,2011-12,all,,1.0,24,4,,0.2231435513142097,1.25,0.3001045924503388,0.2916666666666667,0.08333333333333333,False,,,,,,,,,,,
descriptive_country_wave,community_price_vs_crop_sale_price,native,all,all,all,Niger,2011-12,Region,,1.0,1,1,,1.2611312181658842,3.529411764705881,0.0,1.0,0.0,False,,,,,,,,,,,
descriptive_country_wave,community_price_vs_crop_sale_price,native,all,all,all,Niger,2011-12,national,,1.0,2,2,,0.7135581778200724,2.041241452319314,0.20273255405408186,1.0,0.0,False,,,,,,,,,,,
descriptive_country_wave,community_price_vs_crop_sale_price,native,all,all,all,Niger,2011-12,v,,1.0,21,2,,0.1823215567939549,1.2000000000000004,0.2130932154607087,0.19047619047619047,0.09523809523809523,False,,,,,,,,,,,
descriptive_country_wave,unit_value_vs_crop_sale_price,native,all,all,all,Niger,2018-19,all,,1.0,30,6,,0.0628286070702266,1.064844316803016,0.5329942693941141,0.23333333333333334,0.03333333333333333,False,,,,,,,,,,,
descriptive_country_wave,unit_value_vs_crop_sale_price,native,all,all,all,Niger,2018-19,District,,1.0,26,2,,0.0628286070702266,1.064844316803016,0.4654971388633169,0.23076923076923078,0.038461538461538464,False,,,,,,,,,,,
descriptive_country_wave,unit_value_vs_crop_sale_price,native,all,all,all,Niger,2018-19,Region,,1.0,2,2,,0.29424792387370724,1.3421166051706652,0.07110437255949748,0.0,0.0,True,,,,,,,,,,,
descriptive_country_wave,unit_value_vs_crop_sale_price,native,all,all,all,Niger,2018-19,national,,1.0,2,2,,-0.42529529910002406,0.653576756002742,0.09961576314931536,0.5,0.0,False,,,,,,,,,,,
descriptive_country_wave,unit_value_vs_crop_sale_price,native,all,all,all,Niger,2021-22,all,,1.0,23,3,,0.182321556793954,1.1999999999999993,0.4091147593489701,0.34782608695652173,0.0,False,,,,,,,,,,,
descriptive_country_wave,unit_value_vs_crop_sale_price,native,all,all,all,Niger,2021-22,District,,1.0,21,2,,0.0886670076414573,1.0927167294163056,0.36624439495488303,0.2857142857142857,0.0,False,,,,,,,,,,,
descriptive_country_wave,unit_value_vs_crop_sale_price,native,all,all,all,Niger,2021-22,national,,1.0,2,2,,0.49352025650550235,1.63807251762544,0.023516627259766665,1.0,0.0,False,,,,,,,,,,,
descriptive_country_wave,community_price_vs_crop_sale_price,native,all,all,all,Nigeria,2011Q1,all,,1.0,53,15,,0.5596157879354231,1.7500000000000007,0.9870405130110038,0.6037735849056604,0.03773584905660377,False,,,,,,,,,,,
descriptive_country_wave,community_price_vs_crop_sale_price,native,all,all,all,Nigeria,2011Q1,District,,1.0,8,5,,0.2341233597979184,1.263800384752216,0.6170729387555619,0.5,0.0,False,,,,,,,,,,,
descriptive_country_wave,community_price_vs_crop_sale_price,native,all,all,all,Nigeria,2011Q1,Region,,1.0,2,1,,0.2899092476264711,1.3363062095621219,0.06676569631226131,0.0,0.0,True,,,,,,,,,,,
descriptive_country_wave,community_price_vs_crop_sale_price,native,all,all,all,Nigeria,2011Q1,v,,1.0,43,9,,0.8472978603872034,2.333333333333333,1.2923355899708522,0.6511627906976745,0.046511627906976744,False,,,,,,,,,,,
descriptive_country_wave,unit_value_vs_community_price,native,all,all,all,Nigeria,2011Q1,all,,1.0,346,39,,0.026801491864243798,1.0271638821368483,0.8479385689646006,0.4797687861271676,0.05491329479768786,False,,,,,,,,,,,
descriptive_country_wave,unit_value_vs_community_price,native,all,all,all,Nigeria,2011Q1,District,,1.0,202,20,,0.0,1.0,0.7712034115539632,0.46534653465346537,0.07425742574257425,False,,,,,,,,,,,
descriptive_country_wave,unit_value_vs_community_price,native,all,all,all,Nigeria,2011Q1,Region,,1.0,10,5,,0.15132305320659964,1.1633724285751417,1.1976200964246593,0.7,0.0,False,,,,,,,,,,,
descriptive_country_wave,unit_value_vs_community_price,native,all,all,all,Nigeria,2011Q1,national,,1.0,2,2,,-0.08095527976691347,0.9222349330836014,0.9972460116410687,1.0,0.0,False,,,,,,,,,,,
descriptive_country_wave,unit_value_vs_community_price,native,all,all,all,Nigeria,2011Q1,v,,1.0,132,12,,0.0526802578289133,1.0540925533894598,0.8022809601344238,0.4772727272727273,0.030303030303030304,False,,,,,,,,,,,
descriptive_country_wave,unit_value_vs_crop_sale_price,native,all,all,all,Nigeria,2011Q1,all,,1.0,72,19,,0.4676414905408328,1.5962250383189662,0.6945059772910691,0.6666666666666666,0.013888888888888888,False,,,,,,,,,,,
descriptive_country_wave,unit_value_vs_crop_sale_price,native,all,all,all,Nigeria,2011Q1,District,,1.0,63,13,,0.4700036292457352,1.5999999999999994,0.694260768147291,0.6507936507936508,0.015873015873015872,False,,,,,,,,,,,
descriptive_country_wave,unit_value_vs_crop_sale_price,native,all,all,all,Nigeria,2011Q1,Region,,1.0,9,6,,0.4337502838523619,1.5430334996209196,0.7827593392496328,0.7777777777777778,0.0,False,,,,,,,,,,,
descriptive_country_wave,community_price_vs_crop_sale_price,native,all,all,all,Nigeria,2013Q1,all,,1.0,17,11,,0.6931471805599458,2.000000000000001,0.6931471805599446,0.7058823529411765,0.0,False,,,,,,,,,,,
descriptive_country_wave,community_price_vs_crop_sale_price,native,all,all,all,Nigeria,2013Q1,District,,1.0,5,4,,0.2231435513142106,1.250000000000001,0.27478272604096077,0.4,0.0,False,,,,,,,,,,,
descriptive_country_wave,community_price_vs_crop_sale_price,native,all,all,all,Nigeria,2013Q1,Region,,1.0,1,1,,0.9162907318741552,2.5000000000000004,0.0,1.0,0.0,False,,,,,,,,,,,
descriptive_country_wave,community_price_vs_crop_sale_price,native,all,all,all,Nigeria,2013Q1,v,,1.0,11,6,,0.7793248768009975,2.1799999999999997,0.6019864021629677,0.8181818181818182,0.0,False,,,,,,,,,,,
descriptive_country_wave,unit_value_vs_community_price,native,all,all,all,Nigeria,2013Q1,all,,1.0,177,32,,0.0512932943875501,1.052631578947368,0.506419469585456,0.3615819209039548,0.07344632768361582,False,,,,,,,,,,,
descriptive_country_wave,unit_value_vs_community_price,native,all,all,all,Nigeria,2013Q1,District,,1.0,146,19,,0.0296514356019619,1.0300954167805503,0.5040344541567339,0.3561643835616438,0.07534246575342465,False,,,,,,,,,,,
descriptive_country_wave,unit_value_vs_community_price,native,all,all,all,Nigeria,2013Q1,Region,,1.0,4,4,,0.0557858878285522,1.0573712634405639,0.24145677915295155,0.0,0.25,False,,,,,,,,,,,
descriptive_country_wave,unit_value_vs_community_price,native,all,all,all,Nigeria,2013Q1,national,,1.0,5,5,,0.1053605421487828,1.1111111405455076,0.12562521311640928,0.2,0.0,False,,,,,,,,,,,
descriptive_country_wave,unit_value_vs_community_price,native,all,all,all,Nigeria,2013Q1,v,,1.0,22,4,,0.053273293931069554,1.054717853723144,0.6962504650403166,0.5,0.045454545454545456,False,,,,,,,,,,,
descriptive_country_wave,unit_value_vs_crop_sale_price,native,all,all,all,Nigeria,2013Q1,all,,1.0,19,14,,0.5332984522992534,1.7045454079793259,0.9061609650920324,0.631578947368421,0.0,False,,,,,,,,,,,
descriptive_country_wave,unit_value_vs_crop_sale_price,native,all,all,all,Nigeria,2013Q1,District,,1.0,7,4,,0.1923719070970682,1.2121212296358936,0.9310765647311521,0.42857142857142855,0.0,False,,,,,,,,,,,
descriptive_country_wave,unit_value_vs_crop_sale_price,native,all,all,all,Nigeria,2013Q1,Region,,1.0,6,4,,1.0924010286688315,2.981423969999721,0.8628904829296874,0.8333333333333334,0.0,False,,,,,,,,,,,
descriptive_country_wave,unit_value_vs_crop_sale_price,native,all,all,all,Nigeria,2013Q1,national,,1.0,6,6,,0.4464092061843996,1.5626907984545668,0.3927958625697171,0.6666666666666666,0.0,False,,,,,,,,,,,
descriptive_country_wave,unit_value_vs_community_price,native,all,all,all,Nigeria,2016Q1,all,,1.0,124,37,,0.0,1.0,0.27402942651070833,0.1935483870967742,0.22580645161290322,False,,,,,,,,,,,
descriptive_country_wave,unit_value_vs_community_price,native,all,all,all,Nigeria,2016Q1,District,,1.0,102,17,,0.0,1.0,0.1873871077295416,0.14705882352941177,0.23529411764705882,False,,,,,,,,,,,
descriptive_country_wave,unit_value_vs_community_price,native,all,all,all,Nigeria,2016Q1,Region,,1.0,11,9,,-0.4032379329334743,0.6681531047810609,0.7438823981818561,0.45454545454545453,0.0,False,,,,,,,,,,,
descriptive_country_wave,unit_value_vs_community_price,native,all,all,all,Nigeria,2016Q1,national,,1.0,10,10,,-0.20273255405408186,0.8164965809277263,0.8108042789695822,0.4,0.4,False,,,,,,,,,,,
descriptive_country_wave,unit_value_vs_community_price,native,all,all,all,Nigeria,2016Q1,v,,1.0,1,1,,-0.1115717756571053,0.8944271909999155,0.0,0.0,0.0,False,,,,,,,,,,,
descriptive_country_wave,unit_value_vs_community_price,native,all,all,all,Nigeria,2019Q1,all,,1.0,108,22,,-0.0568994754158973,0.9446890290653044,0.22610811714137413,0.12037037037037036,0.25925925925925924,False,,,,,,,,,,,
descriptive_country_wave,unit_value_vs_community_price,native,all,all,all,Nigeria,2019Q1,District,,1.0,99,13,,-0.0448060793448439,0.9561828874675146,0.24062002858588188,0.13131313131313133,0.25252525252525254,False,,,,,,,,,,,
descriptive_country_wave,unit_value_vs_community_price,native,all,all,all,Nigeria,2019Q1,Region,,1.0,4,4,,-0.0617741980841755,0.9400951381100524,0.13824168632475198,0.0,0.5,False,,,,,,,,,,,
descriptive_country_wave,unit_value_vs_community_price,native,all,all,all,Nigeria,2019Q1,national,,1.0,5,5,,-0.1115717756571044,0.8944271909999163,0.1523553864326175,0.0,0.2,False,,,,,,,,,,,
descriptive_country_wave,community_price_vs_crop_sale_price,kg,all,all,all,Tanzania,2019-20,all,,1.0,13,12,,1.2080635671965876,3.3469971382071044,0.9988749706580071,0.7692307692307693,0.0,False,,,,,,,,,,,
descriptive_country_wave,community_price_vs_crop_sale_price,kg,all,all,all,Tanzania,2019-20,District,,1.0,1,1,,0.2623642644674913,1.3000000000000003,0.0,0.0,0.0,True,,,,,,,,,,,
descriptive_country_wave,community_price_vs_crop_sale_price,kg,all,all,all,Tanzania,2019-20,Region,,1.0,3,2,,2.107936049891734,8.231234882354274,0.8004306864104875,1.0,0.0,False,,,,,,,,,,,
descriptive_country_wave,community_price_vs_crop_sale_price,kg,all,all,all,Tanzania,2019-20,national,,1.0,9,9,,1.2080635671965876,3.3469971382071044,0.8209805520698303,0.7777777777777778,0.0,False,,,,,,,,,,,
descriptive_country_wave,community_price_vs_crop_sale_price,native,all,all,all,Tanzania,2019-20,all,,1.0,9,9,,0.2623642644674913,1.3000000000000003,1.2424533248940008,0.6666666666666666,0.1111111111111111,True,,,,,,,,,,,
descriptive_country_wave,community_price_vs_crop_sale_price,native,all,all,all,Tanzania,2019-20,District,,1.0,1,1,,0.2623642644674913,1.3000000000000003,0.0,0.0,0.0,True,,,,,,,,,,,
descriptive_country_wave,community_price_vs_crop_sale_price,native,all,all,all,Tanzania,2019-20,national,,1.0,8,8,,0.31715334026850606,1.3732131246511905,1.909845745027537,0.75,0.125,True,,,,,,,,,,,
descriptive_country_wave,unit_value_vs_community_price,kg,all,all,all,Tanzania,2019-20,all,,1.0,131,32,,0.0,1.0,0.32791563512438004,0.2595419847328244,0.15267175572519084,False,,,,,,,,,,,
descriptive_country_wave,unit_value_vs_community_price,kg,all,all,all,Tanzania,2019-20,District,,1.0,110,17,,0.0,1.0,0.3240410194219906,0.24545454545454545,0.13636363636363635,False,,,,,,,,,,,
descriptive_country_wave,unit_value_vs_community_price,kg,all,all,all,Tanzania,2019-20,Region,,1.0,8,5,,0.16826162721323534,1.1832461395455145,0.25369084446889084,0.25,0.125,False,,,,,,,,,,,
descriptive_country_wave,unit_value_vs_community_price,kg,all,all,all,Tanzania,2019-20,national,,1.0,6,6,,-0.22678446518580525,0.797092564974788,0.39899796840600565,0.5,0.0,False,,,,,,,,,,,
descriptive_country_wave,unit_value_vs_community_price,kg,all,all,all,Tanzania,2019-20,v,,1.0,7,4,,0.0,1.0,0.0102750782404759,0.2857142857142857,0.5714285714285714,False,,,,,,,,,,,
descriptive_country_wave,unit_value_vs_community_price,native,all,all,all,Tanzania,2019-20,all,,1.0,64,23,,0.0,1.0,0.2738409154233791,0.203125,0.1875,False,,,,,,,,,,,
descriptive_country_wave,unit_value_vs_community_price,native,all,all,all,Tanzania,2019-20,District,,1.0,46,7,,0.0,1.0,0.22559364056525572,0.08695652173913043,0.21739130434782608,False,,,,,,,,,,,
descriptive_country_wave,unit_value_vs_community_price,native,all,all,all,Tanzania,2019-20,Region,,1.0,6,4,,0.3332624616502695,1.3955135191894739,0.4726179593472486,0.5,0.16666666666666666,True,,,,,,,,,,,
descriptive_country_wave,unit_value_vs_community_price,native,all,all,all,Tanzania,2019-20,national,,1.0,10,10,,0.4337502838523615,1.543033499620919,2.943980852421005,0.6,0.0,False,,,,,,,,,,,
descriptive_country_wave,unit_value_vs_community_price,native,all,all,all,Tanzania,2019-20,v,,1.0,2,2,,0.16502634333966304,1.1794241882741492,0.16502634333966304,0.0,0.5,False,,,,,,,,,,,
descriptive_country_wave,unit_value_vs_crop_sale_price,kg,all,all,all,Tanzania,2019-20,all,,1.0,10,10,,1.1231089024693879,3.0743973627835497,0.5667414202776568,1.0,0.0,False,,,,,,,,,,,
descriptive_country_wave,unit_value_vs_crop_sale_price,kg,all,all,all,Tanzania,2019-20,Region,,1.0,1,1,,2.233403221315844,9.331569498236165,0.0,1.0,0.0,False,,,,,,,,,,,
descriptive_country_wave,unit_value_vs_crop_sale_price,kg,all,all,all,Tanzania,2019-20,national,,1.0,9,9,,0.9896790415614278,2.6903708365382,0.5798184952529419,1.0,0.0,False,,,,,,,,,,,
descriptive_country_wave,unit_value_vs_crop_sale_price,native,all,all,all,Tanzania,2019-20,all,,1.0,10,10,,1.1231089024693879,3.0743973627835497,0.5667414202776568,1.0,0.0,False,,,,,,,,,,,
descriptive_country_wave,unit_value_vs_crop_sale_price,native,all,all,all,Tanzania,2019-20,Region,,1.0,1,1,,2.233403221315844,9.331569498236165,0.0,1.0,0.0,False,,,,,,,,,,,
descriptive_country_wave,unit_value_vs_crop_sale_price,native,all,all,all,Tanzania,2019-20,national,,1.0,9,9,,0.9896790415614278,2.6903708365382,0.5798184952529419,1.0,0.0,False,,,,,,,,,,,
descriptive_country_wave,community_price_vs_crop_sale_price,kg,all,all,all,Tanzania,2020-21,all,,1.0,17,13,,0.8066031838936345,2.2402852105356126,0.9422344336661608,0.7058823529411765,0.0,False,,,,,,,,,,,
descriptive_country_wave,community_price_vs_crop_sale_price,kg,all,all,all,Tanzania,2020-21,District,,1.0,9,5,,0.7436101398549262,2.1035158095583575,1.0000710418811938,0.5555555555555556,0.0,False,,,,,,,,,,,
descriptive_country_wave,community_price_vs_crop_sale_price,kg,all,all,all,Tanzania,2020-21,Region,,1.0,2,2,,0.71419169314035,2.042535019755875,0.09241149075328448,1.0,0.0,False,,,,,,,,,,,
descriptive_country_wave,community_price_vs_crop_sale_price,kg,all,all,all,Tanzania,2020-21,national,,1.0,5,5,,1.015325688755202,2.760262237369417,0.1592126247928336,1.0,0.0,False,,,,,,,,,,,
descriptive_country_wave,community_price_vs_crop_sale_price,kg,all,all,all,Tanzania,2020-21,v,,1.0,1,1,,0.0408219945202548,1.0416666666666663,0.0,0.0,0.0,False,,,,,,,,,,,
descriptive_country_wave,community_price_vs_crop_sale_price,native,all,all,all,Tanzania,2020-21,all,,1.0,15,12,,0.8472978603872034,2.333333333333333,1.3546993903994151,0.6666666666666666,0.0,False,,,,,,,,,,,
descriptive_country_wave,community_price_vs_crop_sale_price,native,all,all,all,Tanzania,2020-21,District,,1.0,6,3,,0.02777279759170305,1.0281620569866052,0.6261984459114565,0.3333333333333333,0.0,False,,,,,,,,,,,
descriptive_country_wave,community_price_vs_crop_sale_price,native,all,all,all,Tanzania,2020-21,national,,1.0,8,8,,1.4116560152040631,4.102743987943126,0.9054589815523848,1.0,0.0,False,,,,,,,,,,,
descriptive_country_wave,community_price_vs_crop_sale_price,native,all,all,all,Tanzania,2020-21,v,,1.0,1,1,,0.0408219945202548,1.0416666666666663,0.0,0.0,0.0,False,,,,,,,,,,,
descriptive_country_wave,unit_value_vs_community_price,kg,all,all,all,Tanzania,2020-21,all,,1.0,96,31,,0.0,1.0,0.1504428787003301,0.10416666666666667,0.21875,False,,,,,,,,,,,
descriptive_country_wave,unit_value_vs_community_price,kg,all,all,all,Tanzania,2020-21,District,,1.0,78,15,,0.0,1.0,0.13153823889415875,0.08974358974358974,0.24358974358974358,False,,,,,,,,,,,
descriptive_country_wave,unit_value_vs_community_price,kg,all,all,all,Tanzania,2020-21,Region,,1.0,7,5,,0.035718082602079,1.0363636363636362,0.42148255768376064,0.2857142857142857,0.0,False,,,,,,,,,,,
descriptive_country_wave,unit_value_vs_community_price,kg,all,all,all,Tanzania,2020-21,national,,1.0,11,11,,-0.0489431475709647,0.9522352650474583,0.20174914090341858,0.09090909090909091,0.18181818181818182,False,,,,,,,,,,,
descriptive_country_wave,unit_value_vs_community_price,native,all,all,all,Tanzania,2020-21,all,,1.0,67,29,,0.0,1.0,0.1490299752950025,0.19402985074626866,0.19402985074626866,False,,,,,,,,,,,
descriptive_country_wave,unit_value_vs_community_price,native,all,all,all,Tanzania,2020-21,District,,1.0,41,9,,0.0438753742787536,1.0448521313235475,0.1141293259904906,0.07317073170731707,0.12195121951219512,False,,,,,,,,,,,
descriptive_country_wave,unit_value_vs_community_price,native,all,all,all,Tanzania,2020-21,Region,,1.0,9,8,,0.0,1.0,0.2106067325381522,0.2222222222222222,0.3333333333333333,False,,,,,,,,,,,
descriptive_country_wave,unit_value_vs_community_price,native,all,all,all,Tanzania,2020-21,national,,1.0,17,15,,-0.1256572141404524,0.8819171036881974,0.6286086594223743,0.47058823529411764,0.29411764705882354,False,,,,,,,,,,,
descriptive_country_wave,unit_value_vs_crop_sale_price,kg,all,all,all,Tanzania,2020-21,all,,1.0,15,12,,0.8084090098658612,2.2443344307471276,0.5307160794750367,0.9333333333333333,0.0,False,,,,,,,,,,,
descriptive_country_wave,unit_value_vs_crop_sale_price,kg,all,all,all,Tanzania,2020-21,Region,,1.0,6,3,,0.5333527778670435,1.7046380108917685,0.4793035239263532,1.0,0.0,False,,,,,,,,,,,
descriptive_country_wave,unit_value_vs_crop_sale_price,kg,all,all,all,Tanzania,2020-21,national,,1.0,9,9,,0.896271864983663,2.45045045045045,0.35034938516195346,0.8888888888888888,0.0,False,,,,,,,,,,,
descriptive_country_wave,unit_value_vs_crop_sale_price,native,all,all,all,Tanzania,2020-21,all,,1.0,15,12,,0.8084090098658612,2.2443344307471276,0.5307160794750367,0.9333333333333333,0.0,False,,,,,,,,,,,
descriptive_country_wave,unit_value_vs_crop_sale_price,native,all,all,all,Tanzania,2020-21,Region,,1.0,6,3,,0.5333527778670435,1.7046380108917685,0.4793035239263532,1.0,0.0,False,,,,,,,,,,,
descriptive_country_wave,unit_value_vs_crop_sale_price,native,all,all,all,Tanzania,2020-21,national,,1.0,9,9,,0.896271864983663,2.45045045045045,0.35034938516195346,0.8888888888888888,0.0,False,,,,,,,,,,,
descriptive_country_wave,unit_value_vs_own_consumption_valuation,native,all,all,all,Uganda,2005-06,all,,1.0,145,29,,0.0911607783969774,1.0954451150103324,0.3364722366212129,0.22758620689655173,0.3724137931034483,False,,,,,,,,,,,
descriptive_country_wave,unit_value_vs_own_consumption_valuation,native,all,all,all,Uganda,2005-06,District,,1.0,54,12,,0.0,1.0,0.2231435513142097,0.14814814814814814,0.48148148148148145,False,,,,,,,,,,,
descriptive_country_wave,unit_value_vs_own_consumption_valuation,native,all,all,all,Uganda,2005-06,Region,,1.0,82,22,,0.16823611831060645,1.1832159566199232,0.35414960552404245,0.24390243902439024,0.32926829268292684,False,,,,,,,,,,,
descriptive_country_wave,unit_value_vs_own_consumption_valuation,native,all,all,all,Uganda,2005-06,national,,1.0,9,9,,0.4054651081081646,1.5000000000000002,0.458145365937078,0.5555555555555556,0.1111111111111111,False,,,,,,,,,,,
descriptive_country_wave,own_consumption_valuation_vs_crop_sale_price,native,all,all,all,Uganda,2009-10,all,,1.0,59,13,,0.0,1.0,0.49347326092294874,0.288135593220339,0.13559322033898305,False,,,,,,,,,,,
descriptive_country_wave,own_consumption_valuation_vs_crop_sale_price,native,all,all,all,Uganda,2009-10,District,,1.0,31,4,,0.1115717756571044,1.1180339887498942,0.45110264669540306,0.2903225806451613,0.16129032258064516,False,,,,,,,,,,,
descriptive_country_wave,own_consumption_valuation_vs_crop_sale_price,native,all,all,all,Uganda,2009-10,Region,,1.0,24,8,,0.09121792778572715,1.0955077208179889,0.46358827459637897,0.2916666666666667,0.125,False,,,,,,,,,,,
descriptive_country_wave,own_consumption_valuation_vs_crop_sale_price,native,all,all,all,Uganda,2009-10,national,,1.0,4,4,,-0.27980789396771133,0.7559289460184545,0.20266706015853495,0.25,0.0,False,,,,,,,,,,,
descriptive_country_wave,unit_value_vs_crop_sale_price,native,all,all,all,Uganda,2009-10,all,,1.0,39,14,,0.4054651081081646,1.5000000000000002,0.6668070516454891,0.6923076923076923,0.10256410256410256,False,,,,,,,,,,,
descriptive_country_wave,unit_value_vs_crop_sale_price,native,all,all,all,Uganda,2009-10,District,,1.0,16,4,,0.6608779199911599,1.9364916731037087,0.6161524878263434,0.8125,0.0,False,,,,,,,,,,,
descriptive_country_wave,unit_value_vs_crop_sale_price,native,all,all,all,Uganda,2009-10,Region,,1.0,22,11,,0.22085922675076874,1.2471478531504936,0.5760334281753337,0.6363636363636364,0.18181818181818182,False,,,,,,,,,,,
descriptive_country_wave,unit_value_vs_crop_sale_price,native,all,all,all,Uganda,2009-10,national,,1.0,1,1,,0.2876820724517808,1.3333333333333333,0.0,0.0,0.0,True,,,,,,,,,,,
descriptive_country_wave,unit_value_vs_own_consumption_valuation,native,all,all,all,Uganda,2009-10,all,,1.0,141,29,,0.0,1.0,0.2350018146228674,0.19858156028368795,0.40425531914893614,False,,,,,,,,,,,
descriptive_country_wave,unit_value_vs_own_consumption_valuation,native,all,all,all,Uganda,2009-10,District,,1.0,55,10,,0.0,1.0,0.2453114582242355,0.12727272727272726,0.4727272727272727,False,,,,,,,,,,,
descriptive_country_wave,unit_value_vs_own_consumption_valuation,native,all,all,all,Uganda,2009-10,Region,,1.0,78,24,,0.0,1.0,0.22314357118242564,0.24358974358974358,0.358974358974359,False,,,,,,,,,,,
descriptive_country_wave,unit_value_vs_own_consumption_valuation,native,all,all,all,Uganda,2009-10,national,,1.0,8,7,,0.0,1.0,0.2664681906436326,0.25,0.375,False,,,,,,,,,,,
descriptive_country_wave,own_consumption_valuation_vs_crop_sale_price,native,all,all,all,Uganda,2010-11,all,,1.0,27,11,,0.182321556793954,1.1999999999999993,0.6160718406463164,0.48148148148148145,0.14814814814814814,False,,,,,,,,,,,
descriptive_country_wave,own_consumption_valuation_vs_crop_sale_price,native,all,all,all,Uganda,2010-11,District,,1.0,5,2,,0.1438410362258908,1.154700538379252,0.1823215567939549,0.2,0.2,False,,,,,,,,,,,
descriptive_country_wave,own_consumption_valuation_vs_crop_sale_price,native,all,all,all,Uganda,2010-11,Region,,1.0,19,9,,0.182321556793954,1.1999999999999993,0.9060852332440912,0.5263157894736842,0.15789473684210525,False,,,,,,,,,,,
descriptive_country_wave,own_consumption_valuation_vs_crop_sale_price,native,all,all,all,Uganda,2010-11,national,,1.0,2,2,,-0.03494048559378937,0.9656628854006528,0.7280876661537348,1.0,0.0,False,,,,,,,,,,,
descriptive_country_wave,own_consumption_valuation_vs_crop_sale_price,native,all,all,all,Uganda,2010-11,v,,1.0,1,1,,0.2231435513142106,1.250000000000001,0.0,0.0,0.0,False,,,,,,,,,,,
descriptive_country_wave,unit_value_vs_crop_sale_price,native,all,all,all,Uganda,2010-11,all,,1.0,21,12,,0.5219436944894316,1.6853001769389726,0.9162907318741551,0.6190476190476191,0.19047619047619047,False,,,,,,,,,,,
descriptive_country_wave,unit_value_vs_crop_sale_price,native,all,all,all,Uganda,2010-11,District,,1.0,4,3,,1.0099049156332134,2.7453399636941014,1.038632468370321,0.75,0.0,False,,,,,,,,,,,
descriptive_country_wave,unit_value_vs_crop_sale_price,native,all,all,all,Uganda,2010-11,Region,,1.0,13,6,,0.6342556627317535,1.8856180831641265,0.6019864021629662,0.7692307692307693,0.0,False,,,,,,,,,,,
descriptive_country_wave,unit_value_vs_crop_sale_price,native,all,all,all,Uganda,2010-11,national,,1.0,4,3,,0.0,1.0,0.0,0.0,1.0,False,,,,,,,,,,,
descriptive_country_wave,unit_value_vs_own_consumption_valuation,native,all,all,all,Uganda,2010-11,all,,1.0,121,28,,0.0948508320457897,1.099494833498044,0.4054651081081646,0.33884297520661155,0.2975206611570248,False,,,,,,,,,,,
descriptive_country_wave,unit_value_vs_own_consumption_valuation,native,all,all,all,Uganda,2010-11,District,,1.0,7,6,,0.3465735902799718,1.4142135623730938,0.40741015493790617,0.42857142857142855,0.0,True,,,,,,,,,,,
descriptive_country_wave,unit_value_vs_own_consumption_valuation,native,all,all,all,Uganda,2010-11,Region,,1.0,87,23,,0.0948508320457897,1.099494833498044,0.3810700260234485,0.3333333333333333,0.2988505747126437,False,,,,,,,,,,,
descriptive_country_wave,unit_value_vs_own_consumption_valuation,native,all,all,all,Uganda,2010-11,national,,1.0,27,15,,0.0,1.0,0.34657359027997314,0.3333333333333333,0.37037037037037035,False,,,,,,,,,,,
descriptive_country_wave,own_consumption_valuation_vs_crop_sale_price,native,all,all,all,Uganda,2011-12,all,,1.0,42,11,,0.0628286070702266,1.064844316803016,0.40995391424077277,0.30952380952380953,0.19047619047619047,False,,,,,,,,,,,
descriptive_country_wave,own_consumption_valuation_vs_crop_sale_price,native,all,all,all,Uganda,2011-12,District,,1.0,15,3,,0.1823215567939531,1.1999999999999982,0.3709686723646888,0.26666666666666666,0.26666666666666666,False,,,,,,,,,,,
descriptive_country_wave,own_consumption_valuation_vs_crop_sale_price,native,all,all,all,Uganda,2011-12,Region,,1.0,22,9,,0.08401391418399926,1.0876440273826629,0.5265159497348118,0.3181818181818182,0.09090909090909091,False,,,,,,,,,,,
descriptive_country_wave,own_consumption_valuation_vs_crop_sale_price,native,all,all,all,Uganda,2011-12,national,,1.0,5,4,,0.0,1.0,0.5148097085905778,0.4,0.4,False,,,,,,,,,,,
descriptive_country_wave,unit_value_vs_crop_sale_price,native,all,all,all,Uganda,2011-12,all,,1.0,26,12,,0.5928118328288701,1.8090680674665824,0.6353994743682335,0.6923076923076923,0.038461538461538464,False,,,,,,,,,,,
descriptive_country_wave,unit_value_vs_crop_sale_price,native,all,all,all,Uganda,2011-12,District,,1.0,4,2,,0.877009570622604,2.4037008503093262,0.39286952169441847,1.0,0.0,False,,,,,,,,,,,
descriptive_country_wave,unit_value_vs_crop_sale_price,native,all,all,all,Uganda,2011-12,Region,,1.0,19,7,,0.5877866649021195,1.800000000000001,0.6349991540264894,0.6842105263157895,0.0,False,,,,,,,,,,,
descriptive_country_wave,unit_value_vs_crop_sale_price,native,all,all,all,Uganda,2011-12,national,,1.0,3,3,,0.4054651081081637,1.499999999999999,0.517868343007665,0.3333333333333333,0.3333333333333333,True,,,,,,,,,,,
descriptive_country_wave,unit_value_vs_own_consumption_valuation,native,all,all,all,Uganda,2011-12,all,,1.0,148,29,,0.01613463028439275,1.0162654963092295,0.2554128118829952,0.2635135135135135,0.35135135135135137,False,,,,,,,,,,,
descriptive_country_wave,unit_value_vs_own_consumption_valuation,native,all,all,all,Uganda,2011-12,District,,1.0,7,4,,0.0400213538367681,1.0408329997330663,0.3300347464345434,0.2857142857142857,0.0,False,,,,,,,,,,,
descriptive_country_wave,unit_value_vs_own_consumption_valuation,native,all,all,all,Uganda,2011-12,Region,,1.0,108,24,,0.10880931661045865,1.1149497276770453,0.24783679663892544,0.23148148148148148,0.37037037037037035,False,,,,,,,,,,,
descriptive_country_wave,unit_value_vs_own_consumption_valuation,native,all,all,all,Uganda,2011-12,national,,1.0,33,21,,0.0,1.0,0.3080930697119077,0.36363636363636365,0.36363636363636365,False,,,,,,,,,,,
descriptive_country_wave,own_consumption_valuation_vs_crop_sale_price,native,all,all,all,Uganda,2013-14,all,,1.0,62,12,,0.11439527731179436,1.1211952203382858,0.4266789899163126,0.3064516129032258,0.24193548387096775,False,,,,,,,,,,,
descriptive_country_wave,own_consumption_valuation_vs_crop_sale_price,native,all,all,all,Uganda,2013-14,District,,1.0,39,5,,0.1234300389657629,1.131370849898476,0.472230804420426,0.28205128205128205,0.28205128205128205,False,,,,,,,,,,,
descriptive_country_wave,own_consumption_valuation_vs_crop_sale_price,native,all,all,all,Uganda,2013-14,Region,,1.0,16,8,,0.2350018146228674,1.2649110640673513,0.4559329701393819,0.375,0.25,False,,,,,,,,,,,
descriptive_country_wave,own_consumption_valuation_vs_crop_sale_price,native,all,all,all,Uganda,2013-14,national,,1.0,6,5,,-0.0891687359846837,0.9146912192286939,0.4839756966404147,0.16666666666666666,0.0,False,,,,,,,,,,,
descriptive_country_wave,own_consumption_valuation_vs_crop_sale_price,native,all,all,all,Uganda,2013-14,v,,1.0,1,1,,-0.4440599274537291,0.6414269805898187,0.0,1.0,0.0,False,,,,,,,,,,,
descriptive_country_wave,unit_value_vs_crop_sale_price,native,all,all,all,Uganda,2013-14,all,,1.0,47,14,,0.6931471805599454,2.0,0.872363107354261,0.7446808510638298,0.02127659574468085,False,,,,,,,,,,,
descriptive_country_wave,unit_value_vs_crop_sale_price,native,all,all,all,Uganda,2013-14,District,,1.0,26,4,,1.0530318994696213,2.866328376613101,0.5685464046180873,0.8461538461538461,0.0,False,,,,,,,,,,,
descriptive_country_wave,unit_value_vs_crop_sale_price,native,all,all,all,Uganda,2013-14,Region,,1.0,15,7,,0.4054651081081646,1.5000000000000002,0.3128514643901412,0.5333333333333333,0.06666666666666667,False,,,,,,,,,,,
descriptive_country_wave,unit_value_vs_crop_sale_price,native,all,all,all,Uganda,2013-14,national,,1.0,6,6,,0.5969260804579095,1.8165263535713374,0.8592435167646526,0.8333333333333334,0.0,False,,,,,,,,,,,
descriptive_country_wave,unit_value_vs_own_consumption_valuation,native,all,all,all,Uganda,2013-14,all,,1.0,188,29,,0.0,1.0,0.287682072451781,0.2393617021276596,0.42021276595744683,False,,,,,,,,,,,
descriptive_country_wave,unit_value_vs_own_consumption_valuation,native,all,all,all,Uganda,2013-14,District,,1.0,32,12,,0.154150679827258,1.1666666666666663,0.30154999487515655,0.15625,0.25,False,,,,,,,,,,,
descriptive_country_wave,unit_value_vs_own_consumption_valuation,native,all,all,all,Uganda,2013-14,Region,,1.0,126,27,,0.0,1.0,0.2231435513142106,0.2222222222222222,0.48412698412698413,False,,,,,,,,,,,
descriptive_country_wave,unit_value_vs_own_consumption_valuation,native,all,all,all,Uganda,2013-14,national,,1.0,30,17,,0.18232155679395357,1.1999999999999986,0.46917724690643875,0.4,0.3333333333333333,False,,,,,,,,,,,
descriptive_country_wave,unit_value_vs_own_consumption_valuation,native,all,all,all,Uganda,2015-16,all,,1.0,181,28,,0.0,1.0,0.1823215567939549,0.22099447513812154,0.425414364640884,False,,,,,,,,,,,
descriptive_country_wave,unit_value_vs_own_consumption_valuation,native,all,all,all,Uganda,2015-16,District,,1.0,32,11,,0.07303410570029005,1.0757672260836397,0.1823215567939549,0.0,0.3125,False,,,,,,,,,,,
descriptive_country_wave,unit_value_vs_own_consumption_valuation,native,all,all,all,Uganda,2015-16,Region,,1.0,120,24,,0.0,1.0,0.1611933990689322,0.24166666666666667,0.49166666666666664,False,,,,,,,,,,,
descriptive_country_wave,unit_value_vs_own_consumption_valuation,native,all,all,all,Uganda,2015-16,national,,1.0,29,17,,0.0770753399136285,1.0801234497346426,0.4054651081081637,0.3793103448275862,0.27586206896551724,False,,,,,,,,,,,
descriptive_country_wave,unit_value_vs_own_consumption_valuation,native,all,all,all,Uganda,2018-19,all,,1.0,211,36,,0.0,1.0,0.2027325540540818,0.1943127962085308,0.5023696682464455,False,,,,,,,,,,,
descriptive_country_wave,unit_value_vs_own_consumption_valuation,native,all,all,all,Uganda,2018-19,District,,1.0,49,11,,0.0,1.0,0.1924229104527146,0.12244897959183673,0.40816326530612246,False,,,,,,,,,,,
descriptive_country_wave,unit_value_vs_own_consumption_valuation,native,all,all,all,Uganda,2018-19,Region,,1.0,126,29,,0.0,1.0,0.18232155679395468,0.21428571428571427,0.5555555555555556,False,,,,,,,,,,,
descriptive_country_wave,unit_value_vs_own_consumption_valuation,native,all,all,all,Uganda,2018-19,national,,1.0,36,23,,0.0,1.0,0.30493029032351937,0.2222222222222222,0.4444444444444444,False,,,,,,,,,,,
descriptive_country_wave,own_consumption_valuation_vs_crop_sale_price,native,all,all,all,Uganda,2019-20,all,,1.0,36,12,,0.20273255405408142,1.224744871391588,0.5812168246703946,0.3055555555555556,0.1388888888888889,False,,,,,,,,,,,
descriptive_country_wave,own_consumption_valuation_vs_crop_sale_price,native,all,all,all,Uganda,2019-20,District,,1.0,15,4,,0.2876820724517817,1.3333333333333344,0.40235947810852535,0.26666666666666666,0.2,True,,,,,,,,,,,
descriptive_country_wave,own_consumption_valuation_vs_crop_sale_price,native,all,all,all,Uganda,2019-20,Region,,1.0,17,10,,0.1823215567939531,1.1999999999999982,0.6608779199911599,0.4117647058823529,0.11764705882352941,False,,,,,,,,,,,
descriptive_country_wave,own_consumption_valuation_vs_crop_sale_price,native,all,all,all,Uganda,2019-20,national,,1.0,1,1,,0.2231435513142097,1.25,0.0,0.0,0.0,False,,,,,,,,,,,
descriptive_country_wave,own_consumption_valuation_vs_crop_sale_price,native,all,all,all,Uganda,2019-20,v,,1.0,3,1,,-0.2876820724517817,0.7499999999999994,0.1226557291121173,0.0,0.0,False,,,,,,,,,,,
descriptive_country_wave,unit_value_vs_crop_sale_price,native,all,all,all,Uganda,2019-20,all,,1.0,41,14,,0.674963358474507,1.9639610121239295,0.9261920455222459,0.6097560975609756,0.0975609756097561,False,,,,,,,,,,,
descriptive_country_wave,unit_value_vs_crop_sale_price,native,all,all,all,Uganda,2019-20,District,,1.0,24,5,,0.8310590851315065,2.295748846661432,0.8561243320985645,0.7083333333333334,0.041666666666666664,False,,,,,,,,,,,
descriptive_country_wave,unit_value_vs_crop_sale_price,native,all,all,all,Uganda,2019-20,Region,,1.0,14,8,,0.36698458754010055,1.4433756729740648,0.684523071624076,0.5,0.14285714285714285,True,,,,,,,,,,,
descriptive_country_wave,unit_value_vs_crop_sale_price,native,all,all,all,Uganda,2019-20,national,,1.0,3,3,,0.0,1.0,0.34657359027997314,0.3333333333333333,0.3333333333333333,False,,,,,,,,,,,
descriptive_country_wave,unit_value_vs_own_consumption_valuation,native,all,all,all,Uganda,2019-20,all,,1.0,209,40,,0.0,1.0,0.2027325540540818,0.18660287081339713,0.5167464114832536,False,,,,,,,,,,,
descriptive_country_wave,unit_value_vs_own_consumption_valuation,native,all,all,all,Uganda,2019-20,District,,1.0,32,8,,0.04358834678619415,1.044552273072038,0.2994403860816641,0.09375,0.40625,False,,,,,,,,,,,
descriptive_country_wave,unit_value_vs_own_consumption_valuation,native,all,all,all,Uganda,2019-20,Region,,1.0,141,29,,0.0,1.0,0.154150679827258,0.2127659574468085,0.574468085106383,False,,,,,,,,,,,
descriptive_country_wave,unit_value_vs_own_consumption_valuation,native,all,all,all,Uganda,2019-20,national,,1.0,36,25,,0.0,1.0,0.2266649109350469,0.16666666666666666,0.3888888888888889,False,,,,,,,,,,,
farmgate_pooled_by_rung,market_vs_crop_sale,native,all,all,all,POOLED,,District,,6.0,327,43,,0.3386994117959023,1.403121520040227,0.6833171208475439,0.5504587155963303,0.021406727828746176,True,,,,,,,,,,,
farmgate_pooled_by_rung,market_vs_crop_sale,native,all,all,all,POOLED,,Region,,7.0,197,54,,0.4054651081081637,1.499999999999999,0.601986402162968,0.5989847715736041,0.050761421319796954,True,,,,,,,,,,,
farmgate_pooled_by_rung,market_vs_crop_sale,native,all,all,all,POOLED,,national,,6.0,125,54,,0.5108256237659907,1.6666666666666667,0.7550449810828056,0.672,0.072,False,,,,,,,,,,,
farmgate_pooled_by_rung,market_vs_crop_sale,native,all,all,all,POOLED,,v,,5.0,130,26,,0.22722765614413376,1.2551155701892607,0.6666196743437571,0.4307692307692308,0.1,False,,,,,,,,,,,
farmgate_pooled_by_rung,market_vs_crop_sale,kg,all,all,all,POOLED,,District,,3.0,218,34,,0.5108256237659905,1.6666666666666663,0.7998679130332456,0.6055045871559633,0.03211009174311927,False,,,,,,,,,,,
farmgate_pooled_by_rung,market_vs_crop_sale,kg,all,all,all,POOLED,,Region,,3.0,141,35,,0.4299822754089675,1.5372302765288368,0.4487238220363373,0.5602836879432624,0.02127659574468085,False,,,,,,,,,,,
farmgate_pooled_by_rung,market_vs_crop_sale,kg,all,all,all,POOLED,,national,,3.0,73,33,,0.8588502972447518,2.360445322579082,0.5401691765062651,0.8356164383561644,0.0,False,,,,,,,,,,,
farmgate_pooled_by_rung,market_vs_crop_sale,kg,all,all,all,POOLED,,v,,3.0,129,20,,0.3409265869705931,1.4062499999999998,0.8851118851680001,0.5348837209302325,0.07751937984496124,True,,,,,,,,,,,
farmgate_pooled_by_rung,market_vs_own_consumption,native,all,all,all,POOLED,,District,,1.0,268,17,,0.042413716590806005,1.0433260307630405,0.22314355131420993,0.12686567164179105,0.3843283582089552,False,,,,,,,,,,,
farmgate_pooled_by_rung,market_vs_own_consumption,native,all,all,all,POOLED,,Region,,2.0,1161,71,,0.0,1.0,0.240486330308153,0.28165374677002586,0.3944875107665805,False,,,,,,,,,,,
farmgate_pooled_by_rung,market_vs_own_consumption,native,all,all,all,POOLED,,national,,2.0,256,61,,0.0,1.0,0.4054651081081646,0.37109375,0.2890625,False,,,,,,,,,,,
farmgate_pooled_by_rung,market_vs_own_consumption,native,all,all,all,POOLED,,v,,1.0,228,29,,0.0,1.0,0.9684322882738223,0.5307017543859649,0.21052631578947367,False,,,,,,,,,,,
farmgate_pooled_by_rung,own_consumption_vs_crop_sale,native,all,all,all,POOLED,,District,,1.0,105,6,,0.1438410362258917,1.154700538379253,0.4054651081081637,0.2761904761904762,0.22857142857142856,False,,,,,,,,,,,
farmgate_pooled_by_rung,own_consumption_vs_crop_sale,native,all,all,all,POOLED,,Region,,1.0,98,13,,0.1823215567939531,1.1999999999999982,0.4444705801718297,0.37755102040816324,0.14285714285714285,False,,,,,,,,,,,
farmgate_pooled_by_rung,own_consumption_vs_crop_sale,native,all,all,all,POOLED,,national,,1.0,18,9,,-0.11550886489913995,0.8909126743510706,0.5743372418225903,0.3333333333333333,0.1111111111111111,False,,,,,,,,,,,
farmgate_pooled_by_rung,own_consumption_vs_crop_sale,native,all,all,all,POOLED,,v,,1.0,5,1,,-0.2876820724517817,0.7499999999999994,0.24531145822423459,0.2,0.0,False,,,,,,,,,,,
farmgate_pooled_by_rung_sized,market_vs_crop_sale,native,sized,all,all,POOLED,,District,,5.0,259,36,,0.4643056081310979,1.590909090909091,0.7487983254543478,0.5907335907335908,0.019305019305019305,False,,,,,,,,,,,
farmgate_pooled_by_rung_sized,market_vs_crop_sale,native,sized,all,all,POOLED,,Region,,7.0,130,44,,0.4640744975914064,1.590541457534101,0.6442118861909241,0.6230769230769231,0.023076923076923078,False,,,,,,,,,,,
farmgate_pooled_by_rung_sized,market_vs_crop_sale,native,sized,all,all,POOLED,,national,,6.0,92,43,,0.6268722093950534,1.8717469813683105,0.6323707818384414,0.75,0.021739130434782608,False,,,,,,,,,,,
farmgate_pooled_by_rung_sized,market_vs_crop_sale,native,sized,all,all,POOLED,,v,,4.0,88,23,,0.31319074212384224,1.3677823998673808,0.897713949309902,0.5227272727272727,0.06818181818181818,True,,,,,,,,,,,
farmgate_pooled_by_rung_sized,market_vs_crop_sale,kg,sized,all,all,POOLED,,District,,3.0,218,34,,0.5108256237659905,1.6666666666666663,0.7998679130332456,0.6055045871559633,0.03211009174311927,False,,,,,,,,,,,
farmgate_pooled_by_rung_sized,market_vs_crop_sale,kg,sized,all,all,POOLED,,Region,,3.0,141,35,,0.4299822754089675,1.5372302765288368,0.4487238220363373,0.5602836879432624,0.02127659574468085,False,,,,,,,,,,,
farmgate_pooled_by_rung_sized,market_vs_crop_sale,kg,sized,all,all,POOLED,,national,,3.0,73,33,,0.8588502972447518,2.360445322579082,0.5401691765062651,0.8356164383561644,0.0,False,,,,,,,,,,,
farmgate_pooled_by_rung_sized,market_vs_crop_sale,kg,sized,all,all,POOLED,,v,,3.0,129,20,,0.3409265869705931,1.4062499999999998,0.8851118851680001,0.5348837209302325,0.07751937984496124,True,,,,,,,,,,,
farmgate_pooled_by_rung_sized,market_vs_own_consumption,native,sized,all,all,POOLED,,District,,1.0,142,10,,0.1566887726932626,1.1696315359755394,0.2765037467682993,0.09859154929577464,0.2112676056338028,False,,,,,,,,,,,
farmgate_pooled_by_rung_sized,market_vs_own_consumption,native,sized,all,all,POOLED,,Region,,2.0,240,28,,0.11595618082343681,1.1229466644569819,0.2876820724517808,0.16666666666666666,0.2916666666666667,False,,,,,,,,,,,
farmgate_pooled_by_rung_sized,market_vs_own_consumption,native,sized,all,all,POOLED,,national,,2.0,42,20,,0.20273255405408142,1.224744871391588,0.8803304728176827,0.38095238095238093,0.09523809523809523,False,,,,,,,,,,,
farmgate_pooled_by_rung_sized,market_vs_own_consumption,native,sized,all,all,POOLED,,v,,1.0,128,18,,-0.139761921643108,0.8695652354191747,1.7513378347859725,0.7265625,0.015625,False,,,,,,,,,,,
farmgate_pooled_by_rung_sized,own_consumption_vs_crop_sale,native,sized,all,all,POOLED,,District,,1.0,59,3,,0.2994182505443525,1.349073756323205,0.6425161145320768,0.423728813559322,0.22033898305084745,True,,,,,,,,,,,
farmgate_pooled_by_rung_sized,own_consumption_vs_crop_sale,native,sized,all,all,POOLED,,Region,,1.0,43,8,,0.4307829160924541,1.5384615384615383,0.5508469776027591,0.5116279069767442,0.046511627906976744,False,,,,,,,,,,,
farmgate_pooled_by_rung_sized,own_consumption_vs_crop_sale,native,sized,all,all,POOLED,,national,,1.0,4,4,,0.3100279627354521,1.363463239760999,0.14170285273802302,0.25,0.0,True,,,,,,,,,,,
farmgate_by_pair,unit_value_vs_crop_sale_price,native,sized,all,same_good,POOLED,,,,7.0,253,57,154.0,0.4299822754089675,1.5372302765288368,0.472230804420426,0.5849802371541502,0.019762845849802372,False,-0.7211543312788169,0.26239093062203356,-0.12898858487188067,0.08883739365909751,0.9299937227187639,2.1361497516154366,108.0,145.0,,,
farmgate_by_pair_rung,unit_value_vs_crop_sale_price,native,sized,all,same_good,POOLED,,District,,4.0,131,22,,0.3768859011881904,1.4577379737113256,0.3792756450482424,0.5114503816793893,0.015267175572519083,True,,,,,,,,,,,
farmgate_by_pair_rung,unit_value_vs_crop_sale_price,native,sized,all,same_good,POOLED,,Region,,7.0,67,31,,0.458145365937078,1.5811388300841904,0.43264457961314573,0.6268656716417911,0.014925373134328358,False,,,,,,,,,,,
farmgate_by_pair_rung,unit_value_vs_crop_sale_price,native,sized,all,same_good,POOLED,,national,,5.0,51,32,,0.63755827936629,1.891855851621147,0.5008162086606356,0.7647058823529411,0.0196078431372549,False,,,,,,,,,,,
farmgate_by_pair_rung,unit_value_vs_crop_sale_price,native,sized,all,same_good,POOLED,,v,,1.0,4,1,,0.13674116759546615,1.1465313506452404,0.12415647162628556,0.0,0.25,False,,,,,,,,,,,
farmgate_by_pair,unit_value_vs_crop_sale_price,native,sized,all,all,POOLED,,,,7.0,365,69,204.0,0.5108256237659914,1.6666666666666679,0.6931471805599454,0.6712328767123288,0.019178082191780823,False,-1.0272117304238948,0.21744994104635038,-0.07126066099813151,0.08707049956622759,0.9096384467559154,2.752164100311701,129.0,236.0,,,
farmgate_by_pair_rung,unit_value_vs_crop_sale_price,native,sized,all,all,POOLED,,District,,4.0,199,30,,0.5108256237659905,1.6666666666666663,0.7843079589569228,0.6482412060301508,0.01507537688442211,False,,,,,,,,,,,
farmgate_by_pair_rung,unit_value_vs_crop_sale_price,native,sized,all,all,POOLED,,Region,,7.0,103,40,,0.4904146265058631,1.632993161855452,0.5909494442905083,0.6893203883495146,0.019417475728155338,False,,,,,,,,,,,
farmgate_by_pair_rung,unit_value_vs_crop_sale_price,native,sized,all,all,POOLED,,national,,5.0,59,38,,0.63755827936629,1.891855851621147,0.547519796949518,0.7627118644067796,0.01694915254237288,False,,,,,,,,,,,
farmgate_by_pair_rung,unit_value_vs_crop_sale_price,native,sized,all,all,POOLED,,v,,1.0,4,1,,0.13674116759546615,1.1465313506452404,0.12415647162628556,0.0,0.25,False,,,,,,,,,,,
pair_alone,unit_value_vs_crop_sale_price,native,all,all,all,POOLED,,,,7.0,501,79,,0.4187103348581851,1.52,0.6319354729535029,0.6007984031936128,0.04590818363273453,False,,,,,,,,,,,
farmgate_by_pair,community_price_vs_crop_sale_price,native,sized,all,same_good,POOLED,,,,6.0,167,43,129.0,0.2707325141380079,1.3109243697478994,0.6538660193083944,0.46107784431137727,0.04790419161676647,True,,,1.2272421999763026,0.3530301447663019,,,111.0,56.0,,,
farmgate_by_pair_rung,community_price_vs_crop_sale_price,native,sized,all,same_good,POOLED,,District,,4.0,50,16,,0.14067825683750063,1.1510542445677006,0.36144274927654363,0.32,0.04,False,,,,,,,,,,,
farmgate_by_pair_rung,community_price_vs_crop_sale_price,native,sized,all,same_good,POOLED,,Region,,4.0,22,12,,0.2665483893027494,1.3054507576589278,0.2748794016404702,0.3181818181818182,0.0,True,,,,,,,,,,,
farmgate_by_pair_rung,community_price_vs_crop_sale_price,native,sized,all,same_good,POOLED,,national,,4.0,30,22,,0.6406322393137913,1.897680288191474,0.9904493831537421,0.7,0.03333333333333333,False,,,,,,,,,,,
farmgate_by_pair_rung,community_price_vs_crop_sale_price,native,sized,all,same_good,POOLED,,v,,4.0,65,18,,0.2513144282809056,1.2857142857142851,0.771598037159519,0.5076923076923077,0.07692307692307693,False,,,,,,,,,,,
farmgate_by_pair,community_price_vs_crop_sale_price,native,sized,all,all,POOLED,,,,6.0,204,50,153.0,0.32534128758364633,1.3845030790687984,0.8543700357034081,0.5098039215686274,0.04411764705882353,True,-0.10921777583700405,0.00792612392978616,1.226676724912404,0.31975007129787475,0.9994615091143465,0.33870321596328357,129.0,75.0,,,
farmgate_by_pair_rung,community_price_vs_crop_sale_price,native,sized,all,all,POOLED,,District,,4.0,60,20,,0.20983242268450686,1.2334713408204756,0.5189410065880723,0.4,0.03333333333333333,False,,,,,,,,,,,
farmgate_by_pair_rung,community_price_vs_crop_sale_price,native,sized,all,all,POOLED,,Region,,4.0,27,14,,0.2761178403188999,1.3180031687902636,0.32817267258646554,0.37037037037037035,0.037037037037037035,True,,,,,,,,,,,
farmgate_by_pair_rung,community_price_vs_crop_sale_price,native,sized,all,all,POOLED,,national,,4.0,33,25,,0.6061358035703153,1.8333333333333328,0.9423487324436626,0.7272727272727273,0.030303030303030304,False,,,,,,,,,,,
farmgate_by_pair_rung,community_price_vs_crop_sale_price,native,sized,all,all,POOLED,,v,,4.0,84,23,,0.3765652572917697,1.4572706338563144,0.912729985430411,0.5476190476190477,0.05952380952380952,True,,,,,,,,,,,
pair_alone,community_price_vs_crop_sale_price,native,all,all,all,POOLED,,,,6.0,278,55,,0.2665483893027496,1.3054507576589283,0.6795277625752177,0.49280575539568344,0.05755395683453238,True,,,,,,,,,,,
farmgate_by_pair,unit_value_vs_own_consumption_valuation,native,sized,all,same_good,POOLED,,,,2.0,173,9,105.0,0.1783374719693657,1.1952286093343931,0.2876820724517808,0.15028901734104047,0.3063583815028902,False,0.04692538242339509,0.036847161542710255,-0.10141233541544517,0.05716911100513227,0.880849218509392,0.2012102777821146,68.0,105.0,,,
farmgate_by_pair_rung,unit_value_vs_own_consumption_valuation,native,sized,all,same_good,POOLED,,District,,1.0,70,4,,0.1823215567939549,1.2000000000000004,0.2792745979653159,0.18571428571428572,0.15714285714285714,False,,,,,,,,,,,
farmgate_by_pair_rung,unit_value_vs_own_consumption_valuation,native,sized,all,same_good,POOLED,,Region,,1.0,91,6,,0.0588915178281919,1.0606601717798214,0.2694982503663437,0.0989010989010989,0.43956043956043955,False,,,,,,,,,,,
farmgate_by_pair_rung,unit_value_vs_own_consumption_valuation,native,sized,all,same_good,POOLED,,national,,2.0,12,6,,0.155077464151919,1.1677484162422835,0.30395776690864756,0.3333333333333333,0.16666666666666666,False,,,,,,,,,,,
farmgate_by_pair,unit_value_vs_own_consumption_valuation,native,sized,all,all,POOLED,,,,2.0,374,21,147.0,0.154150679827258,1.1666666666666663,0.2876820724517808,0.11229946524064172,0.27807486631016043,False,0.10447250436843933,0.03246571258324632,-0.013845153236134361,0.023431260242778064,0.7055857212914384,0.19881109407801298,76.0,298.0,,,
farmgate_by_pair_rung,unit_value_vs_own_consumption_valuation,native,sized,all,all,POOLED,,District,,1.0,142,10,,0.1566887726932626,1.1696315359755394,0.2765037467682993,0.09859154929577464,0.2112676056338028,False,,,,,,,,,,,
farmgate_by_pair_rung,unit_value_vs_own_consumption_valuation,native,sized,all,all,POOLED,,Region,,2.0,205,16,,0.1177830356563838,1.1250000000000004,0.2876820724517808,0.11219512195121951,0.34146341463414637,False,,,,,,,,,,,
farmgate_by_pair_rung,unit_value_vs_own_consumption_valuation,native,sized,all,all,POOLED,,national,,2.0,27,11,,0.1335313926245227,1.142857142857143,0.2876820724517808,0.18518518518518517,0.14814814814814814,False,,,,,,,,,,,
pair_alone,unit_value_vs_own_consumption_valuation,native,all,all,all,POOLED,,,,2.0,1666,85,,0.0,1.0,0.2231435513142106,0.258703481392557,0.4027611044417767,False,,,,,,,,,,,
farmgate_by_pair,community_price_vs_own_consumption_valuation,native,sized,all,same_good,POOLED,,,,1.0,157,30,71.0,0.0408220168719971,1.0416666899497316,1.7935355460021056,0.6942675159235668,0.0,False,0.3622902636752439,0.3172941721638629,0.25000757919034666,0.18632226421242232,0.8115203956857298,1.0774584769903006,35.0,122.0,,,
farmgate_by_pair_rung,community_price_vs_own_consumption_valuation,native,sized,all,same_good,POOLED,,Region,,1.0,30,11,,0.07832690502268815,1.08147614087175,1.0148578754724813,0.4,0.0,False,,,,,,,,,,,
farmgate_by_pair_rung,community_price_vs_own_consumption_valuation,native,sized,all,same_good,POOLED,,national,,1.0,12,9,,0.9906964820269245,2.6931095216827763,0.5045004722275275,0.8333333333333334,0.0,False,,,,,,,,,,,
farmgate_by_pair_rung,community_price_vs_own_consumption_valuation,native,sized,all,same_good,POOLED,,v,,1.0,115,16,,-0.1823215965303836,0.8333333002196431,1.8263404738234117,0.7565217391304347,0.0,False,,,,,,,,,,,
farmgate_by_pair,community_price_vs_own_consumption_valuation,native,sized,all,all,POOLED,,,,1.0,178,36,76.0,0.04398867830380905,1.0449705239826699,1.7059900091340603,0.6797752808988764,0.011235955056179775,False,0.47286000964025254,0.2997085327439027,0.24206867798356604,0.1710818052070517,0.811558004238685,1.011996567713102,39.0,139.0,,,
farmgate_by_pair_rung,community_price_vs_own_consumption_valuation,native,sized,all,all,POOLED,,Region,,1.0,35,14,,0.1053605421487798,1.1111111405455043,1.0741772023324727,0.4857142857142857,0.0,False,,,,,,,,,,,
farmgate_by_pair_rung,community_price_vs_own_consumption_valuation,native,sized,all,all,POOLED,,national,,1.0,15,12,,0.939939089225688,2.5598254926276827,1.1001617228520322,0.7333333333333333,0.0,False,,,,,,,,,,,
farmgate_by_pair_rung,community_price_vs_own_consumption_valuation,native,sized,all,all,POOLED,,v,,1.0,128,18,,-0.139761921643108,0.8695652354191747,1.7513378347859725,0.7265625,0.015625,False,,,,,,,,,,,
pair_alone,community_price_vs_own_consumption_valuation,native,all,all,all,POOLED,,,,1.0,247,46,,0.0833816296711015,1.0869565442739682,1.1581256816153591,0.5910931174089069,0.048582995951417005,False,,,,,,,,,,,
farmgate_by_item,market_vs_crop_sale,native,sized,fresh produce,same_good,Ethiopia,,,Banana,1.0,4,1,,0.5948865335325435,1.8128252384140608,2.0476165854266233,1.0,0.0,False,,,,,,,,,,,
farmgate_by_item,market_vs_crop_sale,native,sized,staple grains & flours,processed,Ethiopia,,,Barley,1.0,10,1,,0.4623915088636773,1.587866845492353,0.24759943763156173,0.7,0.2,False,,,,,,,,,,,
farmgate_by_item,market_vs_crop_sale,native,sized,fresh produce,same_good,Ethiopia,,,Chat/Kat,1.0,5,1,,-0.2554128118829952,0.7745966692414835,1.2931766330623455,0.6,0.0,False,,,,,,,,,,,
farmgate_by_item,market_vs_crop_sale,native,sized,pulses & oilseeds,same_good,Ethiopia,,,Chick Pea,1.0,5,1,,0.1823215567939544,1.1999999999999997,0.39430380601805126,0.4,0.2,False,,,,,,,,,,,
farmgate_by_item,market_vs_crop_sale,native,sized,processed & beverages,processed,Ethiopia,,,Coffee,1.0,7,1,,1.8293197844621092,6.229647713819609,1.44724206953134,0.8571428571428571,0.0,False,,,,,,,,,,,
farmgate_by_item,market_vs_crop_sale,native,sized,pulses & oilseeds,same_good,Ethiopia,,,Field Pea,1.0,8,1,,0.3850541108480367,1.4696938456699067,0.10854417719997322,0.375,0.0,True,,,,,,,,,,,
farmgate_by_item,market_vs_crop_sale,native,sized,pulses & oilseeds,same_good,Ethiopia,,,Ground nuts,1.0,6,1,,0.29355016149806623,1.3411804533435976,0.28347674964082,0.3333333333333333,0.0,True,,,,,,,,,,,
farmgate_by_item,market_vs_crop_sale,native,sized,pulses & oilseeds,same_good,Ethiopia,,,Haricot Beans,1.0,8,1,,0.1335313926245225,1.1428571428571428,0.12387346167076685,0.0,0.0,False,,,,,,,,,,,
farmgate_by_item,market_vs_crop_sale,native,sized,pulses & oilseeds,same_good,Ethiopia,,,Horsebeans,1.0,8,1,,0.4892240503169768,1.631050115981926,0.29036803048518783,0.625,0.125,False,,,,,,,,,,,
farmgate_by_item,market_vs_crop_sale,native,sized,pulses & oilseeds,same_good,Ethiopia,,,Lentils,1.0,8,1,,0.6759926335678168,1.9659835089521922,0.24712623177049653,1.0,0.0,False,,,,,,,,,,,
farmgate_by_item,market_vs_crop_sale,native,sized,pulses & oilseeds,same_good,Ethiopia,,,Linseed,1.0,7,1,,0.0800427076735363,1.0833333333333333,0.16263113666520185,0.0,0.0,False,,,,,,,,,,,
farmgate_by_item,market_vs_crop_sale,native,sized,staple grains & flours,same_good,Ethiopia,,,Maize,1.0,13,1,,0.1478251210504788,1.1593101396951548,0.2776317365982796,0.07692307692307693,0.07692307692307693,False,,,,,,,,,,,
farmgate_by_item,market_vs_crop_sale,native,sized,staple grains & flours,same_good,Ethiopia,,,Millet,1.0,8,1,,0.12553372685713216,1.1337534062548669,0.10878592334420276,0.0,0.125,False,,,,,,,,,,,
farmgate_by_item,market_vs_crop_sale,native,sized,pulses & oilseeds,same_good,Ethiopia,,,Niger Seed,1.0,12,1,,0.15374234987398025,1.16619037896906,0.3074987859845418,0.16666666666666666,0.16666666666666666,False,,,,,,,,,,,
farmgate_by_item,market_vs_crop_sale,native,sized,staple grains & flours,same_good,Ethiopia,,,Sorghum,1.0,11,1,,0.1507415045677622,1.162696067610304,0.3999162662600933,0.09090909090909091,0.0,False,,,,,,,,,,,
farmgate_by_item,market_vs_crop_sale,native,sized,staple grains & flours,same_good,Ethiopia,,,Teff,1.0,20,1,,0.1972704512472798,1.2180734256398602,0.13752319542943453,0.1,0.0,False,,,,,,,,,,,
farmgate_by_item,market_vs_crop_sale,native,sized,staple grains & flours,processed,Ethiopia,,,Wheat,1.0,11,1,,0.1563778550019481,1.1692679333668563,0.2281942281435895,0.18181818181818182,0.09090909090909091,False,,,,,,,,,,,
farmgate_by_item,market_vs_crop_sale,native,sized,pulses & oilseeds,same_good,Malawi,,,Beans,1.0,13,1,,0.4054651081081637,1.499999999999999,0.2623642644674913,0.46153846153846156,0.07692307692307693,True,,,,,,,,,,,
farmgate_by_item,market_vs_crop_sale,native,sized,staple grains & flours,same_good,Malawi,,,Maize Grain (Not As Ufa),1.0,23,1,,0.1965212940548042,1.2171612389003699,0.7058907720560135,0.5217391304347826,0.08695652173913043,False,,,,,,,,,,,
farmgate_by_item,market_vs_crop_sale,native,sized,pulses & oilseeds,same_good,Malawi,,,Pigeon Pea (Nandolo),1.0,27,1,,0.4700036292457357,1.6,0.2992294180691246,0.6666666666666666,0.0,False,,,,,,,,,,,
farmgate_by_item,market_vs_crop_sale,native,sized,staple grains & flours,processed,Malawi,,,Rice,1.0,11,1,,0.9162907318741552,2.5000000000000004,0.9661497460035267,0.8181818181818182,0.0,False,,,,,,,,,,,
farmgate_by_item,market_vs_crop_sale,native,sized,pulses & oilseeds,same_good,Nigeria,,,Bambara nut,1.0,3,1,,0.9729550745276568,2.645751311064591,0.14384103622589028,1.0,0.0,False,,,,,,,,,,,
farmgate_by_item,market_vs_crop_sale,native,sized,fresh produce,same_good,Nigeria,,,Fresh Pepper,1.0,7,1,,0.5332984522992534,1.7045454079793259,0.6586507448164698,0.7142857142857143,0.14285714285714285,False,,,,,,,,,,,
farmgate_by_item,market_vs_crop_sale,native,sized,pulses & oilseeds,same_good,Nigeria,,,Groundnuts (shelled),1.0,3,1,,0.5108256237659909,1.6666666666666672,0.44696139247672995,1.0,0.0,False,,,,,,,,,,,
farmgate_by_item,market_vs_crop_sale,native,sized,pulses & oilseeds,same_good,Nigeria,,,Groundnuts (unshelled),1.0,4,1,,1.036871760282599,2.8203803740888307,1.286576311835363,0.75,0.0,False,,,,,,,,,,,
farmgate_by_item,market_vs_crop_sale,native,sized,staple grains & flours,same_good,Nigeria,,,Guinea corn/sorghum,1.0,18,1,,0.26949825036634323,1.309307341415954,0.28518023182836816,0.3333333333333333,0.05555555555555555,True,,,,,,,,,,,
farmgate_by_item,market_vs_crop_sale,native,sized,pulses & oilseeds,same_good,Nigeria,,,Kola nut,1.0,3,1,,2.420368128650429,11.249999999999996,0.49041462650586354,1.0,0.0,False,,,,,,,,,,,
farmgate_by_item,market_vs_crop_sale,native,sized,staple grains & flours,same_good,Nigeria,,,Maize,1.0,28,1,,0.3465735902799729,1.4142135623730954,0.6826541461288278,0.4642857142857143,0.0,True,,,,,,,,,,,
farmgate_by_item,market_vs_crop_sale,native,sized,staple grains & flours,same_good,Nigeria,,,Millet,1.0,12,1,,0.17833747196936667,1.1952286093343942,0.6181680280299148,0.3333333333333333,0.08333333333333333,False,,,,,,,,,,,
farmgate_by_item,market_vs_crop_sale,native,sized,fresh produce,same_good,Nigeria,,,Okra--fresh,1.0,5,1,,1.1394342831883653,3.1250000000000013,0.8958797346140273,0.8,0.0,False,,,,,,,,,,,
farmgate_by_item,market_vs_crop_sale,native,sized,fresh produce,same_good,Nigeria,,,Onions,1.0,4,1,,0.11848485237811256,1.125789820934296,0.24736897750217576,0.5,0.0,False,,,,,,,,,,,
farmgate_by_item,market_vs_crop_sale,native,sized,processed & beverages,processed,Nigeria,,,Palm oil,1.0,3,1,,0.4054651081081646,1.5000000000000002,0.5186998022500604,0.6666666666666666,0.0,False,,,,,,,,,,,
farmgate_by_item,market_vs_crop_sale,native,sized,roots & tubers,same_good,Nigeria,,,Plantains,1.0,3,1,,0.4890276630645003,1.6307298299820698,0.3801080529582449,0.6666666666666666,0.0,False,,,,,,,,,,,
farmgate_by_item,market_vs_crop_sale,native,sized,staple grains & flours,processed,Nigeria,,,Rice--local,1.0,23,1,,1.0986122886681096,2.9999999999999996,0.6314321610770632,1.0,0.0,False,,,,,,,,,,,
farmgate_by_item,market_vs_crop_sale,native,sized,pulses & oilseeds,same_good,Nigeria,,,Soya beans,1.0,6,1,,0.2714432971960838,1.3118564838065327,0.3201864657829628,0.5,0.0,True,,,,,,,,,,,
farmgate_by_item,market_vs_crop_sale,native,sized,fresh produce,same_good,Nigeria,,,Tomatoes,1.0,6,1,,0.5453220595094666,1.7251638983558857,0.5352492507427575,0.5,0.0,False,,,,,,,,,,,
farmgate_by_item,market_vs_crop_sale,native,sized,roots & tubers,same_good,Nigeria,,,Yam--roots,1.0,19,1,,0.4888467170472159,1.6304347826086965,0.8909367906566319,0.6842105263157895,0.0,False,,,,,,,,,,,
farmgate_by_item,market_vs_crop_sale,native,sized,roots & tubers,same_good,Tanzania,,,Cassava Fresh,1.0,4,1,,0.49519935201393883,1.6408253082847346,0.3464258309554622,0.75,0.25,False,,,,,,,,,,,
farmgate_by_item,market_vs_crop_sale,native,sized,fresh produce,same_good,Tanzania,,,Citrus Fruits,1.0,3,1,,1.8634637608757332,6.446025638903101,0.35201396322535006,1.0,0.0,False,,,,,,,,,,,
farmgate_by_item,market_vs_crop_sale,native,sized,pulses & oilseeds,same_good,Tanzania,,,Coconuts,1.0,3,1,,0.6994727393367244,2.0126912147485325,3.457861724315657,1.0,0.0,False,,,,,,,,,,,
farmgate_by_item,market_vs_crop_sale,native,sized,pulses & oilseeds,processed,Tanzania,,,Groundnuts,1.0,4,1,,1.2088777510433486,3.3497233188677193,0.3498897761427531,1.0,0.0,False,,,,,,,,,,,
farmgate_by_item,market_vs_crop_sale,native,sized,staple grains & flours,same_good,Tanzania,,,Maize (grain),1.0,6,1,,0.16772775977826623,1.182614611555172,0.8478440906478473,0.3333333333333333,0.0,False,,,,,,,,,,,
farmgate_by_item,market_vs_crop_sale,native,sized,fresh produce,same_good,Tanzania,,,Other Fruits,1.0,3,1,,1.8971199848858813,6.666666666666667,0.4396890603823693,1.0,0.0,False,,,,,,,,,,,
farmgate_by_item,market_vs_crop_sale,native,sized,pulses & oilseeds,same_good,Tanzania,,,Pulses,1.0,8,1,,0.5618972613591069,1.7539971364379263,0.16789035703117916,0.875,0.0,False,,,,,,,,,,,
farmgate_by_item,market_vs_crop_sale,native,sized,fresh produce,same_good,Tanzania,,,Ripe Bananas,1.0,3,1,,0.7419373447293776,2.1000000000000005,0.7207305509356798,1.0,0.0,False,,,,,,,,,,,
farmgate_by_item,market_vs_crop_sale,native,sized,roots & tubers,same_good,Tanzania,,,Sweet Potatoes,1.0,4,1,,1.0650824249240904,2.9010780953469233,1.3654912023564025,1.0,0.0,False,,,,,,,,,,,
farmgate_by_item,market_vs_crop_sale,native,sized,fresh produce,same_good,Tanzania,,,Vegetables (fresh),1.0,4,1,,1.0018669711007373,2.7233615224218783,0.10482725928654868,1.0,0.0,False,,,,,,,,,,,
farmgate_by_item,market_vs_crop_sale,native,sized,pulses & oilseeds,same_good,Uganda,,,Beans,1.0,22,1,,0.41159840473913256,1.509228215710232,0.32916827334070997,0.5909090909090909,0.0,False,,,,,,,,,,,
farmgate_by_item,market_vs_crop_sale,native,sized,roots & tubers,processed,Uganda,,,Cassava,1.0,3,1,,0.6931471805599454,2.0,0.11351682248684503,1.0,0.0,False,,,,,,,,,,,
farmgate_by_item,market_vs_crop_sale,native,sized,pulses & oilseeds,processed,Uganda,,,Ground Nuts,1.0,10,1,,0.729692808104466,2.074443257628262,0.7829661119696427,0.8,0.0,False,,,,,,,,,,,
farmgate_by_item,market_vs_crop_sale,native,sized,staple grains & flours,processed,Uganda,,,Maize,1.0,42,1,,1.203972804325936,3.333333333333333,0.2679403584634259,1.0,0.0,False,,,,,,,,,,,
farmgate_by_item,market_vs_crop_sale,native,sized,staple grains & flours,processed,Uganda,,,Millet,1.0,11,1,,0.5594074979928143,1.7496355305594125,0.2876820724517808,0.9090909090909091,0.0,False,,,,,,,,,,,
farmgate_by_item,market_vs_crop_sale,native,sized,staple grains & flours,processed,Uganda,,,Rice,1.0,7,1,,0.633515470146536,1.8842228790639823,0.5595116429641185,0.5714285714285714,0.0,False,,,,,,,,,,,
farmgate_by_item,market_vs_crop_sale,native,sized,pulses & oilseeds,processed,Uganda,,,Sim Sim,1.0,3,1,,0.3285040669720374,1.3888888888888906,0.058891517828191464,0.0,0.0,True,,,,,,,,,,,
farmgate_by_item,market_vs_crop_sale,native,sized,staple grains & flours,same_good,Uganda,,,Sorghum,1.0,9,1,,0.458145365937078,1.5811388300841904,0.6443570163905132,0.8888888888888888,0.0,False,,,,,,,,,,,
farmgate_by_item,market_vs_crop_sale,native,sized,processed & beverages,processed,Uganda,,,Tea,1.0,3,1,,2.436116478167988,11.42857134342194,0.2907877024514205,1.0,0.0,False,,,,,,,,,,,
farmgate_by_item,market_vs_own_consumption,native,sized,roots & tubers,processed,GhanaLSS,,,Cassava (dough),1.0,3,1,,0.5108255840295617,1.6666666004392863,0.8424741659926805,1.0,0.0,False,,,,,,,,,,,
farmgate_by_item,market_vs_own_consumption,native,sized,roots & tubers,same_good,GhanaLSS,,,Cassava (fresh),1.0,27,1,,-0.97455967598584,0.37735847698577035,1.854053456825398,0.7777777777777778,0.0,False,,,,,,,,,,,
farmgate_by_item,market_vs_own_consumption,native,sized,animal products,same_good,GhanaLSS,,,Chicken,1.0,15,1,,0.5447271754416718,1.7241379310344824,0.8980552823218706,0.6,0.0,False,,,,,,,,,,,
farmgate_by_item,market_vs_own_consumption,native,sized,animal products,same_good,GhanaLSS,,,Chicken (live),1.0,5,1,,-0.1115717756571053,0.8944271909999155,0.1728501082901467,0.2,0.0,False,,,,,,,,,,,
farmgate_by_item,market_vs_own_consumption,native,sized,roots & tubers,same_good,GhanaLSS,,,Cocoyam,1.0,7,1,,-0.5306282791114145,0.5882352776180919,0.7619875173284436,0.5714285714285714,0.0,False,,,,,,,,,,,
farmgate_by_item,market_vs_own_consumption,native,sized,fresh produce,same_good,GhanaLSS,,,Eggplant,1.0,3,1,,1.0498221415285762,2.8571429057997104,0.40546508741210685,1.0,0.0,False,,,,,,,,,,,
farmgate_by_item,market_vs_own_consumption,native,sized,animal products,same_good,GhanaLSS,,,Goat,1.0,4,1,,0.0527057667315422,1.0541194424767204,0.7251716945271562,0.5,0.0,False,,,,,,,,,,,
farmgate_by_item,market_vs_own_consumption,native,sized,staple grains & flours,processed,GhanaLSS,,,Maize (flour/dough),1.0,12,1,,-0.069880960821554,0.9325048179066823,0.9284882503873763,0.4166666666666667,0.16666666666666666,False,,,,,,,,,,,
farmgate_by_item,market_vs_own_consumption,native,sized,processed & beverages,processed,GhanaLSS,,,Oil (palm),1.0,4,1,,0.9808292530117264,2.666666666666667,0.1854843116427337,0.75,0.0,False,,,,,,,,,,,
farmgate_by_item,market_vs_own_consumption,native,sized,fresh produce,same_good,GhanaLSS,,,Okra,1.0,5,1,,2.120263558551833,8.33333351959785,3.0365542755248276,0.8,0.0,False,,,,,,,,,,,
farmgate_by_item,market_vs_own_consumption,native,sized,animal products,same_good,GhanaLSS,,,Other Meat,1.0,7,1,,1.3470736330654485,3.8461537888416895,1.3703636635032599,0.7142857142857143,0.0,False,,,,,,,,,,,
farmgate_by_item,market_vs_own_consumption,native,sized,pulses & oilseeds,same_good,GhanaLSS,,,Palm Nut,1.0,9,1,,-0.0487901187563682,0.9523809956314903,0.5533852738179982,0.5555555555555556,0.0,False,,,,,,,,,,,
farmgate_by_item,market_vs_own_consumption,native,sized,fresh produce,same_good,GhanaLSS,,,Pepper,1.0,12,1,,1.7532789213411957,5.773502534171122,0.9475353998685709,0.9166666666666666,0.0,False,,,,,,,,,,,
farmgate_by_item,market_vs_own_consumption,native,sized,roots & tubers,same_good,GhanaLSS,,,Plantain,1.0,23,1,,-0.4700036441468966,0.6249999906867744,0.7599129052553706,0.6521739130434783,0.0,False,,,,,,,,,,,
farmgate_by_item,market_vs_own_consumption,native,sized,fresh produce,same_good,GhanaLSS,,,Tomato (fresh),1.0,3,1,,0.6931471805599453,2.0,0.9162907244235745,0.6666666666666666,0.0,False,,,,,,,,,,,
farmgate_by_item,market_vs_own_consumption,native,sized,roots & tubers,same_good,GhanaLSS,,,Yam,1.0,13,1,,-0.932164066011952,0.39370079331436747,1.3058824909433615,0.6923076923076923,0.0,False,,,,,,,,,,,
farmgate_by_item,market_vs_own_consumption,native,sized,pulses & oilseeds,same_good,Uganda,,,Beans,1.0,68,1,,0.1823215567939549,1.2000000000000004,0.29533365797277966,0.20588235294117646,0.14705882352941177,False,,,,,,,,,,,
farmgate_by_item,market_vs_own_consumption,native,sized,roots & tubers,processed,Uganda,,,Cassava,1.0,6,1,,0.0,1.0,0.2561613167649166,0.0,0.3333333333333333,False,,,,,,,,,,,
farmgate_by_item,market_vs_own_consumption,native,sized,roots & tubers,processed,Uganda,,,Cassava (flour),1.0,31,1,,0.0448060793448439,1.0458250331675947,0.27924035683407666,0.12903225806451613,0.2903225806451613,False,,,,,,,,,,,
farmgate_by_item,market_vs_own_consumption,native,sized,animal products,processed,Uganda,,,Ghee,1.0,8,1,,0.1579264747092379,1.171080087538239,0.14029110749861398,0.125,0.125,False,,,,,,,,,,,
farmgate_by_item,market_vs_own_consumption,native,sized,animal products,same_good,Uganda,,,Goat,1.0,6,1,,0.0344964357434758,1.0350983390135313,0.11312324650415159,0.0,0.3333333333333333,False,,,,,,,,,,,
farmgate_by_item,market_vs_own_consumption,native,sized,pulses & oilseeds,processed,Uganda,,,Ground Nuts,1.0,38,1,,0.0778496497672742,1.0809601238456275,0.1823215567939549,0.07894736842105263,0.23684210526315788,False,,,,,,,,,,,
farmgate_by_item,market_vs_own_consumption,native,sized,staple grains & flours,processed,Uganda,,,Maize,1.0,61,1,,0.154150679827258,1.1666666666666663,0.2554128118829952,0.04918032786885246,0.22950819672131148,False,,,,,,,,,,,
farmgate_by_item,market_vs_own_consumption,native,sized,animal products,same_good,Uganda,,,Milk (fresh),1.0,53,1,,0.0,1.0,0.2231435513142097,0.05660377358490566,0.5094339622641509,False,,,,,,,,,,,
farmgate_by_item,market_vs_own_consumption,native,sized,staple grains & flours,processed,Uganda,,,Millet,1.0,30,1,,0.20273255405408186,1.2247448713915887,0.2796147573095846,0.13333333333333333,0.3,False,,,,,,,,,,,
farmgate_by_item,market_vs_own_consumption,native,sized,pulses & oilseeds,same_good,Uganda,,,Peas,1.0,17,1,,0.2876820724517808,1.3333333333333333,0.3566749439387324,0.23529411764705882,0.17647058823529413,True,,,,,,,,,,,
farmgate_by_item,market_vs_own_consumption,native,sized,staple grains & flours,processed,Uganda,,,Rice,1.0,11,1,,0.1627112002173127,1.1766968108291027,0.15960557021767402,0.0,0.18181818181818182,False,,,,,,,,,,,
farmgate_by_item,market_vs_own_consumption,native,sized,pulses & oilseeds,processed,Uganda,,,Sim Sim,1.0,11,1,,0.2231435513142097,1.25,0.22314355131421015,0.0,0.18181818181818182,False,,,,,,,,,,,
farmgate_by_item,market_vs_own_consumption,native,sized,staple grains & flours,same_good,Uganda,,,Sorghum,1.0,24,1,,0.0526802578289129,1.0540925533894596,0.24593376578166978,0.125,0.4583333333333333,False,,,,,,,,,,,
farmgate_by_item,own_consumption_vs_crop_sale,native,sized,pulses & oilseeds,same_good,Uganda,,,Beans,1.0,40,1,,0.17426526997027064,1.1903712936996393,0.3021024199842241,0.15,0.325,False,,,,,,,,,,,
farmgate_by_item,own_consumption_vs_crop_sale,native,sized,roots & tubers,processed,Uganda,,,Cassava,1.0,3,1,,0.7731898882334818,2.1666666666666665,0.27066898734243905,0.6666666666666666,0.0,False,,,,,,,,,,,
farmgate_by_item,own_consumption_vs_crop_sale,native,sized,pulses & oilseeds,processed,Uganda,,,Ground Nuts,1.0,11,1,,0.6342556627317535,1.8856180831641265,0.9016377562571729,0.5454545454545454,0.09090909090909091,False,,,,,,,,,,,
farmgate_by_item,own_consumption_vs_crop_sale,native,sized,staple grains & flours,processed,Uganda,,,Maize,1.0,23,1,,1.0074515102711326,2.738612787525831,0.27980789396771133,1.0,0.0,False,,,,,,,,,,,
farmgate_by_item,own_consumption_vs_crop_sale,native,sized,staple grains & flours,processed,Uganda,,,Millet,1.0,11,1,,0.3566749439387324,1.4285714285714286,0.19498046078609968,0.36363636363636365,0.09090909090909091,True,,,,,,,,,,,
farmgate_by_item,own_consumption_vs_crop_sale,native,sized,staple grains & flours,processed,Uganda,,,Rice,1.0,5,1,,0.1686459357371292,1.1837009585126115,0.0769610411361291,0.2,0.0,False,,,,,,,,,,,
farmgate_by_item,own_consumption_vs_crop_sale,native,sized,staple grains & flours,same_good,Uganda,,,Sorghum,1.0,11,1,,0.4337502838523619,1.5430334996209196,0.2817529407974515,0.5454545454545454,0.0,False,,,,,,,,,,,
market_identity_preferred_basis,1_vs_5,native,preferred,all,all,Ethiopia,2011-12,all,,,654,23,,0.0,1.0,0.21836643601071248,0.18960244648318042,0.3058103975535168,,,,0.0374813339537814,0.0321551488115472,,,,,,,
market_identity_preferred_basis,1_vs_5,native,preferred,all,all,Ethiopia,2013-14,all,,,1023,22,,0.0,1.0,0.2571713099312772,0.1798631476050831,0.25806451612903225,,,,0.0600938076497624,0.0287981214028605,,,,,,,
market_identity_preferred_basis,1_vs_5,native,preferred,all,all,Ethiopia,2015-16,all,,,787,44,,0.0,1.0,0.24797366551887054,0.22236340533672172,0.28716645489199494,,,,-0.0130801435855499,0.0305060902134065,,,,,,,
market_identity_preferred_basis,1_vs_5,native,preferred,all,all,Ethiopia,2018-19,all,,,3113,42,,0.0,1.0,0.32393541784515467,0.22550594282043046,0.20366206231930614,,,,0.0262761895156993,0.0353248560371499,,,,,,,
market_identity_preferred_basis,1_vs_5,native,preferred,all,all,Ethiopia,2021-22,all,,,2729,43,,0.0,1.0,0.2876820724517802,0.1956760718211799,0.2169292781238549,,,,-0.0236396941323244,0.020615215446593,,,,,,,
market_identity_preferred_basis,1_vs_5,native,preferred,all,all,GhanaLSS,2016-17,all,,,516,105,,0.0,1.0,0.5069726924394736,0.3682170542635659,0.22674418604651161,,,,-0.167385134332216,0.0446154300090045,,,,,,,
market_identity_preferred_basis,1_vs_5,native,preferred,all,all,Malawi,2010-11,all,,,837,19,,0.0,1.0,0.1251631429540065,0.16726403823178015,0.2927120669056153,,,,-0.0454153064932546,0.0145528639248769,,,,,,,
market_identity_preferred_basis,1_vs_5,native,preferred,all,all,Malawi,2013-14,all,,,1,1,,-0.0911607783969774,0.9128709291752768,0.0,0.0,0.0,,,,,,,,,,,,
market_identity_preferred_basis,1_vs_5,native,preferred,all,all,Malawi,2019-20,all,,,1156,18,,0.0,1.0,0.2231435513142097,0.24480968858131488,0.3944636678200692,,,,-0.0078624003367076,0.0154682699692798,,,,,,,
market_identity_preferred_basis,1_vs_5,native_sized,preferred,all,all,Mali,2014-15,all,,,202,34,,-0.05975806982231365,0.9419924024082585,0.31685958697302496,0.25742574257425743,0.2079207920792079,,,,-0.0689510774189851,0.0954486398572078,,,,,,,
market_identity_preferred_basis,1_vs_5,native_ex_misscaled,preferred,all,all,Nigeria,2011Q1,all,,,346,39,,0.026801491864243798,1.0271638821368483,0.8479385689646006,0.4797687861271676,0.05491329479768786,,,,-0.1187565565089852,0.0646723757641298,,,,,,,
market_identity_preferred_basis,1_vs_5,native_ex_misscaled,preferred,all,all,Nigeria,2013Q1,all,,,177,32,,0.0512932943875501,1.052631578947368,0.506419469585456,0.3615819209039548,0.07344632768361582,,,,-0.1632858585028894,0.0918533253676536,,,,,,,
market_identity_preferred_basis,1_vs_5,native_ex_misscaled,preferred,all,all,Nigeria,2016Q1,all,,,124,37,,0.0,1.0,0.27402942651070833,0.1935483870967742,0.22580645161290322,,,,-0.0952513403980589,0.0679037564527928,,,,,,,
market_identity_preferred_basis,1_vs_5,native_ex_misscaled,preferred,all,all,Nigeria,2019Q1,all,,,108,22,,-0.0568994754158973,0.9446890290653044,0.22610811714137413,0.12037037037037036,0.25925925925925924,,,,0.0012698012097854,0.03573420337868,,,,,,,
market_identity_preferred_basis,1_vs_5,kg,preferred,all,all,Tanzania,2019-20,all,,,131,32,,0.0,1.0,0.32791563512438004,0.2595419847328244,0.15267175572519084,,,,-0.0459584243969527,0.0544569408169607,,,,,,,
market_identity_preferred_basis,1_vs_5,kg,preferred,all,all,Tanzania,2020-21,all,,,96,31,,0.0,1.0,0.1504428787003301,0.10416666666666667,0.21875,,,,-0.0841396484083935,0.0234616100179065,,,,,,,
